2026-07-17 10:07:14,438 - pyiron_log - INFO - run job: calc_potential id: None, status: initialized
2026-07-17 10:07:14,737 - pyiron_log - INFO - run job: calc_potential id: 294, status: created
2026-07-17 10:11:08,786 - pyiron_log - INFO - run job: calc_potential id: None, status: initialized
2026-07-17 10:11:08,964 - pyiron_log - INFO - run job: calc_potential id: 294, status: created
2026-07-17 10:11:22,858 - pyiron_log - INFO - run job: murn_job id: None, status: initialized
2026-07-17 10:11:23,112 - pyiron_log - INFO - run job: murn_job id: 295, status: created
2026-07-17 10:11:23,116 - pyiron_log - INFO - job: murn_job id: 295 run parallel master (modal)
2026-07-17 10:11:23,715 - pyiron_log - INFO - murn_job: run job murn_job_0_9
2026-07-17 10:11:23,719 - pyiron_log - INFO - run job: murn_job_0_9 id: None, status: initialized
2026-07-17 10:11:23,852 - pyiron_log - INFO - run job: murn_job_0_9 id: 296, status: created
2026-07-17 10:11:33,083 - pyiron_log - INFO - murn_job: finished job murn_job_0_9
2026-07-17 10:11:33,626 - pyiron_log - INFO - murn_job: run job murn_job_0_92
2026-07-17 10:11:33,631 - pyiron_log - INFO - run job: murn_job_0_92 id: None, status: initialized
2026-07-17 10:11:33,856 - pyiron_log - INFO - run job: murn_job_0_92 id: 297, status: created
2026-07-17 10:11:43,866 - pyiron_log - INFO - murn_job: finished job murn_job_0_92
2026-07-17 10:11:44,208 - pyiron_log - INFO - murn_job: run job murn_job_0_94
2026-07-17 10:11:44,212 - pyiron_log - INFO - run job: murn_job_0_94 id: None, status: initialized
2026-07-17 10:11:44,374 - pyiron_log - INFO - run job: murn_job_0_94 id: 298, status: created
2026-07-17 10:11:54,250 - pyiron_log - INFO - murn_job: finished job murn_job_0_94
2026-07-17 10:11:54,663 - pyiron_log - INFO - murn_job: run job murn_job_0_96
2026-07-17 10:11:54,667 - pyiron_log - INFO - run job: murn_job_0_96 id: None, status: initialized
2026-07-17 10:11:54,801 - pyiron_log - INFO - run job: murn_job_0_96 id: 299, status: created
2026-07-17 10:12:02,959 - pyiron_log - INFO - murn_job: finished job murn_job_0_96
2026-07-17 10:12:03,297 - pyiron_log - INFO - murn_job: run job murn_job_0_98
2026-07-17 10:12:03,302 - pyiron_log - INFO - run job: murn_job_0_98 id: None, status: initialized
2026-07-17 10:12:03,437 - pyiron_log - INFO - run job: murn_job_0_98 id: 300, status: created
2026-07-17 10:12:18,572 - pyiron_log - INFO - murn_job: finished job murn_job_0_98
2026-07-17 10:12:18,963 - pyiron_log - INFO - murn_job: run job murn_job_1_0
2026-07-17 10:12:18,968 - pyiron_log - INFO - run job: murn_job_1_0 id: None, status: initialized
2026-07-17 10:12:19,144 - pyiron_log - INFO - run job: murn_job_1_0 id: 301, status: created
2026-07-17 10:12:32,722 - pyiron_log - INFO - murn_job: finished job murn_job_1_0
2026-07-17 10:12:33,399 - pyiron_log - INFO - murn_job: run job murn_job_1_02
2026-07-17 10:12:33,405 - pyiron_log - INFO - run job: murn_job_1_02 id: None, status: initialized
2026-07-17 10:12:33,662 - pyiron_log - INFO - run job: murn_job_1_02 id: 302, status: created
2026-07-17 10:12:44,387 - pyiron_log - INFO - murn_job: finished job murn_job_1_02
2026-07-17 10:12:44,796 - pyiron_log - INFO - murn_job: run job murn_job_1_04
2026-07-17 10:12:44,801 - pyiron_log - INFO - run job: murn_job_1_04 id: None, status: initialized
2026-07-17 10:12:44,990 - pyiron_log - INFO - run job: murn_job_1_04 id: 303, status: created
2026-07-17 10:12:52,432 - pyiron_log - INFO - Job 303 intercept signal 2, job is shutting down
2026-07-17 10:14:03,955 - pyiron_log - INFO - run job: calc_potential id: None, status: initialized
2026-07-17 10:14:04,302 - pyiron_log - INFO - run job: calc_potential id: 304, status: created
2026-07-17 10:14:22,362 - pyiron_log - INFO - run job: murn_job id: None, status: initialized
2026-07-17 10:14:22,759 - pyiron_log - INFO - run job: murn_job id: 305, status: created
2026-07-17 10:14:22,763 - pyiron_log - INFO - job: murn_job id: 305 run parallel master (modal)
2026-07-17 10:14:23,563 - pyiron_log - INFO - murn_job: run job murn_job_0_9
2026-07-17 10:14:23,568 - pyiron_log - INFO - run job: murn_job_0_9 id: None, status: initialized
2026-07-17 10:14:23,857 - pyiron_log - INFO - run job: murn_job_0_9 id: 306, status: created
2026-07-17 10:14:34,767 - pyiron_log - INFO - murn_job: finished job murn_job_0_9
2026-07-17 10:14:35,127 - pyiron_log - INFO - murn_job: run job murn_job_0_92
2026-07-17 10:14:35,132 - pyiron_log - INFO - run job: murn_job_0_92 id: None, status: initialized
2026-07-17 10:14:35,278 - pyiron_log - INFO - run job: murn_job_0_92 id: 307, status: created
2026-07-17 10:14:45,048 - pyiron_log - INFO - murn_job: finished job murn_job_0_92
2026-07-17 10:14:45,460 - pyiron_log - INFO - murn_job: run job murn_job_0_94
2026-07-17 10:14:45,465 - pyiron_log - INFO - run job: murn_job_0_94 id: None, status: initialized
2026-07-17 10:14:45,648 - pyiron_log - INFO - run job: murn_job_0_94 id: 308, status: created
2026-07-17 10:14:56,967 - pyiron_log - INFO - murn_job: finished job murn_job_0_94
2026-07-17 10:14:57,330 - pyiron_log - INFO - murn_job: run job murn_job_0_96
2026-07-17 10:14:57,334 - pyiron_log - INFO - run job: murn_job_0_96 id: None, status: initialized
2026-07-17 10:14:57,477 - pyiron_log - INFO - run job: murn_job_0_96 id: 309, status: created
2026-07-17 10:15:07,225 - pyiron_log - INFO - murn_job: finished job murn_job_0_96
2026-07-17 10:15:07,648 - pyiron_log - INFO - murn_job: run job murn_job_0_98
2026-07-17 10:15:07,652 - pyiron_log - INFO - run job: murn_job_0_98 id: None, status: initialized
2026-07-17 10:15:07,813 - pyiron_log - INFO - run job: murn_job_0_98 id: 310, status: created
2026-07-17 10:15:22,418 - pyiron_log - INFO - murn_job: finished job murn_job_0_98
2026-07-17 10:15:22,953 - pyiron_log - INFO - murn_job: run job murn_job_1_0
2026-07-17 10:15:22,959 - pyiron_log - INFO - run job: murn_job_1_0 id: None, status: initialized
2026-07-17 10:15:23,144 - pyiron_log - INFO - run job: murn_job_1_0 id: 311, status: created
2026-07-17 10:15:34,428 - pyiron_log - INFO - murn_job: finished job murn_job_1_0
2026-07-17 10:15:34,839 - pyiron_log - INFO - murn_job: run job murn_job_1_02
2026-07-17 10:15:34,844 - pyiron_log - INFO - run job: murn_job_1_02 id: None, status: initialized
2026-07-17 10:15:35,015 - pyiron_log - INFO - run job: murn_job_1_02 id: 312, status: created
2026-07-17 10:15:45,618 - pyiron_log - INFO - murn_job: finished job murn_job_1_02
2026-07-17 10:15:45,994 - pyiron_log - INFO - murn_job: run job murn_job_1_04
2026-07-17 10:15:45,998 - pyiron_log - INFO - run job: murn_job_1_04 id: None, status: initialized
2026-07-17 10:15:46,160 - pyiron_log - INFO - run job: murn_job_1_04 id: 313, status: created
2026-07-17 10:15:55,491 - pyiron_log - INFO - murn_job: finished job murn_job_1_04
2026-07-17 10:15:55,877 - pyiron_log - INFO - murn_job: run job murn_job_1_06
2026-07-17 10:15:55,882 - pyiron_log - INFO - run job: murn_job_1_06 id: None, status: initialized
2026-07-17 10:15:56,022 - pyiron_log - INFO - run job: murn_job_1_06 id: 314, status: created
2026-07-17 10:16:05,161 - pyiron_log - INFO - murn_job: finished job murn_job_1_06
2026-07-17 10:16:05,490 - pyiron_log - INFO - murn_job: run job murn_job_1_08
2026-07-17 10:16:05,494 - pyiron_log - INFO - run job: murn_job_1_08 id: None, status: initialized
2026-07-17 10:16:05,622 - pyiron_log - INFO - run job: murn_job_1_08 id: 315, status: created
2026-07-17 10:16:14,146 - pyiron_log - INFO - murn_job: finished job murn_job_1_08
2026-07-17 10:16:14,560 - pyiron_log - INFO - murn_job: run job murn_job_1_1
2026-07-17 10:16:14,566 - pyiron_log - INFO - run job: murn_job_1_1 id: None, status: initialized
2026-07-17 10:16:14,727 - pyiron_log - INFO - run job: murn_job_1_1 id: 316, status: created
2026-07-17 10:16:24,251 - pyiron_log - INFO - murn_job: finished job murn_job_1_1
2026-07-17 10:16:24,260 - pyiron_log - INFO - run job: murn_job id: 305, status: collect
2026-07-17 10:16:24,264 - pyiron_log - INFO - job: murn_job id: 305, status: collect, finished
2026-07-17 10:16:25,418 - pyiron_log - INFO - job: murn_job id: 305, status: finished, parallel master
2026-07-17 10:16:25,420 - pyiron_log - INFO - update master: None 305 modal
2026-07-17 10:28:56,111 - pyiron_log - INFO - run job: calc_potential id: None, status: initialized
2026-07-17 10:28:56,468 - pyiron_log - INFO - run job: calc_potential id: 317, status: created
2026-07-17 10:29:20,429 - pyiron_log - INFO - run job: murn_job id: None, status: initialized
2026-07-17 10:29:21,066 - pyiron_log - INFO - run job: murn_job id: 318, status: created
2026-07-17 10:29:21,070 - pyiron_log - INFO - job: murn_job id: 318 run parallel master (modal)
2026-07-17 10:29:21,872 - pyiron_log - INFO - murn_job: run job murn_job_0_9
2026-07-17 10:29:21,877 - pyiron_log - INFO - run job: murn_job_0_9 id: None, status: initialized
2026-07-17 10:29:22,059 - pyiron_log - INFO - run job: murn_job_0_9 id: 319, status: created
2026-07-17 10:29:35,853 - pyiron_log - INFO - murn_job: finished job murn_job_0_9
2026-07-17 10:29:36,286 - pyiron_log - INFO - murn_job: run job murn_job_0_92
2026-07-17 10:29:36,292 - pyiron_log - INFO - run job: murn_job_0_92 id: None, status: initialized
2026-07-17 10:29:36,473 - pyiron_log - INFO - run job: murn_job_0_92 id: 320, status: created
2026-07-17 10:29:50,496 - pyiron_log - INFO - murn_job: finished job murn_job_0_92
2026-07-17 10:29:51,065 - pyiron_log - INFO - murn_job: run job murn_job_0_94
2026-07-17 10:29:51,070 - pyiron_log - INFO - run job: murn_job_0_94 id: None, status: initialized
2026-07-17 10:29:51,216 - pyiron_log - INFO - run job: murn_job_0_94 id: 321, status: created
2026-07-17 10:30:03,749 - pyiron_log - INFO - murn_job: finished job murn_job_0_94
2026-07-17 10:30:04,356 - pyiron_log - INFO - murn_job: run job murn_job_0_96
2026-07-17 10:30:04,363 - pyiron_log - INFO - run job: murn_job_0_96 id: None, status: initialized
2026-07-17 10:30:04,536 - pyiron_log - INFO - run job: murn_job_0_96 id: 322, status: created
2026-07-17 10:30:18,158 - pyiron_log - INFO - murn_job: finished job murn_job_0_96
2026-07-17 10:30:18,808 - pyiron_log - INFO - murn_job: run job murn_job_0_98
2026-07-17 10:30:18,813 - pyiron_log - INFO - run job: murn_job_0_98 id: None, status: initialized
2026-07-17 10:30:19,018 - pyiron_log - INFO - run job: murn_job_0_98 id: 323, status: created
2026-07-17 10:30:24,603 - pyiron_log - INFO - Job 323 intercept signal 2, job is shutting down
2026-07-17 10:30:39,791 - pyiron_log - INFO - run job: calc_potential id: None, status: initialized
2026-07-17 10:30:40,000 - pyiron_log - INFO - run job: calc_potential id: 324, status: created
2026-07-17 10:31:00,083 - pyiron_log - INFO - run job: murn_job id: None, status: initialized
2026-07-17 10:31:00,405 - pyiron_log - INFO - run job: murn_job id: 325, status: created
2026-07-17 10:31:00,409 - pyiron_log - INFO - job: murn_job id: 325 run parallel master (modal)
2026-07-17 10:31:01,311 - pyiron_log - INFO - murn_job: run job murn_job_0_9
2026-07-17 10:31:01,318 - pyiron_log - INFO - run job: murn_job_0_9 id: None, status: initialized
2026-07-17 10:31:01,568 - pyiron_log - INFO - run job: murn_job_0_9 id: 326, status: created
2026-07-17 10:31:14,268 - pyiron_log - INFO - murn_job: finished job murn_job_0_9
2026-07-17 10:31:14,758 - pyiron_log - INFO - murn_job: run job murn_job_0_92
2026-07-17 10:31:14,763 - pyiron_log - INFO - run job: murn_job_0_92 id: None, status: initialized
2026-07-17 10:31:14,933 - pyiron_log - INFO - run job: murn_job_0_92 id: 327, status: created
2026-07-17 10:31:25,816 - pyiron_log - INFO - murn_job: finished job murn_job_0_92
2026-07-17 10:31:26,241 - pyiron_log - INFO - murn_job: run job murn_job_0_94
2026-07-17 10:31:26,246 - pyiron_log - INFO - run job: murn_job_0_94 id: None, status: initialized
2026-07-17 10:31:26,388 - pyiron_log - INFO - run job: murn_job_0_94 id: 328, status: created
2026-07-17 10:31:37,021 - pyiron_log - INFO - murn_job: finished job murn_job_0_94
2026-07-17 10:31:37,567 - pyiron_log - INFO - murn_job: run job murn_job_0_96
2026-07-17 10:31:37,572 - pyiron_log - INFO - run job: murn_job_0_96 id: None, status: initialized
2026-07-17 10:31:37,788 - pyiron_log - INFO - run job: murn_job_0_96 id: 329, status: created
2026-07-17 10:31:52,595 - pyiron_log - INFO - murn_job: finished job murn_job_0_96
2026-07-17 10:31:53,047 - pyiron_log - INFO - murn_job: run job murn_job_0_98
2026-07-17 10:31:53,052 - pyiron_log - INFO - run job: murn_job_0_98 id: None, status: initialized
2026-07-17 10:31:53,219 - pyiron_log - INFO - run job: murn_job_0_98 id: 330, status: created
2026-07-17 10:32:04,719 - pyiron_log - INFO - murn_job: finished job murn_job_0_98
2026-07-17 10:32:05,151 - pyiron_log - INFO - murn_job: run job murn_job_1_0
2026-07-17 10:32:05,158 - pyiron_log - INFO - run job: murn_job_1_0 id: None, status: initialized
2026-07-17 10:32:05,327 - pyiron_log - INFO - run job: murn_job_1_0 id: 331, status: created
2026-07-17 10:32:16,750 - pyiron_log - INFO - murn_job: finished job murn_job_1_0
2026-07-17 10:32:17,215 - pyiron_log - INFO - murn_job: run job murn_job_1_02
2026-07-17 10:32:17,220 - pyiron_log - INFO - run job: murn_job_1_02 id: None, status: initialized
2026-07-17 10:32:17,385 - pyiron_log - INFO - run job: murn_job_1_02 id: 332, status: created
2026-07-17 10:32:28,390 - pyiron_log - INFO - murn_job: finished job murn_job_1_02
2026-07-17 10:32:29,075 - pyiron_log - INFO - murn_job: run job murn_job_1_04
2026-07-17 10:32:29,081 - pyiron_log - INFO - run job: murn_job_1_04 id: None, status: initialized
2026-07-17 10:32:29,275 - pyiron_log - INFO - run job: murn_job_1_04 id: 333, status: created
2026-07-17 10:32:48,515 - pyiron_log - INFO - murn_job: finished job murn_job_1_04
2026-07-17 10:32:49,130 - pyiron_log - INFO - murn_job: run job murn_job_1_06
2026-07-17 10:32:49,139 - pyiron_log - INFO - run job: murn_job_1_06 id: None, status: initialized
2026-07-17 10:32:49,386 - pyiron_log - INFO - run job: murn_job_1_06 id: 334, status: created
2026-07-17 10:33:22,645 - pyiron_log - INFO - murn_job: finished job murn_job_1_06
2026-07-17 10:33:23,733 - pyiron_log - INFO - murn_job: run job murn_job_1_08
2026-07-17 10:33:23,750 - pyiron_log - INFO - run job: murn_job_1_08 id: None, status: initialized
2026-07-17 10:33:24,265 - pyiron_log - INFO - run job: murn_job_1_08 id: 335, status: created
2026-07-17 10:33:37,720 - pyiron_log - INFO - murn_job: finished job murn_job_1_08
2026-07-17 10:33:38,367 - pyiron_log - INFO - murn_job: run job murn_job_1_1
2026-07-17 10:33:38,372 - pyiron_log - INFO - run job: murn_job_1_1 id: None, status: initialized
2026-07-17 10:33:38,534 - pyiron_log - INFO - run job: murn_job_1_1 id: 336, status: created
2026-07-17 10:33:48,577 - pyiron_log - INFO - murn_job: finished job murn_job_1_1
2026-07-17 10:33:48,588 - pyiron_log - INFO - run job: murn_job id: 325, status: collect
2026-07-17 10:33:48,589 - pyiron_log - INFO - job: murn_job id: 325, status: collect, finished
2026-07-17 10:33:49,703 - pyiron_log - INFO - job: murn_job id: 325, status: finished, parallel master
2026-07-17 10:33:49,706 - pyiron_log - INFO - update master: None 325 modal
2026-07-17 10:33:49,771 - pyiron_log - INFO - run job: calc_energy_og id: None, status: initialized
2026-07-17 10:33:56,970 - pyiron_log - INFO - run job: calc_energy_og id: 337, status: created
2026-07-17 10:33:56,982 - pyiron_log - INFO - job: calc_energy_og id: 337, status: running, run job (modal)
2026-07-17 10:35:32,837 - pyiron_log - INFO - job: calc_energy_og id: 337, status: running, output: mkfifo: cannot create fifo 'sxctrl': Operation not supported
mkfifo: cannot create fifo 'sxres': Operation not supported

2026-07-17 10:35:32,850 - pyiron_log - INFO - run job: calc_energy_og id: 337, status: collect
2026-07-17 10:35:34,411 - pyiron_log - INFO - collect_errors() is not yet implemented for SPHInX
2026-07-17 10:35:34,411 - pyiron_log - INFO - collect_warnings() is not yet             implemented for SPHInX
2026-07-17 10:35:34,815 - pyiron_log - INFO - update master: None 337 modal
2026-07-17 10:35:35,148 - pyiron_log - INFO - run job: relax_defect id: None, status: initialized
2026-07-17 10:35:45,004 - pyiron_log - INFO - run job: relax_defect id: 338, status: created
2026-07-17 10:35:45,025 - pyiron_log - INFO - job: relax_defect id: 338, status: running, run job (modal)
2026-07-17 10:41:25,943 - pyiron_log - INFO - job: relax_defect id: 338, status: running, output: mkfifo: cannot create fifo 'sxctrl': Operation not supported
mkfifo: cannot create fifo 'sxres': Operation not supported

2026-07-17 10:41:25,964 - pyiron_log - INFO - run job: relax_defect id: 338, status: collect
2026-07-17 10:41:28,493 - pyiron_log - INFO - collect_errors() is not yet implemented for SPHInX
2026-07-17 10:41:28,494 - pyiron_log - INFO - collect_warnings() is not yet             implemented for SPHInX
2026-07-17 10:41:29,078 - pyiron_log - INFO - update master: None 338 modal
2026-07-17 10:41:30,864 - pyiron_log - WARNING - Could not access indices, returning None!
2026-07-17 10:41:31,257 - pyiron_log - WARNING - Could not access indices, returning None!
2026-07-17 10:41:32,124 - pyiron_log - INFO - run job: calc_energy_defect id: None, status: initialized
2026-07-17 10:41:43,806 - pyiron_log - INFO - run job: calc_energy_defect id: 339, status: created
2026-07-17 10:41:43,826 - pyiron_log - INFO - job: calc_energy_defect id: 339, status: running, run job (modal)
2026-07-17 10:45:43,037 - pyiron_log - INFO - job: calc_energy_defect id: 339, status: running, output: mkfifo: cannot create fifo 'sxctrl': Operation not supported
mkfifo: cannot create fifo 'sxres': Operation not supported

2026-07-17 10:45:43,051 - pyiron_log - INFO - run job: calc_energy_defect id: 339, status: collect
2026-07-17 10:45:45,544 - pyiron_log - INFO - collect_errors() is not yet implemented for SPHInX
2026-07-17 10:45:45,545 - pyiron_log - INFO - collect_warnings() is not yet             implemented for SPHInX
2026-07-17 10:45:46,098 - pyiron_log - INFO - update master: None 339 modal
2026-07-17 10:51:48,206 - pyiron_log - INFO - run job: calc_potential id: None, status: initialized
2026-07-17 10:51:48,485 - pyiron_log - INFO - run job: calc_potential id: 340, status: created
2026-07-17 10:52:10,349 - pyiron_log - INFO - run job: murn_job id: None, status: initialized
2026-07-17 10:52:10,700 - pyiron_log - INFO - run job: murn_job id: 341, status: created
2026-07-17 10:52:10,706 - pyiron_log - INFO - job: murn_job id: 341 run parallel master (modal)
2026-07-17 10:52:11,702 - pyiron_log - INFO - murn_job: run job murn_job_0_9
2026-07-17 10:52:11,708 - pyiron_log - INFO - run job: murn_job_0_9 id: None, status: initialized
2026-07-17 10:52:11,918 - pyiron_log - INFO - run job: murn_job_0_9 id: 342, status: created
2026-07-17 10:52:25,678 - pyiron_log - INFO - murn_job: finished job murn_job_0_9
2026-07-17 10:52:26,242 - pyiron_log - INFO - murn_job: run job murn_job_0_92
2026-07-17 10:52:26,247 - pyiron_log - INFO - run job: murn_job_0_92 id: None, status: initialized
2026-07-17 10:52:26,393 - pyiron_log - INFO - run job: murn_job_0_92 id: 343, status: created
2026-07-17 10:52:37,612 - pyiron_log - INFO - murn_job: finished job murn_job_0_92
2026-07-17 10:52:38,053 - pyiron_log - INFO - murn_job: run job murn_job_0_94
2026-07-17 10:52:38,058 - pyiron_log - INFO - run job: murn_job_0_94 id: None, status: initialized
2026-07-17 10:52:38,214 - pyiron_log - INFO - run job: murn_job_0_94 id: 344, status: created
2026-07-17 10:52:50,618 - pyiron_log - INFO - murn_job: finished job murn_job_0_94
2026-07-17 10:52:51,117 - pyiron_log - INFO - murn_job: run job murn_job_0_96
2026-07-17 10:52:51,122 - pyiron_log - INFO - run job: murn_job_0_96 id: None, status: initialized
2026-07-17 10:52:51,292 - pyiron_log - INFO - run job: murn_job_0_96 id: 345, status: created
2026-07-17 10:53:04,981 - pyiron_log - INFO - murn_job: finished job murn_job_0_96
2026-07-17 10:53:05,462 - pyiron_log - INFO - murn_job: run job murn_job_0_98
2026-07-17 10:53:05,467 - pyiron_log - INFO - run job: murn_job_0_98 id: None, status: initialized
2026-07-17 10:53:05,623 - pyiron_log - INFO - run job: murn_job_0_98 id: 346, status: created
2026-07-17 10:53:22,266 - pyiron_log - INFO - murn_job: finished job murn_job_0_98
2026-07-17 10:53:22,869 - pyiron_log - INFO - murn_job: run job murn_job_1_0
2026-07-17 10:53:22,877 - pyiron_log - INFO - run job: murn_job_1_0 id: None, status: initialized
2026-07-17 10:53:23,200 - pyiron_log - INFO - run job: murn_job_1_0 id: 347, status: created
2026-07-17 10:53:35,908 - pyiron_log - INFO - murn_job: finished job murn_job_1_0
2026-07-17 10:53:36,429 - pyiron_log - INFO - murn_job: run job murn_job_1_02
2026-07-17 10:53:36,437 - pyiron_log - INFO - run job: murn_job_1_02 id: None, status: initialized
2026-07-17 10:53:36,732 - pyiron_log - INFO - run job: murn_job_1_02 id: 348, status: created
2026-07-17 10:53:50,868 - pyiron_log - INFO - murn_job: finished job murn_job_1_02
2026-07-17 10:53:51,377 - pyiron_log - INFO - murn_job: run job murn_job_1_04
2026-07-17 10:53:51,382 - pyiron_log - INFO - run job: murn_job_1_04 id: None, status: initialized
2026-07-17 10:53:51,591 - pyiron_log - INFO - run job: murn_job_1_04 id: 349, status: created
2026-07-17 10:54:03,744 - pyiron_log - INFO - murn_job: finished job murn_job_1_04
2026-07-17 10:54:04,322 - pyiron_log - INFO - murn_job: run job murn_job_1_06
2026-07-17 10:54:04,329 - pyiron_log - INFO - run job: murn_job_1_06 id: None, status: initialized
2026-07-17 10:54:04,517 - pyiron_log - INFO - run job: murn_job_1_06 id: 350, status: created
2026-07-17 10:54:16,686 - pyiron_log - INFO - murn_job: finished job murn_job_1_06
2026-07-17 10:54:17,202 - pyiron_log - INFO - murn_job: run job murn_job_1_08
2026-07-17 10:54:17,207 - pyiron_log - INFO - run job: murn_job_1_08 id: None, status: initialized
2026-07-17 10:54:17,365 - pyiron_log - INFO - run job: murn_job_1_08 id: 351, status: created
2026-07-17 10:54:27,913 - pyiron_log - INFO - murn_job: finished job murn_job_1_08
2026-07-17 10:54:28,623 - pyiron_log - INFO - murn_job: run job murn_job_1_1
2026-07-17 10:54:28,629 - pyiron_log - INFO - run job: murn_job_1_1 id: None, status: initialized
2026-07-17 10:54:28,812 - pyiron_log - INFO - run job: murn_job_1_1 id: 352, status: created
2026-07-17 10:54:40,897 - pyiron_log - INFO - murn_job: finished job murn_job_1_1
2026-07-17 10:54:40,906 - pyiron_log - INFO - run job: murn_job id: 341, status: collect
2026-07-17 10:54:40,908 - pyiron_log - INFO - job: murn_job id: 341, status: collect, finished
2026-07-17 10:54:42,304 - pyiron_log - INFO - job: murn_job id: 341, status: finished, parallel master
2026-07-17 10:54:42,307 - pyiron_log - INFO - update master: None 341 modal
2026-07-17 10:55:17,720 - pyiron_log - INFO - run job: calc_energy_og id: 337, status: finished
2026-07-17 10:55:17,721 - pyiron_log - WARNING - The job calc_energy_og is being loaded instead of running. To re-run use the argument 'delete_existing_job=True in create_job'
2026-07-17 10:55:40,947 - pyiron_log - INFO - Job 337 intercept signal 2, job is shutting down
2026-07-17 10:56:07,258 - pyiron_log - INFO - run job: calc_potential id: None, status: initialized
2026-07-17 10:56:07,599 - pyiron_log - INFO - run job: calc_potential id: 353, status: created
2026-07-17 10:56:38,153 - pyiron_log - INFO - run job: murn_job id: None, status: initialized
2026-07-17 10:56:39,036 - pyiron_log - INFO - run job: murn_job id: 354, status: created
2026-07-17 10:56:39,046 - pyiron_log - INFO - job: murn_job id: 354 run parallel master (modal)
2026-07-17 10:56:40,135 - pyiron_log - INFO - murn_job: run job murn_job_0_9
2026-07-17 10:56:40,144 - pyiron_log - INFO - run job: murn_job_0_9 id: None, status: initialized
2026-07-17 10:56:40,427 - pyiron_log - INFO - run job: murn_job_0_9 id: 355, status: created
2026-07-17 10:56:59,604 - pyiron_log - INFO - murn_job: finished job murn_job_0_9
2026-07-17 10:57:00,397 - pyiron_log - INFO - murn_job: run job murn_job_0_92
2026-07-17 10:57:00,406 - pyiron_log - INFO - run job: murn_job_0_92 id: None, status: initialized
2026-07-17 10:57:00,718 - pyiron_log - INFO - run job: murn_job_0_92 id: 356, status: created
2026-07-17 10:57:17,117 - pyiron_log - INFO - murn_job: finished job murn_job_0_92
2026-07-17 10:57:17,859 - pyiron_log - INFO - murn_job: run job murn_job_0_94
2026-07-17 10:57:17,866 - pyiron_log - INFO - run job: murn_job_0_94 id: None, status: initialized
2026-07-17 10:57:18,121 - pyiron_log - INFO - run job: murn_job_0_94 id: 357, status: created
2026-07-17 10:57:33,316 - pyiron_log - INFO - murn_job: finished job murn_job_0_94
2026-07-17 10:57:33,826 - pyiron_log - INFO - murn_job: run job murn_job_0_96
2026-07-17 10:57:33,833 - pyiron_log - INFO - run job: murn_job_0_96 id: None, status: initialized
2026-07-17 10:57:34,061 - pyiron_log - INFO - run job: murn_job_0_96 id: 358, status: created
2026-07-17 10:57:47,462 - pyiron_log - INFO - murn_job: finished job murn_job_0_96
2026-07-17 10:57:47,924 - pyiron_log - INFO - murn_job: run job murn_job_0_98
2026-07-17 10:57:47,929 - pyiron_log - INFO - run job: murn_job_0_98 id: None, status: initialized
2026-07-17 10:57:48,094 - pyiron_log - INFO - run job: murn_job_0_98 id: 359, status: created
2026-07-17 10:58:01,851 - pyiron_log - INFO - murn_job: finished job murn_job_0_98
2026-07-17 10:58:02,410 - pyiron_log - INFO - murn_job: run job murn_job_1_0
2026-07-17 10:58:02,416 - pyiron_log - INFO - run job: murn_job_1_0 id: None, status: initialized
2026-07-17 10:58:02,627 - pyiron_log - INFO - run job: murn_job_1_0 id: 360, status: created
2026-07-17 10:58:15,781 - pyiron_log - INFO - murn_job: finished job murn_job_1_0
2026-07-17 10:58:16,305 - pyiron_log - INFO - murn_job: run job murn_job_1_02
2026-07-17 10:58:16,314 - pyiron_log - INFO - run job: murn_job_1_02 id: None, status: initialized
2026-07-17 10:58:16,633 - pyiron_log - INFO - run job: murn_job_1_02 id: 361, status: created
2026-07-17 10:58:31,647 - pyiron_log - INFO - murn_job: finished job murn_job_1_02
2026-07-17 10:58:32,116 - pyiron_log - INFO - murn_job: run job murn_job_1_04
2026-07-17 10:58:32,122 - pyiron_log - INFO - run job: murn_job_1_04 id: None, status: initialized
2026-07-17 10:58:32,297 - pyiron_log - INFO - run job: murn_job_1_04 id: 362, status: created
2026-07-17 10:58:46,347 - pyiron_log - INFO - murn_job: finished job murn_job_1_04
2026-07-17 10:58:46,838 - pyiron_log - INFO - murn_job: run job murn_job_1_06
2026-07-17 10:58:46,845 - pyiron_log - INFO - run job: murn_job_1_06 id: None, status: initialized
2026-07-17 10:58:47,096 - pyiron_log - INFO - run job: murn_job_1_06 id: 363, status: created
2026-07-17 10:58:59,568 - pyiron_log - INFO - murn_job: finished job murn_job_1_06
2026-07-17 10:59:00,033 - pyiron_log - INFO - murn_job: run job murn_job_1_08
2026-07-17 10:59:00,039 - pyiron_log - INFO - run job: murn_job_1_08 id: None, status: initialized
2026-07-17 10:59:00,226 - pyiron_log - INFO - run job: murn_job_1_08 id: 364, status: created
2026-07-17 10:59:12,792 - pyiron_log - INFO - murn_job: finished job murn_job_1_08
2026-07-17 10:59:13,778 - pyiron_log - INFO - murn_job: run job murn_job_1_1
2026-07-17 10:59:13,791 - pyiron_log - INFO - run job: murn_job_1_1 id: None, status: initialized
2026-07-17 10:59:14,062 - pyiron_log - INFO - run job: murn_job_1_1 id: 365, status: created
2026-07-17 10:59:29,939 - pyiron_log - INFO - murn_job: finished job murn_job_1_1
2026-07-17 10:59:29,953 - pyiron_log - INFO - run job: murn_job id: 354, status: collect
2026-07-17 10:59:29,955 - pyiron_log - INFO - job: murn_job id: 354, status: collect, finished
2026-07-17 10:59:31,347 - pyiron_log - INFO - job: murn_job id: 354, status: finished, parallel master
2026-07-17 10:59:31,350 - pyiron_log - INFO - update master: None 354 modal
2026-07-17 10:59:31,523 - pyiron_log - INFO - run job: calc_energy_og id: None, status: initialized
2026-07-17 10:59:41,313 - pyiron_log - INFO - run job: calc_energy_og id: 366, status: created
2026-07-17 10:59:41,327 - pyiron_log - INFO - job: calc_energy_og id: 366, status: running, run job (modal)
2026-07-17 11:01:30,070 - pyiron_log - INFO - job: calc_energy_og id: 366, status: running, output: mkfifo: cannot create fifo 'sxctrl': Operation not supported
mkfifo: cannot create fifo 'sxres': Operation not supported

2026-07-17 11:01:30,086 - pyiron_log - INFO - run job: calc_energy_og id: 366, status: collect
2026-07-17 11:01:31,911 - pyiron_log - INFO - collect_errors() is not yet implemented for SPHInX
2026-07-17 11:01:31,912 - pyiron_log - INFO - collect_warnings() is not yet             implemented for SPHInX
2026-07-17 11:01:32,346 - pyiron_log - INFO - update master: None 366 modal
2026-07-17 11:02:07,412 - pyiron_log - INFO - run job: relax_defect id: 338, status: finished
2026-07-17 11:02:07,413 - pyiron_log - WARNING - The job relax_defect is being loaded instead of running. To re-run use the argument 'delete_existing_job=True in create_job'
2026-07-17 11:02:58,980 - pyiron_log - WARNING - Could not access indices, returning None!
2026-07-17 11:02:59,440 - pyiron_log - WARNING - Could not access indices, returning None!
2026-07-17 11:03:00,460 - pyiron_log - INFO - run job: calc_energy_defect id: None, status: initialized
2026-07-17 11:03:14,597 - pyiron_log - INFO - run job: calc_energy_defect id: 367, status: created
2026-07-17 11:03:14,612 - pyiron_log - INFO - job: calc_energy_defect id: 367, status: running, run job (modal)
2026-07-17 11:06:10,526 - pyiron_log - INFO - job: calc_energy_defect id: 367, status: running, output: mkfifo: cannot create fifo 'sxctrl': Operation not supported
mkfifo: cannot create fifo 'sxres': Operation not supported

2026-07-17 11:06:10,541 - pyiron_log - INFO - run job: calc_energy_defect id: 367, status: collect
2026-07-17 11:06:12,381 - pyiron_log - INFO - collect_errors() is not yet implemented for SPHInX
2026-07-17 11:06:12,381 - pyiron_log - INFO - collect_warnings() is not yet             implemented for SPHInX
2026-07-17 11:06:12,881 - pyiron_log - INFO - update master: None 367 modal
2026-07-17 11:17:04,676 - pyiron_log - INFO - run job: calc_potential id: None, status: initialized
2026-07-17 11:17:04,857 - pyiron_log - INFO - run job: calc_potential id: 368, status: created
2026-07-17 11:17:24,399 - pyiron_log - INFO - run job: murn_job id: None, status: initialized
2026-07-17 11:17:24,711 - pyiron_log - INFO - run job: murn_job id: 369, status: created
2026-07-17 11:17:24,714 - pyiron_log - INFO - job: murn_job id: 369 run parallel master (modal)
2026-07-17 11:17:25,525 - pyiron_log - INFO - murn_job: run job murn_job_0_9
2026-07-17 11:17:25,529 - pyiron_log - INFO - run job: murn_job_0_9 id: None, status: initialized
2026-07-17 11:17:25,685 - pyiron_log - INFO - run job: murn_job_0_9 id: 370, status: created
2026-07-17 11:17:40,165 - pyiron_log - INFO - murn_job: finished job murn_job_0_9
2026-07-17 11:17:40,638 - pyiron_log - INFO - murn_job: run job murn_job_0_92
2026-07-17 11:17:40,646 - pyiron_log - INFO - run job: murn_job_0_92 id: None, status: initialized
2026-07-17 11:17:40,852 - pyiron_log - INFO - run job: murn_job_0_92 id: 371, status: created
2026-07-17 11:17:53,897 - pyiron_log - INFO - murn_job: finished job murn_job_0_92
2026-07-17 11:17:54,470 - pyiron_log - INFO - murn_job: run job murn_job_0_94
2026-07-17 11:17:54,477 - pyiron_log - INFO - run job: murn_job_0_94 id: None, status: initialized
2026-07-17 11:17:54,707 - pyiron_log - INFO - run job: murn_job_0_94 id: 372, status: created
2026-07-17 11:18:20,306 - pyiron_log - INFO - murn_job: finished job murn_job_0_94
2026-07-17 11:18:21,231 - pyiron_log - INFO - murn_job: run job murn_job_0_96
2026-07-17 11:18:21,244 - pyiron_log - INFO - run job: murn_job_0_96 id: None, status: initialized
2026-07-17 11:18:21,624 - pyiron_log - INFO - run job: murn_job_0_96 id: 373, status: created
2026-07-17 11:18:40,259 - pyiron_log - INFO - murn_job: finished job murn_job_0_96
2026-07-17 11:18:40,727 - pyiron_log - INFO - murn_job: run job murn_job_0_98
2026-07-17 11:18:40,732 - pyiron_log - INFO - run job: murn_job_0_98 id: None, status: initialized
2026-07-17 11:18:40,910 - pyiron_log - INFO - run job: murn_job_0_98 id: 374, status: created
2026-07-17 11:18:57,689 - pyiron_log - INFO - murn_job: finished job murn_job_0_98
2026-07-17 11:18:58,158 - pyiron_log - INFO - murn_job: run job murn_job_1_0
2026-07-17 11:18:58,164 - pyiron_log - INFO - run job: murn_job_1_0 id: None, status: initialized
2026-07-17 11:18:58,338 - pyiron_log - INFO - run job: murn_job_1_0 id: 375, status: created
2026-07-17 11:19:09,174 - pyiron_log - INFO - murn_job: finished job murn_job_1_0
2026-07-17 11:19:09,556 - pyiron_log - INFO - murn_job: run job murn_job_1_02
2026-07-17 11:19:09,564 - pyiron_log - INFO - run job: murn_job_1_02 id: None, status: initialized
2026-07-17 11:19:09,710 - pyiron_log - INFO - run job: murn_job_1_02 id: 376, status: created
2026-07-17 11:19:20,210 - pyiron_log - INFO - murn_job: finished job murn_job_1_02
2026-07-17 11:19:20,755 - pyiron_log - INFO - murn_job: run job murn_job_1_04
2026-07-17 11:19:20,761 - pyiron_log - INFO - run job: murn_job_1_04 id: None, status: initialized
2026-07-17 11:19:20,973 - pyiron_log - INFO - run job: murn_job_1_04 id: 377, status: created
2026-07-17 11:19:31,655 - pyiron_log - INFO - murn_job: finished job murn_job_1_04
2026-07-17 11:19:32,079 - pyiron_log - INFO - murn_job: run job murn_job_1_06
2026-07-17 11:19:32,085 - pyiron_log - INFO - run job: murn_job_1_06 id: None, status: initialized
2026-07-17 11:19:32,260 - pyiron_log - INFO - run job: murn_job_1_06 id: 378, status: created
2026-07-17 11:19:42,640 - pyiron_log - INFO - murn_job: finished job murn_job_1_06
2026-07-17 11:19:43,059 - pyiron_log - INFO - murn_job: run job murn_job_1_08
2026-07-17 11:19:43,065 - pyiron_log - INFO - run job: murn_job_1_08 id: None, status: initialized
2026-07-17 11:19:43,245 - pyiron_log - INFO - run job: murn_job_1_08 id: 379, status: created
2026-07-17 11:19:54,501 - pyiron_log - INFO - murn_job: finished job murn_job_1_08
2026-07-17 11:19:54,982 - pyiron_log - INFO - murn_job: run job murn_job_1_1
2026-07-17 11:19:54,988 - pyiron_log - INFO - run job: murn_job_1_1 id: None, status: initialized
2026-07-17 11:19:55,190 - pyiron_log - INFO - run job: murn_job_1_1 id: 380, status: created
2026-07-17 11:20:10,490 - pyiron_log - INFO - murn_job: finished job murn_job_1_1
2026-07-17 11:20:10,502 - pyiron_log - INFO - run job: murn_job id: 369, status: collect
2026-07-17 11:20:10,504 - pyiron_log - INFO - job: murn_job id: 369, status: collect, finished
2026-07-17 11:20:12,310 - pyiron_log - INFO - job: murn_job id: 369, status: finished, parallel master
2026-07-17 11:20:12,313 - pyiron_log - INFO - update master: None 369 modal
2026-07-17 11:20:12,476 - pyiron_log - INFO - run job: calc_energy_og id: None, status: initialized
2026-07-17 11:20:24,638 - pyiron_log - INFO - run job: calc_energy_og id: 381, status: created
2026-07-17 11:20:24,661 - pyiron_log - INFO - job: calc_energy_og id: 381, status: running, run job (modal)
2026-07-17 11:21:47,675 - pyiron_log - INFO - job: calc_energy_og id: 381, status: running, output: mkfifo: cannot create fifo 'sxctrl': Operation not supported
mkfifo: cannot create fifo 'sxres': Operation not supported

2026-07-17 11:21:47,687 - pyiron_log - INFO - run job: calc_energy_og id: 381, status: collect
2026-07-17 11:21:49,220 - pyiron_log - INFO - collect_errors() is not yet implemented for SPHInX
2026-07-17 11:21:49,220 - pyiron_log - INFO - collect_warnings() is not yet             implemented for SPHInX
2026-07-17 11:21:49,625 - pyiron_log - INFO - update master: None 381 modal
2026-07-17 11:22:19,084 - pyiron_log - INFO - run job: relax_defect id: 338, status: finished
2026-07-17 11:22:19,085 - pyiron_log - WARNING - The job relax_defect is being loaded instead of running. To re-run use the argument 'delete_existing_job=True in create_job'
2026-07-17 11:22:50,457 - pyiron_log - WARNING - Could not access indices, returning None!
2026-07-17 11:22:50,803 - pyiron_log - WARNING - Could not access indices, returning None!
2026-07-17 11:22:51,581 - pyiron_log - INFO - run job: calc_energy_defect id: None, status: initialized
2026-07-17 11:22:58,392 - pyiron_log - INFO - run job: calc_energy_defect id: 382, status: created
2026-07-17 11:22:58,400 - pyiron_log - INFO - job: calc_energy_defect id: 382, status: running, run job (modal)
2026-07-17 11:25:17,962 - pyiron_log - INFO - job: calc_energy_defect id: 382, status: running, output: mkfifo: cannot create fifo 'sxctrl': Operation not supported
mkfifo: cannot create fifo 'sxres': Operation not supported

2026-07-17 11:25:17,974 - pyiron_log - INFO - run job: calc_energy_defect id: 382, status: collect
2026-07-17 11:25:19,675 - pyiron_log - INFO - collect_errors() is not yet implemented for SPHInX
2026-07-17 11:25:19,675 - pyiron_log - INFO - collect_warnings() is not yet             implemented for SPHInX
2026-07-17 11:25:20,086 - pyiron_log - INFO - update master: None 382 modal
2026-07-17 11:36:51,264 - pyiron_log - INFO - run job: calc_potential id: None, status: initialized
2026-07-17 11:36:51,467 - pyiron_log - INFO - run job: calc_potential id: 383, status: created
2026-07-17 11:37:09,069 - pyiron_log - INFO - run job: murn_job id: None, status: initialized
2026-07-17 11:37:09,398 - pyiron_log - INFO - run job: murn_job id: 384, status: created
2026-07-17 11:37:09,403 - pyiron_log - INFO - job: murn_job id: 384 run parallel master (modal)
2026-07-17 11:37:10,174 - pyiron_log - INFO - murn_job: run job murn_job_0_9
2026-07-17 11:37:10,180 - pyiron_log - INFO - run job: murn_job_0_9 id: None, status: initialized
2026-07-17 11:37:10,366 - pyiron_log - INFO - run job: murn_job_0_9 id: 385, status: created
2026-07-17 11:37:21,786 - pyiron_log - INFO - murn_job: finished job murn_job_0_9
2026-07-17 11:37:22,248 - pyiron_log - INFO - murn_job: run job murn_job_0_92
2026-07-17 11:37:22,254 - pyiron_log - INFO - run job: murn_job_0_92 id: None, status: initialized
2026-07-17 11:37:22,430 - pyiron_log - INFO - run job: murn_job_0_92 id: 386, status: created
2026-07-17 11:37:33,749 - pyiron_log - INFO - murn_job: finished job murn_job_0_92
2026-07-17 11:37:34,180 - pyiron_log - INFO - murn_job: run job murn_job_0_94
2026-07-17 11:37:34,187 - pyiron_log - INFO - run job: murn_job_0_94 id: None, status: initialized
2026-07-17 11:37:34,325 - pyiron_log - INFO - run job: murn_job_0_94 id: 387, status: created
2026-07-17 11:37:45,044 - pyiron_log - INFO - murn_job: finished job murn_job_0_94
2026-07-17 11:37:45,490 - pyiron_log - INFO - murn_job: run job murn_job_0_96
2026-07-17 11:37:45,495 - pyiron_log - INFO - run job: murn_job_0_96 id: None, status: initialized
2026-07-17 11:37:45,670 - pyiron_log - INFO - run job: murn_job_0_96 id: 388, status: created
2026-07-17 11:37:59,439 - pyiron_log - INFO - murn_job: finished job murn_job_0_96
2026-07-17 11:37:59,947 - pyiron_log - INFO - murn_job: run job murn_job_0_98
2026-07-17 11:37:59,955 - pyiron_log - INFO - run job: murn_job_0_98 id: None, status: initialized
2026-07-17 11:38:00,136 - pyiron_log - INFO - run job: murn_job_0_98 id: 389, status: created
2026-07-17 11:38:11,718 - pyiron_log - INFO - murn_job: finished job murn_job_0_98
2026-07-17 11:38:12,112 - pyiron_log - INFO - murn_job: run job murn_job_1_0
2026-07-17 11:38:12,122 - pyiron_log - INFO - run job: murn_job_1_0 id: None, status: initialized
2026-07-17 11:38:12,269 - pyiron_log - INFO - run job: murn_job_1_0 id: 390, status: created
2026-07-17 11:38:23,739 - pyiron_log - INFO - murn_job: finished job murn_job_1_0
2026-07-17 11:38:24,248 - pyiron_log - INFO - murn_job: run job murn_job_1_02
2026-07-17 11:38:24,257 - pyiron_log - INFO - run job: murn_job_1_02 id: None, status: initialized
2026-07-17 11:38:24,487 - pyiron_log - INFO - run job: murn_job_1_02 id: 391, status: created
2026-07-17 11:38:37,114 - pyiron_log - INFO - murn_job: finished job murn_job_1_02
2026-07-17 11:38:37,504 - pyiron_log - INFO - murn_job: run job murn_job_1_04
2026-07-17 11:38:37,513 - pyiron_log - INFO - run job: murn_job_1_04 id: None, status: initialized
2026-07-17 11:38:37,664 - pyiron_log - INFO - run job: murn_job_1_04 id: 392, status: created
2026-07-17 11:38:46,499 - pyiron_log - INFO - murn_job: finished job murn_job_1_04
2026-07-17 11:38:46,927 - pyiron_log - INFO - murn_job: run job murn_job_1_06
2026-07-17 11:38:46,935 - pyiron_log - INFO - run job: murn_job_1_06 id: None, status: initialized
2026-07-17 11:38:47,132 - pyiron_log - INFO - run job: murn_job_1_06 id: 393, status: created
2026-07-17 11:38:58,311 - pyiron_log - INFO - murn_job: finished job murn_job_1_06
2026-07-17 11:38:58,945 - pyiron_log - INFO - murn_job: run job murn_job_1_08
2026-07-17 11:38:58,952 - pyiron_log - INFO - run job: murn_job_1_08 id: None, status: initialized
2026-07-17 11:38:59,148 - pyiron_log - INFO - run job: murn_job_1_08 id: 394, status: created
2026-07-17 11:39:09,047 - pyiron_log - INFO - murn_job: finished job murn_job_1_08
2026-07-17 11:39:09,463 - pyiron_log - INFO - murn_job: run job murn_job_1_1
2026-07-17 11:39:09,472 - pyiron_log - INFO - run job: murn_job_1_1 id: None, status: initialized
2026-07-17 11:39:09,641 - pyiron_log - INFO - run job: murn_job_1_1 id: 395, status: created
2026-07-17 11:39:19,582 - pyiron_log - INFO - murn_job: finished job murn_job_1_1
2026-07-17 11:39:19,595 - pyiron_log - INFO - run job: murn_job id: 384, status: collect
2026-07-17 11:39:19,597 - pyiron_log - INFO - job: murn_job id: 384, status: collect, finished
2026-07-17 11:39:21,044 - pyiron_log - INFO - job: murn_job id: 384, status: finished, parallel master
2026-07-17 11:39:21,047 - pyiron_log - INFO - update master: None 384 modal
2026-07-17 11:39:21,206 - pyiron_log - INFO - run job: calc_energy_og id: None, status: initialized
2026-07-17 11:39:29,550 - pyiron_log - INFO - run job: calc_energy_og id: 396, status: created
2026-07-17 11:39:29,568 - pyiron_log - INFO - job: calc_energy_og id: 396, status: running, run job (modal)
2026-07-17 11:40:51,133 - pyiron_log - INFO - job: calc_energy_og id: 396, status: running, output: mkfifo: cannot create fifo 'sxctrl': Operation not supported
mkfifo: cannot create fifo 'sxres': Operation not supported

2026-07-17 11:40:51,148 - pyiron_log - INFO - run job: calc_energy_og id: 396, status: collect
2026-07-17 11:40:52,824 - pyiron_log - INFO - collect_errors() is not yet implemented for SPHInX
2026-07-17 11:40:52,825 - pyiron_log - INFO - collect_warnings() is not yet             implemented for SPHInX
2026-07-17 11:40:53,327 - pyiron_log - INFO - update master: None 396 modal
2026-07-17 11:41:26,774 - pyiron_log - INFO - run job: relax_defect id: 338, status: finished
2026-07-17 11:41:26,775 - pyiron_log - WARNING - The job relax_defect is being loaded instead of running. To re-run use the argument 'delete_existing_job=True in create_job'
2026-07-17 11:42:00,400 - pyiron_log - WARNING - Could not access indices, returning None!
2026-07-17 11:42:00,789 - pyiron_log - WARNING - Could not access indices, returning None!
2026-07-17 11:42:01,655 - pyiron_log - INFO - run job: calc_energy_defect id: None, status: initialized
2026-07-17 11:42:08,666 - pyiron_log - INFO - run job: calc_energy_defect id: 397, status: created
2026-07-17 11:42:08,678 - pyiron_log - INFO - job: calc_energy_defect id: 397, status: running, run job (modal)
2026-07-17 11:44:36,985 - pyiron_log - INFO - job: calc_energy_defect id: 397, status: running, output: mkfifo: cannot create fifo 'sxctrl': Operation not supported
mkfifo: cannot create fifo 'sxres': Operation not supported

2026-07-17 11:44:37,000 - pyiron_log - INFO - run job: calc_energy_defect id: 397, status: collect
2026-07-17 11:44:38,773 - pyiron_log - INFO - collect_errors() is not yet implemented for SPHInX
2026-07-17 11:44:38,774 - pyiron_log - INFO - collect_warnings() is not yet             implemented for SPHInX
2026-07-17 11:44:39,346 - pyiron_log - INFO - update master: None 397 modal
2026-07-17 11:49:13,532 - pyiron_log - INFO - run job: calc_energy_og id: None, status: initialized
2026-07-17 11:49:22,515 - pyiron_log - INFO - run job: calc_energy_og id: 398, status: created
2026-07-17 11:49:22,527 - pyiron_log - INFO - job: calc_energy_og id: 398, status: running, run job (modal)
2026-07-17 11:50:52,454 - pyiron_log - INFO - job: calc_energy_og id: 398, status: running, output: mkfifo: cannot create fifo 'sxctrl': Operation not supported
mkfifo: cannot create fifo 'sxres': Operation not supported

2026-07-17 11:50:52,472 - pyiron_log - INFO - run job: calc_energy_og id: 398, status: collect
2026-07-17 11:50:55,103 - pyiron_log - INFO - collect_errors() is not yet implemented for SPHInX
2026-07-17 11:50:55,104 - pyiron_log - INFO - collect_warnings() is not yet             implemented for SPHInX
2026-07-17 11:50:55,588 - pyiron_log - INFO - update master: None 398 modal
2026-07-17 11:50:56,271 - pyiron_log - INFO - run job: calc_potential id: None, status: initialized
2026-07-17 11:50:56,572 - pyiron_log - INFO - run job: calc_potential id: 399, status: created
2026-07-17 11:51:17,135 - pyiron_log - INFO - run job: relax_defect id: None, status: initialized
2026-07-17 11:51:17,356 - pyiron_log - INFO - run job: relax_defect id: 400, status: created
2026-07-17 11:55:49,214 - pyiron_log - INFO - run job: calc_energy_defect id: None, status: initialized
2026-07-17 11:55:57,945 - pyiron_log - INFO - run job: calc_energy_defect id: 401, status: created
2026-07-17 11:55:57,957 - pyiron_log - INFO - job: calc_energy_defect id: 401, status: running, run job (modal)
2026-07-17 11:57:59,337 - pyiron_log - INFO - job: calc_energy_defect id: 401, status: running, output: mkfifo: cannot create fifo 'sxctrl': Operation not supported
mkfifo: cannot create fifo 'sxres': Operation not supported

2026-07-17 11:57:59,350 - pyiron_log - INFO - run job: calc_energy_defect id: 401, status: collect
2026-07-17 11:58:00,958 - pyiron_log - INFO - collect_errors() is not yet implemented for SPHInX
2026-07-17 11:58:00,959 - pyiron_log - INFO - collect_warnings() is not yet             implemented for SPHInX
2026-07-17 11:58:01,441 - pyiron_log - INFO - update master: None 401 modal
2026-07-17 11:58:01,796 - pyiron_log - INFO - run job: murn_job id: None, status: initialized
2026-07-17 11:58:02,170 - pyiron_log - INFO - run job: murn_job id: 402, status: created
2026-07-17 11:58:02,176 - pyiron_log - INFO - job: murn_job id: 402 run parallel master (modal)
2026-07-17 11:58:02,682 - pyiron_log - INFO - murn_job: run job murn_job_0_9
2026-07-17 11:58:02,688 - pyiron_log - INFO - run job: murn_job_0_9 id: None, status: initialized
2026-07-17 11:58:02,876 - pyiron_log - INFO - run job: murn_job_0_9 id: 403, status: created
2026-07-17 11:58:14,099 - pyiron_log - INFO - murn_job: finished job murn_job_0_9
2026-07-17 11:58:14,593 - pyiron_log - INFO - murn_job: run job murn_job_0_92
2026-07-17 11:58:14,599 - pyiron_log - INFO - run job: murn_job_0_92 id: None, status: initialized
2026-07-17 11:58:14,792 - pyiron_log - INFO - run job: murn_job_0_92 id: 404, status: created
2026-07-17 11:58:27,063 - pyiron_log - INFO - murn_job: finished job murn_job_0_92
2026-07-17 11:58:27,556 - pyiron_log - INFO - murn_job: run job murn_job_0_94
2026-07-17 11:58:27,563 - pyiron_log - INFO - run job: murn_job_0_94 id: None, status: initialized
2026-07-17 11:58:27,747 - pyiron_log - INFO - run job: murn_job_0_94 id: 405, status: created
2026-07-17 11:58:38,415 - pyiron_log - INFO - murn_job: finished job murn_job_0_94
2026-07-17 11:58:38,815 - pyiron_log - INFO - murn_job: run job murn_job_0_96
2026-07-17 11:58:38,825 - pyiron_log - INFO - run job: murn_job_0_96 id: None, status: initialized
2026-07-17 11:58:38,982 - pyiron_log - INFO - run job: murn_job_0_96 id: 406, status: created
2026-07-17 11:58:49,416 - pyiron_log - INFO - murn_job: finished job murn_job_0_96
2026-07-17 11:58:49,937 - pyiron_log - INFO - murn_job: run job murn_job_0_98
2026-07-17 11:58:49,943 - pyiron_log - INFO - run job: murn_job_0_98 id: None, status: initialized
2026-07-17 11:58:50,118 - pyiron_log - INFO - run job: murn_job_0_98 id: 407, status: created
2026-07-17 11:59:02,313 - pyiron_log - INFO - murn_job: finished job murn_job_0_98
2026-07-17 11:59:02,860 - pyiron_log - INFO - murn_job: run job murn_job_1_0
2026-07-17 11:59:02,868 - pyiron_log - INFO - run job: murn_job_1_0 id: None, status: initialized
2026-07-17 11:59:03,051 - pyiron_log - INFO - run job: murn_job_1_0 id: 408, status: created
2026-07-17 11:59:13,256 - pyiron_log - INFO - murn_job: finished job murn_job_1_0
2026-07-17 11:59:13,720 - pyiron_log - INFO - murn_job: run job murn_job_1_02
2026-07-17 11:59:13,731 - pyiron_log - INFO - run job: murn_job_1_02 id: None, status: initialized
2026-07-17 11:59:13,910 - pyiron_log - INFO - run job: murn_job_1_02 id: 409, status: created
2026-07-17 11:59:24,905 - pyiron_log - INFO - murn_job: finished job murn_job_1_02
2026-07-17 11:59:25,364 - pyiron_log - INFO - murn_job: run job murn_job_1_04
2026-07-17 11:59:25,371 - pyiron_log - INFO - run job: murn_job_1_04 id: None, status: initialized
2026-07-17 11:59:25,545 - pyiron_log - INFO - run job: murn_job_1_04 id: 410, status: created
2026-07-17 11:59:35,270 - pyiron_log - INFO - murn_job: finished job murn_job_1_04
2026-07-17 11:59:35,686 - pyiron_log - INFO - murn_job: run job murn_job_1_06
2026-07-17 11:59:35,696 - pyiron_log - INFO - run job: murn_job_1_06 id: None, status: initialized
2026-07-17 11:59:35,846 - pyiron_log - INFO - run job: murn_job_1_06 id: 411, status: created
2026-07-17 11:59:45,537 - pyiron_log - INFO - murn_job: finished job murn_job_1_06
2026-07-17 11:59:45,989 - pyiron_log - INFO - murn_job: run job murn_job_1_08
2026-07-17 11:59:45,995 - pyiron_log - INFO - run job: murn_job_1_08 id: None, status: initialized
2026-07-17 11:59:46,187 - pyiron_log - INFO - run job: murn_job_1_08 id: 412, status: created
2026-07-17 11:59:58,008 - pyiron_log - INFO - murn_job: finished job murn_job_1_08
2026-07-17 11:59:58,540 - pyiron_log - INFO - murn_job: run job murn_job_1_1
2026-07-17 11:59:58,547 - pyiron_log - INFO - run job: murn_job_1_1 id: None, status: initialized
2026-07-17 11:59:58,741 - pyiron_log - INFO - run job: murn_job_1_1 id: 413, status: created
2026-07-17 12:00:09,698 - pyiron_log - INFO - murn_job: finished job murn_job_1_1
2026-07-17 12:00:09,709 - pyiron_log - INFO - run job: murn_job id: 402, status: collect
2026-07-17 12:00:09,711 - pyiron_log - INFO - job: murn_job id: 402, status: collect, finished
2026-07-17 12:00:10,833 - pyiron_log - INFO - job: murn_job id: 402, status: finished, parallel master
2026-07-17 12:00:10,835 - pyiron_log - INFO - update master: None 402 modal
2026-07-17 12:12:55,311 - pyiron_log - INFO - run job: calc_energy_og id: None, status: initialized
2026-07-17 12:13:02,527 - pyiron_log - INFO - run job: calc_energy_og id: 414, status: created
2026-07-17 12:13:02,540 - pyiron_log - INFO - job: calc_energy_og id: 414, status: running, run job (modal)
2026-07-17 12:14:24,238 - pyiron_log - INFO - job: calc_energy_og id: 414, status: running, output: mkfifo: cannot create fifo 'sxctrl': Operation not supported
mkfifo: cannot create fifo 'sxres': Operation not supported

2026-07-17 12:14:24,254 - pyiron_log - INFO - run job: calc_energy_og id: 414, status: collect
2026-07-17 12:14:26,326 - pyiron_log - INFO - collect_errors() is not yet implemented for SPHInX
2026-07-17 12:14:26,327 - pyiron_log - INFO - collect_warnings() is not yet             implemented for SPHInX
2026-07-17 12:14:26,850 - pyiron_log - INFO - update master: None 414 modal
2026-07-17 12:14:27,788 - pyiron_log - INFO - run job: calc_potential id: None, status: initialized
2026-07-17 12:14:27,971 - pyiron_log - INFO - run job: calc_potential id: 415, status: created
2026-07-17 12:14:46,740 - pyiron_log - INFO - run job: relax_defect id: None, status: initialized
2026-07-17 12:14:46,986 - pyiron_log - INFO - run job: relax_defect id: 416, status: created
2026-07-17 12:19:34,432 - pyiron_log - INFO - run job: calc_energy_defect id: None, status: initialized
2026-07-17 12:19:40,545 - pyiron_log - INFO - run job: calc_energy_defect id: 417, status: created
2026-07-17 12:19:40,562 - pyiron_log - INFO - job: calc_energy_defect id: 417, status: running, run job (modal)
2026-07-17 12:21:44,570 - pyiron_log - INFO - job: calc_energy_defect id: 417, status: running, output: mkfifo: cannot create fifo 'sxctrl': Operation not supported
mkfifo: cannot create fifo 'sxres': Operation not supported

2026-07-17 12:21:44,588 - pyiron_log - INFO - run job: calc_energy_defect id: 417, status: collect
2026-07-17 12:21:46,287 - pyiron_log - INFO - collect_errors() is not yet implemented for SPHInX
2026-07-17 12:21:46,288 - pyiron_log - INFO - collect_warnings() is not yet             implemented for SPHInX
2026-07-17 12:21:46,695 - pyiron_log - INFO - update master: None 417 modal
2026-07-17 12:21:48,112 - pyiron_log - INFO - run job: murn_job id: None, status: initialized
2026-07-17 12:21:48,598 - pyiron_log - INFO - run job: murn_job id: 418, status: created
2026-07-17 12:21:48,604 - pyiron_log - INFO - job: murn_job id: 418 run parallel master (modal)
2026-07-17 12:21:49,312 - pyiron_log - INFO - murn_job: run job murn_job_0_9
2026-07-17 12:21:49,319 - pyiron_log - INFO - run job: murn_job_0_9 id: None, status: initialized
2026-07-17 12:21:49,503 - pyiron_log - INFO - run job: murn_job_0_9 id: 419, status: created
2026-07-17 12:22:01,434 - pyiron_log - INFO - murn_job: finished job murn_job_0_9
2026-07-17 12:22:01,922 - pyiron_log - INFO - murn_job: run job murn_job_0_92
2026-07-17 12:22:01,929 - pyiron_log - INFO - run job: murn_job_0_92 id: None, status: initialized
2026-07-17 12:22:02,132 - pyiron_log - INFO - run job: murn_job_0_92 id: 420, status: created
2026-07-17 12:22:12,909 - pyiron_log - INFO - murn_job: finished job murn_job_0_92
2026-07-17 12:22:13,357 - pyiron_log - INFO - murn_job: run job murn_job_0_94
2026-07-17 12:22:13,365 - pyiron_log - INFO - run job: murn_job_0_94 id: None, status: initialized
2026-07-17 12:22:13,553 - pyiron_log - INFO - run job: murn_job_0_94 id: 421, status: created
2026-07-17 12:22:24,632 - pyiron_log - INFO - murn_job: finished job murn_job_0_94
2026-07-17 12:22:25,160 - pyiron_log - INFO - murn_job: run job murn_job_0_96
2026-07-17 12:22:25,166 - pyiron_log - INFO - run job: murn_job_0_96 id: None, status: initialized
2026-07-17 12:22:25,346 - pyiron_log - INFO - run job: murn_job_0_96 id: 422, status: created
2026-07-17 12:22:36,396 - pyiron_log - INFO - murn_job: finished job murn_job_0_96
2026-07-17 12:22:36,846 - pyiron_log - INFO - murn_job: run job murn_job_0_98
2026-07-17 12:22:36,853 - pyiron_log - INFO - run job: murn_job_0_98 id: None, status: initialized
2026-07-17 12:22:37,025 - pyiron_log - INFO - run job: murn_job_0_98 id: 423, status: created
2026-07-17 12:22:48,230 - pyiron_log - INFO - murn_job: finished job murn_job_0_98
2026-07-17 12:22:48,830 - pyiron_log - INFO - murn_job: run job murn_job_1_0
2026-07-17 12:22:48,840 - pyiron_log - INFO - run job: murn_job_1_0 id: None, status: initialized
2026-07-17 12:22:49,041 - pyiron_log - INFO - run job: murn_job_1_0 id: 424, status: created
2026-07-17 12:23:00,366 - pyiron_log - INFO - murn_job: finished job murn_job_1_0
2026-07-17 12:23:00,847 - pyiron_log - INFO - murn_job: run job murn_job_1_02
2026-07-17 12:23:00,853 - pyiron_log - INFO - run job: murn_job_1_02 id: None, status: initialized
2026-07-17 12:23:01,073 - pyiron_log - INFO - run job: murn_job_1_02 id: 425, status: created
2026-07-17 12:23:11,308 - pyiron_log - INFO - murn_job: finished job murn_job_1_02
2026-07-17 12:23:11,845 - pyiron_log - INFO - murn_job: run job murn_job_1_04
2026-07-17 12:23:11,852 - pyiron_log - INFO - run job: murn_job_1_04 id: None, status: initialized
2026-07-17 12:23:12,078 - pyiron_log - INFO - run job: murn_job_1_04 id: 426, status: created
2026-07-17 12:23:21,882 - pyiron_log - INFO - murn_job: finished job murn_job_1_04
2026-07-17 12:23:22,345 - pyiron_log - INFO - murn_job: run job murn_job_1_06
2026-07-17 12:23:22,350 - pyiron_log - INFO - run job: murn_job_1_06 id: None, status: initialized
2026-07-17 12:23:22,544 - pyiron_log - INFO - run job: murn_job_1_06 id: 427, status: created
2026-07-17 12:23:33,119 - pyiron_log - INFO - murn_job: finished job murn_job_1_06
2026-07-17 12:23:33,566 - pyiron_log - INFO - murn_job: run job murn_job_1_08
2026-07-17 12:23:33,573 - pyiron_log - INFO - run job: murn_job_1_08 id: None, status: initialized
2026-07-17 12:23:33,744 - pyiron_log - INFO - run job: murn_job_1_08 id: 428, status: created
2026-07-17 12:23:43,211 - pyiron_log - INFO - murn_job: finished job murn_job_1_08
2026-07-17 12:23:43,672 - pyiron_log - INFO - murn_job: run job murn_job_1_1
2026-07-17 12:23:43,678 - pyiron_log - INFO - run job: murn_job_1_1 id: None, status: initialized
2026-07-17 12:23:43,863 - pyiron_log - INFO - run job: murn_job_1_1 id: 429, status: created
2026-07-17 12:23:54,652 - pyiron_log - INFO - murn_job: finished job murn_job_1_1
2026-07-17 12:23:54,661 - pyiron_log - INFO - run job: murn_job id: 418, status: collect
2026-07-17 12:23:54,663 - pyiron_log - INFO - job: murn_job id: 418, status: collect, finished
2026-07-17 12:23:55,961 - pyiron_log - INFO - job: murn_job id: 418, status: finished, parallel master
2026-07-17 12:23:55,963 - pyiron_log - INFO - update master: None 418 modal
2026-07-17 12:28:43,091 - pyiron_log - INFO - run job: calc_energy_og id: None, status: initialized
2026-07-17 12:28:50,764 - pyiron_log - INFO - run job: calc_energy_og id: 430, status: created
2026-07-17 12:28:50,774 - pyiron_log - INFO - job: calc_energy_og id: 430, status: running, run job (modal)
2026-07-17 12:30:14,714 - pyiron_log - INFO - job: calc_energy_og id: 430, status: running, output: mkfifo: cannot create fifo 'sxctrl': Operation not supported
mkfifo: cannot create fifo 'sxres': Operation not supported

2026-07-17 12:30:14,725 - pyiron_log - INFO - run job: calc_energy_og id: 430, status: collect
2026-07-17 12:30:16,347 - pyiron_log - INFO - collect_errors() is not yet implemented for SPHInX
2026-07-17 12:30:16,348 - pyiron_log - INFO - collect_warnings() is not yet             implemented for SPHInX
2026-07-17 12:30:16,774 - pyiron_log - INFO - update master: None 430 modal
2026-07-17 12:30:17,418 - pyiron_log - INFO - run job: calc_potential id: None, status: initialized
2026-07-17 12:30:17,617 - pyiron_log - INFO - run job: calc_potential id: 431, status: created
2026-07-17 12:30:37,024 - pyiron_log - INFO - run job: relax_defect id: None, status: initialized
2026-07-17 12:30:37,197 - pyiron_log - INFO - run job: relax_defect id: 432, status: created
2026-07-17 12:35:38,855 - pyiron_log - INFO - run job: calc_energy_defect id: None, status: initialized
2026-07-17 12:35:45,042 - pyiron_log - INFO - run job: calc_energy_defect id: 433, status: created
2026-07-17 12:35:45,055 - pyiron_log - INFO - job: calc_energy_defect id: 433, status: running, run job (modal)
2026-07-17 12:38:00,968 - pyiron_log - INFO - job: calc_energy_defect id: 433, status: running, output: mkfifo: cannot create fifo 'sxctrl': Operation not supported
mkfifo: cannot create fifo 'sxres': Operation not supported

2026-07-17 12:38:00,984 - pyiron_log - INFO - run job: calc_energy_defect id: 433, status: collect
2026-07-17 12:38:03,443 - pyiron_log - INFO - collect_errors() is not yet implemented for SPHInX
2026-07-17 12:38:03,445 - pyiron_log - INFO - collect_warnings() is not yet             implemented for SPHInX
2026-07-17 12:38:04,134 - pyiron_log - INFO - update master: None 433 modal
2026-07-17 12:38:05,980 - pyiron_log - INFO - run job: murn_job id: None, status: initialized
2026-07-17 12:38:06,368 - pyiron_log - INFO - run job: murn_job id: 434, status: created
2026-07-17 12:38:06,373 - pyiron_log - INFO - job: murn_job id: 434 run parallel master (modal)
2026-07-17 12:38:06,927 - pyiron_log - INFO - murn_job: run job murn_job_0_9
2026-07-17 12:38:06,935 - pyiron_log - INFO - run job: murn_job_0_9 id: None, status: initialized
2026-07-17 12:38:07,167 - pyiron_log - INFO - run job: murn_job_0_9 id: 435, status: created
2026-07-17 12:38:23,847 - pyiron_log - INFO - murn_job: finished job murn_job_0_9
2026-07-17 12:38:24,944 - pyiron_log - INFO - murn_job: run job murn_job_0_92
2026-07-17 12:38:24,958 - pyiron_log - INFO - run job: murn_job_0_92 id: None, status: initialized
2026-07-17 12:38:25,322 - pyiron_log - INFO - run job: murn_job_0_92 id: 436, status: created
2026-07-17 12:38:40,220 - pyiron_log - INFO - murn_job: finished job murn_job_0_92
2026-07-17 12:38:40,718 - pyiron_log - INFO - murn_job: run job murn_job_0_94
2026-07-17 12:38:40,728 - pyiron_log - INFO - run job: murn_job_0_94 id: None, status: initialized
2026-07-17 12:38:40,898 - pyiron_log - INFO - run job: murn_job_0_94 id: 437, status: created
2026-07-17 12:38:52,196 - pyiron_log - INFO - murn_job: finished job murn_job_0_94
2026-07-17 12:38:52,892 - pyiron_log - INFO - murn_job: run job murn_job_0_96
2026-07-17 12:38:52,900 - pyiron_log - INFO - run job: murn_job_0_96 id: None, status: initialized
2026-07-17 12:38:53,094 - pyiron_log - INFO - run job: murn_job_0_96 id: 438, status: created
2026-07-17 12:39:07,669 - pyiron_log - INFO - murn_job: finished job murn_job_0_96
2026-07-17 12:39:08,117 - pyiron_log - INFO - murn_job: run job murn_job_0_98
2026-07-17 12:39:08,122 - pyiron_log - INFO - run job: murn_job_0_98 id: None, status: initialized
2026-07-17 12:39:08,265 - pyiron_log - INFO - run job: murn_job_0_98 id: 439, status: created
2026-07-17 12:39:21,340 - pyiron_log - INFO - murn_job: finished job murn_job_0_98
2026-07-17 12:39:21,866 - pyiron_log - INFO - murn_job: run job murn_job_1_0
2026-07-17 12:39:21,876 - pyiron_log - INFO - run job: murn_job_1_0 id: None, status: initialized
2026-07-17 12:39:22,124 - pyiron_log - INFO - run job: murn_job_1_0 id: 440, status: created
2026-07-17 12:39:35,750 - pyiron_log - INFO - murn_job: finished job murn_job_1_0
2026-07-17 12:39:36,216 - pyiron_log - INFO - murn_job: run job murn_job_1_02
2026-07-17 12:39:36,226 - pyiron_log - INFO - run job: murn_job_1_02 id: None, status: initialized
2026-07-17 12:39:36,395 - pyiron_log - INFO - run job: murn_job_1_02 id: 441, status: created
2026-07-17 12:39:48,581 - pyiron_log - INFO - murn_job: finished job murn_job_1_02
2026-07-17 12:39:49,201 - pyiron_log - INFO - murn_job: run job murn_job_1_04
2026-07-17 12:39:49,210 - pyiron_log - INFO - run job: murn_job_1_04 id: None, status: initialized
2026-07-17 12:39:49,518 - pyiron_log - INFO - run job: murn_job_1_04 id: 442, status: created
2026-07-17 12:40:02,654 - pyiron_log - INFO - murn_job: finished job murn_job_1_04
2026-07-17 12:40:03,230 - pyiron_log - INFO - murn_job: run job murn_job_1_06
2026-07-17 12:40:03,238 - pyiron_log - INFO - run job: murn_job_1_06 id: None, status: initialized
2026-07-17 12:40:03,421 - pyiron_log - INFO - run job: murn_job_1_06 id: 443, status: created
2026-07-17 12:40:14,097 - pyiron_log - INFO - murn_job: finished job murn_job_1_06
2026-07-17 12:40:14,547 - pyiron_log - INFO - murn_job: run job murn_job_1_08
2026-07-17 12:40:14,558 - pyiron_log - INFO - run job: murn_job_1_08 id: None, status: initialized
2026-07-17 12:40:14,765 - pyiron_log - INFO - run job: murn_job_1_08 id: 444, status: created
2026-07-17 12:40:26,873 - pyiron_log - INFO - murn_job: finished job murn_job_1_08
2026-07-17 12:40:27,620 - pyiron_log - INFO - murn_job: run job murn_job_1_1
2026-07-17 12:40:27,630 - pyiron_log - INFO - run job: murn_job_1_1 id: None, status: initialized
2026-07-17 12:40:27,854 - pyiron_log - INFO - run job: murn_job_1_1 id: 445, status: created
2026-07-17 12:40:40,485 - pyiron_log - INFO - murn_job: finished job murn_job_1_1
2026-07-17 12:40:40,497 - pyiron_log - INFO - run job: murn_job id: 434, status: collect
2026-07-17 12:40:40,498 - pyiron_log - INFO - job: murn_job id: 434, status: collect, finished
2026-07-17 12:40:41,975 - pyiron_log - INFO - job: murn_job id: 434, status: finished, parallel master
2026-07-17 12:40:41,977 - pyiron_log - INFO - update master: None 434 modal
2026-07-17 12:44:13,908 - pyiron_log - INFO - run job: calc_potential id: None, status: initialized
2026-07-17 12:44:14,134 - pyiron_log - INFO - run job: calc_potential id: 446, status: created
2026-07-17 12:44:33,473 - pyiron_log - INFO - run job: calc_energy_og id: None, status: initialized
2026-07-17 12:44:33,662 - pyiron_log - INFO - run job: calc_energy_og id: 447, status: created
2026-07-17 12:49:50,772 - pyiron_log - INFO - run job: relax_defect id: None, status: initialized
2026-07-17 12:50:00,229 - pyiron_log - INFO - run job: relax_defect id: 448, status: created
2026-07-17 12:50:00,246 - pyiron_log - INFO - job: relax_defect id: 448, status: running, run job (modal)
2026-07-17 12:54:33,706 - pyiron_log - INFO - job: relax_defect id: 448, status: running, output: mkfifo: cannot create fifo 'sxctrl': Operation not supported
mkfifo: cannot create fifo 'sxres': Operation not supported

2026-07-17 12:54:33,721 - pyiron_log - INFO - run job: relax_defect id: 448, status: collect
2026-07-17 12:54:35,729 - pyiron_log - INFO - collect_errors() is not yet implemented for SPHInX
2026-07-17 12:54:35,730 - pyiron_log - INFO - collect_warnings() is not yet             implemented for SPHInX
2026-07-17 12:54:36,045 - pyiron_log - INFO - update master: None 448 modal
2026-07-17 12:54:37,332 - pyiron_log - WARNING - Could not access indices, returning None!
2026-07-17 12:54:37,696 - pyiron_log - WARNING - Could not access indices, returning None!
2026-07-17 12:54:38,397 - pyiron_log - INFO - run job: calc_energy_defect id: None, status: initialized
2026-07-17 12:54:38,741 - pyiron_log - INFO - run job: calc_energy_defect id: 449, status: created
2026-07-17 12:58:50,726 - pyiron_log - INFO - run job: murn_job id: None, status: initialized
2026-07-17 12:58:51,093 - pyiron_log - INFO - run job: murn_job id: 450, status: created
2026-07-17 12:58:51,097 - pyiron_log - INFO - job: murn_job id: 450 run parallel master (modal)
2026-07-17 12:58:51,646 - pyiron_log - INFO - murn_job: run job murn_job_0_9
2026-07-17 12:58:51,652 - pyiron_log - INFO - run job: murn_job_0_9 id: None, status: initialized
2026-07-17 12:58:51,868 - pyiron_log - INFO - run job: murn_job_0_9 id: 451, status: created
2026-07-17 12:59:05,537 - pyiron_log - INFO - murn_job: finished job murn_job_0_9
2026-07-17 12:59:06,144 - pyiron_log - INFO - murn_job: run job murn_job_0_92
2026-07-17 12:59:06,152 - pyiron_log - INFO - run job: murn_job_0_92 id: None, status: initialized
2026-07-17 12:59:06,393 - pyiron_log - INFO - run job: murn_job_0_92 id: 452, status: created
2026-07-17 12:59:19,082 - pyiron_log - INFO - murn_job: finished job murn_job_0_92
2026-07-17 12:59:19,556 - pyiron_log - INFO - murn_job: run job murn_job_0_94
2026-07-17 12:59:19,563 - pyiron_log - INFO - run job: murn_job_0_94 id: None, status: initialized
2026-07-17 12:59:19,764 - pyiron_log - INFO - run job: murn_job_0_94 id: 453, status: created
2026-07-17 12:59:31,922 - pyiron_log - INFO - murn_job: finished job murn_job_0_94
2026-07-17 12:59:32,405 - pyiron_log - INFO - murn_job: run job murn_job_0_96
2026-07-17 12:59:32,412 - pyiron_log - INFO - run job: murn_job_0_96 id: None, status: initialized
2026-07-17 12:59:32,693 - pyiron_log - INFO - run job: murn_job_0_96 id: 454, status: created
2026-07-17 12:59:43,944 - pyiron_log - INFO - murn_job: finished job murn_job_0_96
2026-07-17 12:59:44,465 - pyiron_log - INFO - murn_job: run job murn_job_0_98
2026-07-17 12:59:44,470 - pyiron_log - INFO - run job: murn_job_0_98 id: None, status: initialized
2026-07-17 12:59:44,626 - pyiron_log - INFO - run job: murn_job_0_98 id: 455, status: created
2026-07-17 12:59:57,016 - pyiron_log - INFO - murn_job: finished job murn_job_0_98
2026-07-17 12:59:57,545 - pyiron_log - INFO - murn_job: run job murn_job_1_0
2026-07-17 12:59:57,555 - pyiron_log - INFO - run job: murn_job_1_0 id: None, status: initialized
2026-07-17 12:59:57,804 - pyiron_log - INFO - run job: murn_job_1_0 id: 456, status: created
2026-07-17 13:00:10,598 - pyiron_log - INFO - murn_job: finished job murn_job_1_0
2026-07-17 13:00:11,005 - pyiron_log - INFO - murn_job: run job murn_job_1_02
2026-07-17 13:00:11,013 - pyiron_log - INFO - run job: murn_job_1_02 id: None, status: initialized
2026-07-17 13:00:11,172 - pyiron_log - INFO - run job: murn_job_1_02 id: 457, status: created
2026-07-17 13:00:22,554 - pyiron_log - INFO - murn_job: finished job murn_job_1_02
2026-07-17 13:00:23,203 - pyiron_log - INFO - murn_job: run job murn_job_1_04
2026-07-17 13:00:23,211 - pyiron_log - INFO - run job: murn_job_1_04 id: None, status: initialized
2026-07-17 13:00:23,448 - pyiron_log - INFO - run job: murn_job_1_04 id: 458, status: created
2026-07-17 13:00:34,832 - pyiron_log - INFO - murn_job: finished job murn_job_1_04
2026-07-17 13:00:35,448 - pyiron_log - INFO - murn_job: run job murn_job_1_06
2026-07-17 13:00:35,457 - pyiron_log - INFO - run job: murn_job_1_06 id: None, status: initialized
2026-07-17 13:00:35,658 - pyiron_log - INFO - run job: murn_job_1_06 id: 459, status: created
2026-07-17 13:00:45,610 - pyiron_log - INFO - murn_job: finished job murn_job_1_06
2026-07-17 13:00:46,024 - pyiron_log - INFO - murn_job: run job murn_job_1_08
2026-07-17 13:00:46,035 - pyiron_log - INFO - run job: murn_job_1_08 id: None, status: initialized
2026-07-17 13:00:46,194 - pyiron_log - INFO - run job: murn_job_1_08 id: 460, status: created
2026-07-17 13:00:57,491 - pyiron_log - INFO - murn_job: finished job murn_job_1_08
2026-07-17 13:00:58,030 - pyiron_log - INFO - murn_job: run job murn_job_1_1
2026-07-17 13:00:58,036 - pyiron_log - INFO - run job: murn_job_1_1 id: None, status: initialized
2026-07-17 13:00:58,222 - pyiron_log - INFO - run job: murn_job_1_1 id: 461, status: created
2026-07-17 13:01:10,994 - pyiron_log - INFO - murn_job: finished job murn_job_1_1
2026-07-17 13:01:11,005 - pyiron_log - INFO - run job: murn_job id: 450, status: collect
2026-07-17 13:01:11,006 - pyiron_log - INFO - job: murn_job id: 450, status: collect, finished
2026-07-17 13:01:12,152 - pyiron_log - INFO - job: murn_job id: 450, status: finished, parallel master
2026-07-17 13:01:12,154 - pyiron_log - INFO - update master: None 450 modal
2026-07-17 13:07:15,006 - pyiron_log - INFO - run job: calc_potential id: None, status: initialized
2026-07-17 13:07:15,260 - pyiron_log - INFO - run job: calc_potential id: 462, status: created
2026-07-17 13:07:30,056 - pyiron_log - INFO - run job: calc_potential id: None, status: initialized
2026-07-17 13:07:30,277 - pyiron_log - INFO - run job: calc_potential id: 462, status: created
2026-07-17 13:07:52,753 - pyiron_log - INFO - run job: calc_potential id: None, status: initialized
2026-07-17 13:07:53,020 - pyiron_log - INFO - run job: calc_potential id: 462, status: created
2026-07-17 13:08:10,849 - pyiron_log - INFO - run job: murn_job id: None, status: initialized
2026-07-17 13:08:11,200 - pyiron_log - INFO - run job: murn_job id: 463, status: created
2026-07-17 13:08:11,204 - pyiron_log - INFO - job: murn_job id: 463 run parallel master (modal)
2026-07-17 13:08:12,034 - pyiron_log - INFO - murn_job: run job murn_job_0_9
2026-07-17 13:08:12,040 - pyiron_log - INFO - run job: murn_job_0_9 id: None, status: initialized
2026-07-17 13:08:12,193 - pyiron_log - INFO - run job: murn_job_0_9 id: 464, status: created
2026-07-17 13:08:22,718 - pyiron_log - INFO - murn_job: finished job murn_job_0_9
2026-07-17 13:08:23,115 - pyiron_log - INFO - murn_job: run job murn_job_0_92
2026-07-17 13:08:23,123 - pyiron_log - INFO - run job: murn_job_0_92 id: None, status: initialized
2026-07-17 13:08:23,287 - pyiron_log - INFO - run job: murn_job_0_92 id: 465, status: created
2026-07-17 13:08:37,052 - pyiron_log - INFO - murn_job: finished job murn_job_0_92
2026-07-17 13:08:37,490 - pyiron_log - INFO - murn_job: run job murn_job_0_94
2026-07-17 13:08:37,496 - pyiron_log - INFO - run job: murn_job_0_94 id: None, status: initialized
2026-07-17 13:08:37,649 - pyiron_log - INFO - run job: murn_job_0_94 id: 466, status: created
2026-07-17 13:08:51,235 - pyiron_log - INFO - murn_job: finished job murn_job_0_94
2026-07-17 13:08:51,827 - pyiron_log - INFO - murn_job: run job murn_job_0_96
2026-07-17 13:08:51,836 - pyiron_log - INFO - run job: murn_job_0_96 id: None, status: initialized
2026-07-17 13:08:52,034 - pyiron_log - INFO - run job: murn_job_0_96 id: 467, status: created
2026-07-17 13:09:03,649 - pyiron_log - INFO - murn_job: finished job murn_job_0_96
2026-07-17 13:09:04,247 - pyiron_log - INFO - murn_job: run job murn_job_0_98
2026-07-17 13:09:04,258 - pyiron_log - INFO - run job: murn_job_0_98 id: None, status: initialized
2026-07-17 13:09:04,546 - pyiron_log - INFO - run job: murn_job_0_98 id: 468, status: created
2026-07-17 13:09:16,492 - pyiron_log - INFO - murn_job: finished job murn_job_0_98
2026-07-17 13:09:16,906 - pyiron_log - INFO - murn_job: run job murn_job_1_0
2026-07-17 13:09:16,916 - pyiron_log - INFO - run job: murn_job_1_0 id: None, status: initialized
2026-07-17 13:09:17,118 - pyiron_log - INFO - run job: murn_job_1_0 id: 469, status: created
2026-07-17 13:09:28,223 - pyiron_log - INFO - murn_job: finished job murn_job_1_0
2026-07-17 13:09:28,670 - pyiron_log - INFO - murn_job: run job murn_job_1_02
2026-07-17 13:09:28,677 - pyiron_log - INFO - run job: murn_job_1_02 id: None, status: initialized
2026-07-17 13:09:28,868 - pyiron_log - INFO - run job: murn_job_1_02 id: 470, status: created
2026-07-17 13:09:39,937 - pyiron_log - INFO - murn_job: finished job murn_job_1_02
2026-07-17 13:09:40,346 - pyiron_log - INFO - murn_job: run job murn_job_1_04
2026-07-17 13:09:40,355 - pyiron_log - INFO - run job: murn_job_1_04 id: None, status: initialized
2026-07-17 13:09:40,506 - pyiron_log - INFO - run job: murn_job_1_04 id: 471, status: created
2026-07-17 13:09:50,378 - pyiron_log - INFO - murn_job: finished job murn_job_1_04
2026-07-17 13:09:50,791 - pyiron_log - INFO - murn_job: run job murn_job_1_06
2026-07-17 13:09:50,797 - pyiron_log - INFO - run job: murn_job_1_06 id: None, status: initialized
2026-07-17 13:09:50,969 - pyiron_log - INFO - run job: murn_job_1_06 id: 472, status: created
2026-07-17 13:10:01,504 - pyiron_log - INFO - murn_job: finished job murn_job_1_06
2026-07-17 13:10:02,011 - pyiron_log - INFO - murn_job: run job murn_job_1_08
2026-07-17 13:10:02,016 - pyiron_log - INFO - run job: murn_job_1_08 id: None, status: initialized
2026-07-17 13:10:02,175 - pyiron_log - INFO - run job: murn_job_1_08 id: 473, status: created
2026-07-17 13:10:12,915 - pyiron_log - INFO - murn_job: finished job murn_job_1_08
2026-07-17 13:10:13,349 - pyiron_log - INFO - murn_job: run job murn_job_1_1
2026-07-17 13:10:13,358 - pyiron_log - INFO - run job: murn_job_1_1 id: None, status: initialized
2026-07-17 13:10:13,520 - pyiron_log - INFO - run job: murn_job_1_1 id: 474, status: created
2026-07-17 13:10:23,578 - pyiron_log - INFO - murn_job: finished job murn_job_1_1
2026-07-17 13:10:23,590 - pyiron_log - INFO - run job: murn_job id: 463, status: collect
2026-07-17 13:10:23,592 - pyiron_log - INFO - job: murn_job id: 463, status: collect, finished
2026-07-17 13:10:24,935 - pyiron_log - INFO - job: murn_job id: 463, status: finished, parallel master
2026-07-17 13:10:24,937 - pyiron_log - INFO - update master: None 463 modal
2026-07-17 13:10:25,096 - pyiron_log - INFO - run job: calc_energy_og id: None, status: initialized
2026-07-17 13:10:31,828 - pyiron_log - INFO - run job: calc_energy_og id: 475, status: created
2026-07-17 13:10:31,845 - pyiron_log - INFO - job: calc_energy_og id: 475, status: running, run job (modal)
2026-07-17 13:11:49,401 - pyiron_log - INFO - job: calc_energy_og id: 475, status: running, output: mkfifo: cannot create fifo 'sxctrl': Operation not supported
mkfifo: cannot create fifo 'sxres': Operation not supported

2026-07-17 13:11:49,412 - pyiron_log - INFO - run job: calc_energy_og id: 475, status: collect
2026-07-17 13:11:50,930 - pyiron_log - INFO - collect_errors() is not yet implemented for SPHInX
2026-07-17 13:11:50,931 - pyiron_log - INFO - collect_warnings() is not yet             implemented for SPHInX
2026-07-17 13:11:51,288 - pyiron_log - INFO - update master: None 475 modal
2026-07-17 13:12:18,330 - pyiron_log - INFO - run job: relax_defect id: 338, status: finished
2026-07-17 13:12:18,331 - pyiron_log - WARNING - The job relax_defect is being loaded instead of running. To re-run use the argument 'delete_existing_job=True in create_job'
2026-07-17 13:12:47,101 - pyiron_log - WARNING - Could not access indices, returning None!
2026-07-17 13:12:47,485 - pyiron_log - WARNING - Could not access indices, returning None!
2026-07-17 13:12:48,458 - pyiron_log - INFO - run job: calc_energy_defect id: None, status: initialized
2026-07-17 13:12:55,538 - pyiron_log - INFO - run job: calc_energy_defect id: 476, status: created
2026-07-17 13:12:55,552 - pyiron_log - INFO - job: calc_energy_defect id: 476, status: running, run job (modal)
2026-07-17 13:16:08,109 - pyiron_log - INFO - job: calc_energy_defect id: 476, status: running, output: mkfifo: cannot create fifo 'sxctrl': Operation not supported
mkfifo: cannot create fifo 'sxres': Operation not supported

2026-07-17 13:16:08,125 - pyiron_log - INFO - run job: calc_energy_defect id: 476, status: collect
2026-07-17 13:16:09,955 - pyiron_log - INFO - collect_errors() is not yet implemented for SPHInX
2026-07-17 13:16:09,956 - pyiron_log - INFO - collect_warnings() is not yet             implemented for SPHInX
2026-07-17 13:16:10,386 - pyiron_log - INFO - update master: None 476 modal
2026-07-17 13:18:47,508 - pyiron_log - INFO - run job: calc_potential id: None, status: initialized
2026-07-17 13:18:47,752 - pyiron_log - INFO - run job: calc_potential id: 477, status: created
2026-07-17 13:19:05,215 - pyiron_log - INFO - run job: murn_job id: None, status: initialized
2026-07-17 13:19:05,538 - pyiron_log - INFO - run job: murn_job id: 478, status: created
2026-07-17 13:19:05,545 - pyiron_log - INFO - job: murn_job id: 478 run parallel master (modal)
2026-07-17 13:19:06,411 - pyiron_log - INFO - murn_job: run job murn_job_0_9
2026-07-17 13:19:06,419 - pyiron_log - INFO - run job: murn_job_0_9 id: None, status: initialized
2026-07-17 13:19:06,681 - pyiron_log - INFO - run job: murn_job_0_9 id: 479, status: created
2026-07-17 13:19:18,241 - pyiron_log - INFO - murn_job: finished job murn_job_0_9
2026-07-17 13:19:18,661 - pyiron_log - INFO - murn_job: run job murn_job_0_92
2026-07-17 13:19:18,667 - pyiron_log - INFO - run job: murn_job_0_92 id: None, status: initialized
2026-07-17 13:19:18,816 - pyiron_log - INFO - run job: murn_job_0_92 id: 480, status: created
2026-07-17 13:19:31,452 - pyiron_log - INFO - murn_job: finished job murn_job_0_92
2026-07-17 13:19:31,938 - pyiron_log - INFO - murn_job: run job murn_job_0_94
2026-07-17 13:19:31,945 - pyiron_log - INFO - run job: murn_job_0_94 id: None, status: initialized
2026-07-17 13:19:32,099 - pyiron_log - INFO - run job: murn_job_0_94 id: 481, status: created
2026-07-17 13:19:46,351 - pyiron_log - INFO - murn_job: finished job murn_job_0_94
2026-07-17 13:19:47,207 - pyiron_log - INFO - murn_job: run job murn_job_0_96
2026-07-17 13:19:47,221 - pyiron_log - INFO - run job: murn_job_0_96 id: None, status: initialized
2026-07-17 13:19:47,788 - pyiron_log - INFO - run job: murn_job_0_96 id: 482, status: created
2026-07-17 13:20:01,052 - pyiron_log - INFO - murn_job: finished job murn_job_0_96
2026-07-17 13:20:01,595 - pyiron_log - INFO - murn_job: run job murn_job_0_98
2026-07-17 13:20:01,604 - pyiron_log - INFO - run job: murn_job_0_98 id: None, status: initialized
2026-07-17 13:20:01,840 - pyiron_log - INFO - run job: murn_job_0_98 id: 483, status: created
2026-07-17 13:20:13,730 - pyiron_log - INFO - murn_job: finished job murn_job_0_98
2026-07-17 13:20:14,279 - pyiron_log - INFO - murn_job: run job murn_job_1_0
2026-07-17 13:20:14,287 - pyiron_log - INFO - run job: murn_job_1_0 id: None, status: initialized
2026-07-17 13:20:14,466 - pyiron_log - INFO - run job: murn_job_1_0 id: 484, status: created
2026-07-17 13:20:26,160 - pyiron_log - INFO - murn_job: finished job murn_job_1_0
2026-07-17 13:20:26,661 - pyiron_log - INFO - murn_job: run job murn_job_1_02
2026-07-17 13:20:26,672 - pyiron_log - INFO - run job: murn_job_1_02 id: None, status: initialized
2026-07-17 13:20:26,872 - pyiron_log - INFO - run job: murn_job_1_02 id: 485, status: created
2026-07-17 13:20:39,194 - pyiron_log - INFO - murn_job: finished job murn_job_1_02
2026-07-17 13:20:39,800 - pyiron_log - INFO - murn_job: run job murn_job_1_04
2026-07-17 13:20:39,809 - pyiron_log - INFO - run job: murn_job_1_04 id: None, status: initialized
2026-07-17 13:20:39,977 - pyiron_log - INFO - run job: murn_job_1_04 id: 486, status: created
2026-07-17 13:20:50,691 - pyiron_log - INFO - murn_job: finished job murn_job_1_04
2026-07-17 13:20:51,168 - pyiron_log - INFO - murn_job: run job murn_job_1_06
2026-07-17 13:20:51,176 - pyiron_log - INFO - run job: murn_job_1_06 id: None, status: initialized
2026-07-17 13:20:51,374 - pyiron_log - INFO - run job: murn_job_1_06 id: 487, status: created
2026-07-17 13:21:02,343 - pyiron_log - INFO - murn_job: finished job murn_job_1_06
2026-07-17 13:21:02,809 - pyiron_log - INFO - murn_job: run job murn_job_1_08
2026-07-17 13:21:02,816 - pyiron_log - INFO - run job: murn_job_1_08 id: None, status: initialized
2026-07-17 13:21:02,999 - pyiron_log - INFO - run job: murn_job_1_08 id: 488, status: created
2026-07-17 13:21:14,013 - pyiron_log - INFO - murn_job: finished job murn_job_1_08
2026-07-17 13:21:14,570 - pyiron_log - INFO - murn_job: run job murn_job_1_1
2026-07-17 13:21:14,580 - pyiron_log - INFO - run job: murn_job_1_1 id: None, status: initialized
2026-07-17 13:21:14,770 - pyiron_log - INFO - run job: murn_job_1_1 id: 489, status: created
2026-07-17 13:21:25,870 - pyiron_log - INFO - murn_job: finished job murn_job_1_1
2026-07-17 13:21:25,880 - pyiron_log - INFO - run job: murn_job id: 478, status: collect
2026-07-17 13:21:25,881 - pyiron_log - INFO - job: murn_job id: 478, status: collect, finished
2026-07-17 13:21:27,310 - pyiron_log - INFO - job: murn_job id: 478, status: finished, parallel master
2026-07-17 13:21:27,313 - pyiron_log - INFO - update master: None 478 modal
2026-07-17 13:21:27,474 - pyiron_log - INFO - run job: calc_energy_og id: None, status: initialized
2026-07-17 13:21:34,735 - pyiron_log - INFO - run job: calc_energy_og id: 490, status: created
2026-07-17 13:21:34,752 - pyiron_log - INFO - job: calc_energy_og id: 490, status: running, run job (modal)
2026-07-17 13:23:00,208 - pyiron_log - INFO - job: calc_energy_og id: 490, status: running, output: mkfifo: cannot create fifo 'sxctrl': Operation not supported
mkfifo: cannot create fifo 'sxres': Operation not supported

2026-07-17 13:23:00,222 - pyiron_log - INFO - run job: calc_energy_og id: 490, status: collect
2026-07-17 13:23:01,943 - pyiron_log - INFO - collect_errors() is not yet implemented for SPHInX
2026-07-17 13:23:01,944 - pyiron_log - INFO - collect_warnings() is not yet             implemented for SPHInX
2026-07-17 13:23:02,355 - pyiron_log - INFO - update master: None 490 modal
2026-07-17 13:23:02,774 - pyiron_log - INFO - run job: relax_defect id: None, status: initialized
2026-07-17 13:23:09,767 - pyiron_log - INFO - run job: relax_defect id: 491, status: created
2026-07-17 13:23:09,782 - pyiron_log - INFO - job: relax_defect id: 491, status: running, run job (modal)
2026-07-17 13:27:51,655 - pyiron_log - INFO - job: relax_defect id: 491, status: running, output: mkfifo: cannot create fifo 'sxctrl': Operation not supported
mkfifo: cannot create fifo 'sxres': Operation not supported

2026-07-17 13:27:51,673 - pyiron_log - INFO - run job: relax_defect id: 491, status: collect
2026-07-17 13:27:53,705 - pyiron_log - INFO - collect_errors() is not yet implemented for SPHInX
2026-07-17 13:27:53,705 - pyiron_log - INFO - collect_warnings() is not yet             implemented for SPHInX
2026-07-17 13:27:54,241 - pyiron_log - INFO - update master: None 491 modal
2026-07-17 13:27:55,619 - pyiron_log - WARNING - Could not access indices, returning None!
2026-07-17 13:27:56,030 - pyiron_log - WARNING - Could not access indices, returning None!
2026-07-17 13:27:57,007 - pyiron_log - INFO - run job: calc_energy_defect id: None, status: initialized
2026-07-17 13:28:05,124 - pyiron_log - INFO - run job: calc_energy_defect id: 492, status: created
2026-07-17 13:28:05,139 - pyiron_log - INFO - job: calc_energy_defect id: 492, status: running, run job (modal)
2026-07-17 13:30:29,238 - pyiron_log - INFO - job: calc_energy_defect id: 492, status: running, output: mkfifo: cannot create fifo 'sxctrl': Operation not supported
mkfifo: cannot create fifo 'sxres': Operation not supported

2026-07-17 13:30:29,250 - pyiron_log - INFO - run job: calc_energy_defect id: 492, status: collect
2026-07-17 13:30:30,992 - pyiron_log - INFO - collect_errors() is not yet implemented for SPHInX
2026-07-17 13:30:30,993 - pyiron_log - INFO - collect_warnings() is not yet             implemented for SPHInX
2026-07-17 13:30:31,395 - pyiron_log - INFO - update master: None 492 modal
2026-07-17 13:31:06,969 - pyiron_log - INFO - run job: calc_potential id: None, status: initialized
2026-07-17 13:31:07,257 - pyiron_log - INFO - run job: calc_potential id: 493, status: created
2026-07-17 13:31:26,652 - pyiron_log - INFO - run job: murn_job id: None, status: initialized
2026-07-17 13:31:27,059 - pyiron_log - INFO - run job: murn_job id: 494, status: created
2026-07-17 13:31:27,065 - pyiron_log - INFO - job: murn_job id: 494 run parallel master (modal)
2026-07-17 13:31:27,929 - pyiron_log - INFO - murn_job: run job murn_job_0_9
2026-07-17 13:31:27,934 - pyiron_log - INFO - run job: murn_job_0_9 id: None, status: initialized
2026-07-17 13:31:28,131 - pyiron_log - INFO - run job: murn_job_0_9 id: 495, status: created
2026-07-17 13:31:40,484 - pyiron_log - INFO - murn_job: finished job murn_job_0_9
2026-07-17 13:31:40,987 - pyiron_log - INFO - murn_job: run job murn_job_0_92
2026-07-17 13:31:40,997 - pyiron_log - INFO - run job: murn_job_0_92 id: None, status: initialized
2026-07-17 13:31:41,187 - pyiron_log - INFO - run job: murn_job_0_92 id: 496, status: created
2026-07-17 13:31:53,478 - pyiron_log - INFO - murn_job: finished job murn_job_0_92
2026-07-17 13:31:53,966 - pyiron_log - INFO - murn_job: run job murn_job_0_94
2026-07-17 13:31:53,972 - pyiron_log - INFO - run job: murn_job_0_94 id: None, status: initialized
2026-07-17 13:31:54,140 - pyiron_log - INFO - run job: murn_job_0_94 id: 497, status: created
2026-07-17 13:32:05,262 - pyiron_log - INFO - murn_job: finished job murn_job_0_94
2026-07-17 13:32:05,682 - pyiron_log - INFO - murn_job: run job murn_job_0_96
2026-07-17 13:32:05,691 - pyiron_log - INFO - run job: murn_job_0_96 id: None, status: initialized
2026-07-17 13:32:05,861 - pyiron_log - INFO - run job: murn_job_0_96 id: 498, status: created
2026-07-17 13:32:16,254 - pyiron_log - INFO - murn_job: finished job murn_job_0_96
2026-07-17 13:32:16,655 - pyiron_log - INFO - murn_job: run job murn_job_0_98
2026-07-17 13:32:16,663 - pyiron_log - INFO - run job: murn_job_0_98 id: None, status: initialized
2026-07-17 13:32:16,823 - pyiron_log - INFO - run job: murn_job_0_98 id: 499, status: created
2026-07-17 13:32:29,974 - pyiron_log - INFO - murn_job: finished job murn_job_0_98
2026-07-17 13:32:30,430 - pyiron_log - INFO - murn_job: run job murn_job_1_0
2026-07-17 13:32:30,436 - pyiron_log - INFO - run job: murn_job_1_0 id: None, status: initialized
2026-07-17 13:32:30,621 - pyiron_log - INFO - run job: murn_job_1_0 id: 500, status: created
2026-07-17 13:32:43,165 - pyiron_log - INFO - murn_job: finished job murn_job_1_0
2026-07-17 13:32:43,621 - pyiron_log - INFO - murn_job: run job murn_job_1_02
2026-07-17 13:32:43,627 - pyiron_log - INFO - run job: murn_job_1_02 id: None, status: initialized
2026-07-17 13:32:43,856 - pyiron_log - INFO - run job: murn_job_1_02 id: 501, status: created
2026-07-17 13:32:55,872 - pyiron_log - INFO - murn_job: finished job murn_job_1_02
2026-07-17 13:32:56,313 - pyiron_log - INFO - murn_job: run job murn_job_1_04
2026-07-17 13:32:56,319 - pyiron_log - INFO - run job: murn_job_1_04 id: None, status: initialized
2026-07-17 13:32:56,498 - pyiron_log - INFO - run job: murn_job_1_04 id: 502, status: created
2026-07-17 13:33:07,024 - pyiron_log - INFO - murn_job: finished job murn_job_1_04
2026-07-17 13:33:07,509 - pyiron_log - INFO - murn_job: run job murn_job_1_06
2026-07-17 13:33:07,517 - pyiron_log - INFO - run job: murn_job_1_06 id: None, status: initialized
2026-07-17 13:33:07,698 - pyiron_log - INFO - run job: murn_job_1_06 id: 503, status: created
2026-07-17 13:33:20,074 - pyiron_log - INFO - murn_job: finished job murn_job_1_06
2026-07-17 13:33:20,732 - pyiron_log - INFO - murn_job: run job murn_job_1_08
2026-07-17 13:33:20,739 - pyiron_log - INFO - run job: murn_job_1_08 id: None, status: initialized
2026-07-17 13:33:20,925 - pyiron_log - INFO - run job: murn_job_1_08 id: 504, status: created
2026-07-17 13:33:33,237 - pyiron_log - INFO - murn_job: finished job murn_job_1_08
2026-07-17 13:33:33,761 - pyiron_log - INFO - murn_job: run job murn_job_1_1
2026-07-17 13:33:33,767 - pyiron_log - INFO - run job: murn_job_1_1 id: None, status: initialized
2026-07-17 13:33:33,918 - pyiron_log - INFO - run job: murn_job_1_1 id: 505, status: created
2026-07-17 13:33:46,380 - pyiron_log - INFO - murn_job: finished job murn_job_1_1
2026-07-17 13:33:46,392 - pyiron_log - INFO - run job: murn_job id: 494, status: collect
2026-07-17 13:33:46,393 - pyiron_log - INFO - job: murn_job id: 494, status: collect, finished
2026-07-17 13:33:47,704 - pyiron_log - INFO - job: murn_job id: 494, status: finished, parallel master
2026-07-17 13:33:47,707 - pyiron_log - INFO - update master: None 494 modal
2026-07-17 13:33:47,848 - pyiron_log - INFO - run job: calc_energy_og id: None, status: initialized
2026-07-17 13:33:54,803 - pyiron_log - INFO - run job: calc_energy_og id: 506, status: created
2026-07-17 13:33:54,818 - pyiron_log - INFO - job: calc_energy_og id: 506, status: running, run job (modal)
2026-07-17 13:35:16,818 - pyiron_log - INFO - job: calc_energy_og id: 506, status: running, output: mkfifo: cannot create fifo 'sxctrl': Operation not supported
mkfifo: cannot create fifo 'sxres': Operation not supported

2026-07-17 13:35:16,832 - pyiron_log - INFO - run job: calc_energy_og id: 506, status: collect
2026-07-17 13:35:18,429 - pyiron_log - INFO - collect_errors() is not yet implemented for SPHInX
2026-07-17 13:35:18,429 - pyiron_log - INFO - collect_warnings() is not yet             implemented for SPHInX
2026-07-17 13:35:18,799 - pyiron_log - INFO - update master: None 506 modal
2026-07-17 13:35:19,192 - pyiron_log - INFO - run job: relax_defect id: None, status: initialized
2026-07-17 13:35:28,135 - pyiron_log - INFO - run job: relax_defect id: 507, status: created
2026-07-17 13:35:28,167 - pyiron_log - INFO - job: relax_defect id: 507, status: running, run job (modal)
2026-07-17 13:39:53,273 - pyiron_log - INFO - job: relax_defect id: 507, status: running, output: mkfifo: cannot create fifo 'sxctrl': Operation not supported
mkfifo: cannot create fifo 'sxres': Operation not supported

2026-07-17 13:39:53,288 - pyiron_log - INFO - run job: relax_defect id: 507, status: collect
2026-07-17 13:39:55,032 - pyiron_log - INFO - collect_errors() is not yet implemented for SPHInX
2026-07-17 13:39:55,033 - pyiron_log - INFO - collect_warnings() is not yet             implemented for SPHInX
2026-07-17 13:39:55,435 - pyiron_log - INFO - update master: None 507 modal
2026-07-17 13:39:56,676 - pyiron_log - WARNING - Could not access indices, returning None!
2026-07-17 13:39:57,060 - pyiron_log - WARNING - Could not access indices, returning None!
2026-07-17 13:39:57,829 - pyiron_log - INFO - run job: calc_energy_defect id: None, status: initialized
2026-07-17 13:40:04,304 - pyiron_log - INFO - run job: calc_energy_defect id: 508, status: created
2026-07-17 13:40:04,322 - pyiron_log - INFO - job: calc_energy_defect id: 508, status: running, run job (modal)
2026-07-17 13:42:29,654 - pyiron_log - INFO - job: calc_energy_defect id: 508, status: running, output: mkfifo: cannot create fifo 'sxctrl': Operation not supported
mkfifo: cannot create fifo 'sxres': Operation not supported

2026-07-17 13:42:29,666 - pyiron_log - INFO - run job: calc_energy_defect id: 508, status: collect
2026-07-17 13:42:31,345 - pyiron_log - INFO - collect_errors() is not yet implemented for SPHInX
2026-07-17 13:42:31,346 - pyiron_log - INFO - collect_warnings() is not yet             implemented for SPHInX
2026-07-17 13:42:31,742 - pyiron_log - INFO - update master: None 508 modal
2026-07-17 13:43:42,580 - pyiron_log - INFO - run job: calc_potential id: None, status: initialized
2026-07-17 13:43:47,480 - pyiron_log - INFO - run job: calc_potential id: 509, status: created
2026-07-17 13:43:47,494 - pyiron_log - INFO - job: calc_potential id: 509, status: running, run job (modal)
2026-07-17 13:43:54,520 - pyiron_log - INFO - job: calc_potential id: 509, status: running, output: mkfifo: cannot create fifo 'sxctrl': Operation not supported
mkfifo: cannot create fifo 'sxres': Operation not supported

2026-07-17 13:43:54,535 - pyiron_log - INFO - run job: calc_potential id: 509, status: collect
2026-07-17 13:43:56,481 - pyiron_log - INFO - collect_errors() is not yet implemented for SPHInX
2026-07-17 13:43:56,482 - pyiron_log - INFO - collect_warnings() is not yet             implemented for SPHInX
2026-07-17 13:43:57,265 - pyiron_log - INFO - update master: None 509 modal
2026-07-17 13:43:59,676 - pyiron_log - INFO - run job: murn_job id: None, status: initialized
2026-07-17 13:44:02,237 - pyiron_log - INFO - run job: murn_job id: 510, status: created
2026-07-17 13:44:02,242 - pyiron_log - INFO - job: murn_job id: 510 run parallel master (modal)
2026-07-17 13:44:07,740 - pyiron_log - INFO - murn_job: run job murn_job_0_9
2026-07-17 13:44:07,746 - pyiron_log - INFO - run job: murn_job_0_9 id: None, status: initialized
2026-07-17 13:44:26,070 - pyiron_log - INFO - run job: murn_job_0_9 id: 511, status: created
2026-07-17 13:44:26,219 - pyiron_log - INFO - job: murn_job_0_9 id: 511, status: running, run job (modal)
2026-07-17 13:44:37,715 - pyiron_log - INFO - job: murn_job_0_9 id: 511, status: running, output: mkfifo: cannot create fifo 'sxctrl': Operation not supported
mkfifo: cannot create fifo 'sxres': Operation not supported

2026-07-17 13:44:37,738 - pyiron_log - INFO - run job: murn_job_0_9 id: 511, status: collect
2026-07-17 13:44:40,742 - pyiron_log - INFO - collect_errors() is not yet implemented for SPHInX
2026-07-17 13:44:40,743 - pyiron_log - INFO - collect_warnings() is not yet             implemented for SPHInX
2026-07-17 13:44:41,356 - pyiron_log - INFO - update master: 510 511 modal
2026-07-17 13:44:41,360 - pyiron_log - INFO - murn_job: finished job murn_job_0_9
2026-07-17 13:44:45,918 - pyiron_log - INFO - murn_job: run job murn_job_0_92
2026-07-17 13:44:45,924 - pyiron_log - INFO - run job: murn_job_0_92 id: None, status: initialized
2026-07-17 13:44:59,767 - pyiron_log - INFO - run job: murn_job_0_92 id: 512, status: created
2026-07-17 13:44:59,781 - pyiron_log - INFO - job: murn_job_0_92 id: 512, status: running, run job (modal)
2026-07-17 13:45:07,950 - pyiron_log - INFO - job: murn_job_0_92 id: 512, status: running, output: mkfifo: cannot create fifo 'sxctrl': Operation not supported
mkfifo: cannot create fifo 'sxres': Operation not supported

2026-07-17 13:45:07,974 - pyiron_log - INFO - run job: murn_job_0_92 id: 512, status: collect
2026-07-17 13:45:10,878 - pyiron_log - INFO - collect_errors() is not yet implemented for SPHInX
2026-07-17 13:45:10,879 - pyiron_log - INFO - collect_warnings() is not yet             implemented for SPHInX
2026-07-17 13:45:11,667 - pyiron_log - INFO - update master: 510 512 modal
2026-07-17 13:45:11,671 - pyiron_log - INFO - murn_job: finished job murn_job_0_92
2026-07-17 13:45:16,643 - pyiron_log - INFO - murn_job: run job murn_job_0_94
2026-07-17 13:45:16,655 - pyiron_log - INFO - run job: murn_job_0_94 id: None, status: initialized
2026-07-17 13:45:31,060 - pyiron_log - INFO - run job: murn_job_0_94 id: 513, status: created
2026-07-17 13:45:31,075 - pyiron_log - INFO - job: murn_job_0_94 id: 513, status: running, run job (modal)
2026-07-17 13:45:39,523 - pyiron_log - INFO - job: murn_job_0_94 id: 513, status: running, output: mkfifo: cannot create fifo 'sxctrl': Operation not supported
mkfifo: cannot create fifo 'sxres': Operation not supported

2026-07-17 13:45:39,543 - pyiron_log - INFO - run job: murn_job_0_94 id: 513, status: collect
2026-07-17 13:45:42,159 - pyiron_log - INFO - collect_errors() is not yet implemented for SPHInX
2026-07-17 13:45:42,160 - pyiron_log - INFO - collect_warnings() is not yet             implemented for SPHInX
2026-07-17 13:45:42,917 - pyiron_log - INFO - update master: 510 513 modal
2026-07-17 13:45:42,922 - pyiron_log - INFO - murn_job: finished job murn_job_0_94
2026-07-17 13:45:48,066 - pyiron_log - INFO - murn_job: run job murn_job_0_96
2026-07-17 13:45:48,073 - pyiron_log - INFO - run job: murn_job_0_96 id: None, status: initialized
2026-07-17 13:46:05,382 - pyiron_log - INFO - run job: murn_job_0_96 id: 514, status: created
2026-07-17 13:46:05,416 - pyiron_log - INFO - job: murn_job_0_96 id: 514, status: running, run job (modal)
2026-07-17 13:46:14,656 - pyiron_log - INFO - job: murn_job_0_96 id: 514, status: running, output: mkfifo: cannot create fifo 'sxctrl': Operation not supported
mkfifo: cannot create fifo 'sxres': Operation not supported

2026-07-17 13:46:14,676 - pyiron_log - INFO - run job: murn_job_0_96 id: 514, status: collect
2026-07-17 13:46:19,129 - pyiron_log - INFO - collect_errors() is not yet implemented for SPHInX
2026-07-17 13:46:19,130 - pyiron_log - INFO - collect_warnings() is not yet             implemented for SPHInX
2026-07-17 13:46:20,120 - pyiron_log - INFO - update master: 510 514 modal
2026-07-17 13:46:20,127 - pyiron_log - INFO - murn_job: finished job murn_job_0_96
2026-07-17 13:46:25,441 - pyiron_log - INFO - murn_job: run job murn_job_0_98
2026-07-17 13:46:25,447 - pyiron_log - INFO - run job: murn_job_0_98 id: None, status: initialized
2026-07-17 13:46:40,674 - pyiron_log - INFO - run job: murn_job_0_98 id: 515, status: created
2026-07-17 13:46:40,698 - pyiron_log - INFO - job: murn_job_0_98 id: 515, status: running, run job (modal)
2026-07-17 13:46:49,645 - pyiron_log - INFO - job: murn_job_0_98 id: 515, status: running, output: mkfifo: cannot create fifo 'sxctrl': Operation not supported
mkfifo: cannot create fifo 'sxres': Operation not supported

2026-07-17 13:46:49,670 - pyiron_log - INFO - run job: murn_job_0_98 id: 515, status: collect
2026-07-17 13:46:52,692 - pyiron_log - INFO - collect_errors() is not yet implemented for SPHInX
2026-07-17 13:46:52,693 - pyiron_log - INFO - collect_warnings() is not yet             implemented for SPHInX
2026-07-17 13:46:53,510 - pyiron_log - INFO - update master: 510 515 modal
2026-07-17 13:46:53,515 - pyiron_log - INFO - murn_job: finished job murn_job_0_98
2026-07-17 13:46:58,882 - pyiron_log - INFO - murn_job: run job murn_job_1_0
2026-07-17 13:46:58,889 - pyiron_log - INFO - run job: murn_job_1_0 id: None, status: initialized
2026-07-17 13:47:20,010 - pyiron_log - INFO - run job: murn_job_1_0 id: 516, status: created
2026-07-17 13:47:20,035 - pyiron_log - INFO - job: murn_job_1_0 id: 516, status: running, run job (modal)
2026-07-17 13:47:30,695 - pyiron_log - INFO - job: murn_job_1_0 id: 516, status: running, output: mkfifo: cannot create fifo 'sxctrl': Operation not supported
mkfifo: cannot create fifo 'sxres': Operation not supported

2026-07-17 13:47:30,716 - pyiron_log - INFO - run job: murn_job_1_0 id: 516, status: collect
2026-07-17 13:47:33,983 - pyiron_log - INFO - collect_errors() is not yet implemented for SPHInX
2026-07-17 13:47:33,984 - pyiron_log - INFO - collect_warnings() is not yet             implemented for SPHInX
2026-07-17 13:47:35,040 - pyiron_log - INFO - update master: 510 516 modal
2026-07-17 13:47:35,045 - pyiron_log - INFO - murn_job: finished job murn_job_1_0
2026-07-17 13:47:43,984 - pyiron_log - INFO - murn_job: run job murn_job_1_02
2026-07-17 13:47:44,012 - pyiron_log - INFO - run job: murn_job_1_02 id: None, status: initialized
2026-07-17 13:48:03,587 - pyiron_log - INFO - run job: murn_job_1_02 id: 517, status: created
2026-07-17 13:48:03,603 - pyiron_log - INFO - job: murn_job_1_02 id: 517, status: running, run job (modal)
2026-07-17 13:48:23,284 - pyiron_log - INFO - job: murn_job_1_02 id: 517, status: running, output: mkfifo: cannot create fifo 'sxctrl': Operation not supported
mkfifo: cannot create fifo 'sxres': Operation not supported

2026-07-17 13:48:23,313 - pyiron_log - INFO - run job: murn_job_1_02 id: 517, status: collect
2026-07-17 13:48:28,760 - pyiron_log - INFO - collect_errors() is not yet implemented for SPHInX
2026-07-17 13:48:28,762 - pyiron_log - INFO - collect_warnings() is not yet             implemented for SPHInX
2026-07-17 13:48:30,027 - pyiron_log - INFO - update master: 510 517 modal
2026-07-17 13:48:30,034 - pyiron_log - INFO - murn_job: finished job murn_job_1_02
2026-07-17 13:48:36,398 - pyiron_log - INFO - murn_job: run job murn_job_1_04
2026-07-17 13:48:36,406 - pyiron_log - INFO - run job: murn_job_1_04 id: None, status: initialized
2026-07-17 13:48:54,022 - pyiron_log - INFO - run job: murn_job_1_04 id: 518, status: created
2026-07-17 13:48:54,049 - pyiron_log - INFO - job: murn_job_1_04 id: 518, status: running, run job (modal)
2026-07-17 13:49:09,094 - pyiron_log - INFO - job: murn_job_1_04 id: 518, status: running, output: mkfifo: cannot create fifo 'sxctrl': Operation not supported
mkfifo: cannot create fifo 'sxres': Operation not supported

2026-07-17 13:49:09,142 - pyiron_log - INFO - run job: murn_job_1_04 id: 518, status: collect
2026-07-17 13:49:15,713 - pyiron_log - INFO - collect_errors() is not yet implemented for SPHInX
2026-07-17 13:49:15,715 - pyiron_log - INFO - collect_warnings() is not yet             implemented for SPHInX
2026-07-17 13:49:17,464 - pyiron_log - INFO - update master: 510 518 modal
2026-07-17 13:49:17,472 - pyiron_log - INFO - murn_job: finished job murn_job_1_04
2026-07-17 13:49:27,133 - pyiron_log - INFO - murn_job: run job murn_job_1_06
2026-07-17 13:49:27,139 - pyiron_log - INFO - run job: murn_job_1_06 id: None, status: initialized
2026-07-17 13:49:43,236 - pyiron_log - INFO - run job: murn_job_1_06 id: 519, status: created
2026-07-17 13:49:43,258 - pyiron_log - INFO - job: murn_job_1_06 id: 519, status: running, run job (modal)
2026-07-17 13:49:52,382 - pyiron_log - INFO - job: murn_job_1_06 id: 519, status: running, output: mkfifo: cannot create fifo 'sxctrl': Operation not supported
mkfifo: cannot create fifo 'sxres': Operation not supported

2026-07-17 13:49:52,403 - pyiron_log - INFO - run job: murn_job_1_06 id: 519, status: collect
2026-07-17 13:49:55,334 - pyiron_log - INFO - collect_errors() is not yet implemented for SPHInX
2026-07-17 13:49:55,335 - pyiron_log - INFO - collect_warnings() is not yet             implemented for SPHInX
2026-07-17 13:49:56,139 - pyiron_log - INFO - update master: 510 519 modal
2026-07-17 13:49:56,143 - pyiron_log - INFO - murn_job: finished job murn_job_1_06
2026-07-17 13:50:02,528 - pyiron_log - INFO - murn_job: run job murn_job_1_08
2026-07-17 13:50:02,540 - pyiron_log - INFO - run job: murn_job_1_08 id: None, status: initialized
2026-07-17 13:50:18,407 - pyiron_log - INFO - run job: murn_job_1_08 id: 520, status: created
2026-07-17 13:50:18,428 - pyiron_log - INFO - job: murn_job_1_08 id: 520, status: running, run job (modal)
2026-07-17 13:50:33,660 - pyiron_log - INFO - job: murn_job_1_08 id: 520, status: running, output: mkfifo: cannot create fifo 'sxctrl': Operation not supported
mkfifo: cannot create fifo 'sxres': Operation not supported

2026-07-17 13:50:33,677 - pyiron_log - INFO - run job: murn_job_1_08 id: 520, status: collect
2026-07-17 13:50:37,315 - pyiron_log - INFO - collect_errors() is not yet implemented for SPHInX
2026-07-17 13:50:37,316 - pyiron_log - INFO - collect_warnings() is not yet             implemented for SPHInX
2026-07-17 13:50:38,181 - pyiron_log - INFO - update master: 510 520 modal
2026-07-17 13:50:38,186 - pyiron_log - INFO - murn_job: finished job murn_job_1_08
2026-07-17 13:50:43,636 - pyiron_log - INFO - murn_job: run job murn_job_1_1
2026-07-17 13:50:43,643 - pyiron_log - INFO - run job: murn_job_1_1 id: None, status: initialized
2026-07-17 13:51:00,856 - pyiron_log - INFO - run job: murn_job_1_1 id: 521, status: created
2026-07-17 13:51:00,880 - pyiron_log - INFO - job: murn_job_1_1 id: 521, status: running, run job (modal)
2026-07-17 13:51:14,330 - pyiron_log - INFO - job: murn_job_1_1 id: 521, status: running, output: mkfifo: cannot create fifo 'sxctrl': Operation not supported
mkfifo: cannot create fifo 'sxres': Operation not supported

2026-07-17 13:51:14,353 - pyiron_log - INFO - run job: murn_job_1_1 id: 521, status: collect
2026-07-17 13:51:17,340 - pyiron_log - INFO - collect_errors() is not yet implemented for SPHInX
2026-07-17 13:51:17,340 - pyiron_log - INFO - collect_warnings() is not yet             implemented for SPHInX
2026-07-17 13:51:18,238 - pyiron_log - INFO - update master: 510 521 modal
2026-07-17 13:51:18,249 - pyiron_log - INFO - murn_job: finished job murn_job_1_1
2026-07-17 13:51:18,272 - pyiron_log - INFO - run job: murn_job id: 510, status: collect
2026-07-17 13:51:18,275 - pyiron_log - INFO - job: murn_job id: 510, status: collect, finished
2026-07-17 13:51:55,761 - pyiron_log - INFO - job: murn_job id: 510, status: finished, parallel master
2026-07-17 13:51:55,763 - pyiron_log - INFO - update master: None 510 modal
2026-07-17 13:51:56,081 - pyiron_log - INFO - run job: calc_energy_og id: None, status: initialized
2026-07-17 13:52:10,393 - pyiron_log - INFO - run job: calc_energy_og id: 522, status: created
2026-07-17 13:52:10,407 - pyiron_log - INFO - job: calc_energy_og id: 522, status: running, run job (modal)
2026-07-17 13:53:58,037 - pyiron_log - INFO - job: calc_energy_og id: 522, status: running, output: mkfifo: cannot create fifo 'sxctrl': Operation not supported
mkfifo: cannot create fifo 'sxres': Operation not supported

2026-07-17 13:53:58,050 - pyiron_log - INFO - run job: calc_energy_og id: 522, status: collect
2026-07-17 13:54:00,593 - pyiron_log - INFO - collect_errors() is not yet implemented for SPHInX
2026-07-17 13:54:00,593 - pyiron_log - INFO - collect_warnings() is not yet             implemented for SPHInX
2026-07-17 13:54:01,318 - pyiron_log - INFO - update master: None 522 modal
2026-07-17 13:54:02,095 - pyiron_log - INFO - run job: relax_defect id: None, status: initialized
2026-07-17 13:54:16,014 - pyiron_log - INFO - run job: relax_defect id: 523, status: created
2026-07-17 13:54:16,036 - pyiron_log - INFO - job: relax_defect id: 523, status: running, run job (modal)
2026-07-17 13:59:49,737 - pyiron_log - INFO - job: relax_defect id: 523, status: running, output: mkfifo: cannot create fifo 'sxctrl': Operation not supported
mkfifo: cannot create fifo 'sxres': Operation not supported

2026-07-17 13:59:49,764 - pyiron_log - INFO - run job: relax_defect id: 523, status: collect
2026-07-17 13:59:53,028 - pyiron_log - INFO - collect_errors() is not yet implemented for SPHInX
2026-07-17 13:59:53,029 - pyiron_log - INFO - collect_warnings() is not yet             implemented for SPHInX
2026-07-17 13:59:53,708 - pyiron_log - INFO - update master: None 523 modal
2026-07-17 13:59:56,043 - pyiron_log - WARNING - Could not access indices, returning None!
2026-07-17 13:59:56,736 - pyiron_log - WARNING - Could not access indices, returning None!
2026-07-17 13:59:58,288 - pyiron_log - INFO - run job: calc_energy_defect id: None, status: initialized
2026-07-17 14:00:09,369 - pyiron_log - INFO - run job: calc_energy_defect id: 524, status: created
2026-07-17 14:00:09,385 - pyiron_log - INFO - job: calc_energy_defect id: 524, status: running, run job (modal)
2026-07-17 14:03:12,629 - pyiron_log - INFO - job: calc_energy_defect id: 524, status: running, output: mkfifo: cannot create fifo 'sxctrl': Operation not supported
mkfifo: cannot create fifo 'sxres': Operation not supported

2026-07-17 14:03:12,648 - pyiron_log - INFO - run job: calc_energy_defect id: 524, status: collect
2026-07-17 14:03:15,887 - pyiron_log - INFO - collect_errors() is not yet implemented for SPHInX
2026-07-17 14:03:15,888 - pyiron_log - INFO - collect_warnings() is not yet             implemented for SPHInX
2026-07-17 14:03:16,803 - pyiron_log - INFO - update master: None 524 modal
2026-07-17 14:05:04,599 - pyiron_log - INFO - run job: calc_energy_og id: None, status: initialized
2026-07-17 14:05:12,653 - pyiron_log - INFO - run job: calc_energy_og id: 525, status: created
2026-07-17 14:05:12,664 - pyiron_log - INFO - job: calc_energy_og id: 525, status: running, run job (modal)
2026-07-17 14:06:38,688 - pyiron_log - INFO - job: calc_energy_og id: 525, status: running, output: mkfifo: cannot create fifo 'sxctrl': Operation not supported
mkfifo: cannot create fifo 'sxres': Operation not supported

2026-07-17 14:06:38,704 - pyiron_log - INFO - run job: calc_energy_og id: 525, status: collect
2026-07-17 14:06:40,613 - pyiron_log - INFO - collect_errors() is not yet implemented for SPHInX
2026-07-17 14:06:40,614 - pyiron_log - INFO - collect_warnings() is not yet             implemented for SPHInX
2026-07-17 14:06:41,052 - pyiron_log - INFO - update master: None 525 modal
2026-07-17 14:06:41,691 - pyiron_log - INFO - run job: calc_potential id: None, status: initialized
2026-07-17 14:06:42,079 - pyiron_log - INFO - run job: calc_potential id: 526, status: created
2026-07-17 14:07:01,286 - pyiron_log - INFO - run job: relax_defect id: None, status: initialized
2026-07-17 14:07:01,456 - pyiron_log - INFO - run job: relax_defect id: 527, status: created
2026-07-17 14:12:22,605 - pyiron_log - INFO - run job: calc_energy_defect id: None, status: initialized
2026-07-17 14:12:32,065 - pyiron_log - INFO - run job: calc_energy_defect id: 528, status: created
2026-07-17 14:12:32,076 - pyiron_log - INFO - job: calc_energy_defect id: 528, status: running, run job (modal)
2026-07-17 14:14:49,217 - pyiron_log - INFO - job: calc_energy_defect id: 528, status: running, output: mkfifo: cannot create fifo 'sxctrl': Operation not supported
mkfifo: cannot create fifo 'sxres': Operation not supported

2026-07-17 14:14:49,230 - pyiron_log - INFO - run job: calc_energy_defect id: 528, status: collect
2026-07-17 14:14:50,940 - pyiron_log - INFO - collect_errors() is not yet implemented for SPHInX
2026-07-17 14:14:50,941 - pyiron_log - INFO - collect_warnings() is not yet             implemented for SPHInX
2026-07-17 14:14:51,381 - pyiron_log - INFO - update master: None 528 modal
2026-07-17 14:14:52,781 - pyiron_log - INFO - run job: murn_job id: None, status: initialized
2026-07-17 14:14:53,226 - pyiron_log - INFO - run job: murn_job id: 529, status: created
2026-07-17 14:14:53,233 - pyiron_log - INFO - job: murn_job id: 529 run parallel master (modal)
2026-07-17 14:14:53,903 - pyiron_log - INFO - murn_job: run job murn_job_0_9
2026-07-17 14:14:53,912 - pyiron_log - INFO - run job: murn_job_0_9 id: None, status: initialized
2026-07-17 14:14:54,267 - pyiron_log - INFO - run job: murn_job_0_9 id: 530, status: created
2026-07-17 14:15:08,413 - pyiron_log - INFO - murn_job: finished job murn_job_0_9
2026-07-17 14:15:08,985 - pyiron_log - INFO - murn_job: run job murn_job_0_92
2026-07-17 14:15:08,996 - pyiron_log - INFO - run job: murn_job_0_92 id: None, status: initialized
2026-07-17 14:15:09,290 - pyiron_log - INFO - run job: murn_job_0_92 id: 531, status: created
2026-07-17 14:15:23,888 - pyiron_log - INFO - murn_job: finished job murn_job_0_92
2026-07-17 14:15:24,497 - pyiron_log - INFO - murn_job: run job murn_job_0_94
2026-07-17 14:15:24,506 - pyiron_log - INFO - run job: murn_job_0_94 id: None, status: initialized
2026-07-17 14:15:24,793 - pyiron_log - INFO - run job: murn_job_0_94 id: 532, status: created
2026-07-17 14:15:36,567 - pyiron_log - INFO - murn_job: finished job murn_job_0_94
2026-07-17 14:15:37,019 - pyiron_log - INFO - murn_job: run job murn_job_0_96
2026-07-17 14:15:37,025 - pyiron_log - INFO - run job: murn_job_0_96 id: None, status: initialized
2026-07-17 14:15:37,210 - pyiron_log - INFO - run job: murn_job_0_96 id: 533, status: created
2026-07-17 14:15:50,310 - pyiron_log - INFO - murn_job: finished job murn_job_0_96
2026-07-17 14:15:50,864 - pyiron_log - INFO - murn_job: run job murn_job_0_98
2026-07-17 14:15:50,871 - pyiron_log - INFO - run job: murn_job_0_98 id: None, status: initialized
2026-07-17 14:15:51,062 - pyiron_log - INFO - run job: murn_job_0_98 id: 534, status: created
2026-07-17 14:16:06,782 - pyiron_log - INFO - murn_job: finished job murn_job_0_98
2026-07-17 14:16:07,461 - pyiron_log - INFO - murn_job: run job murn_job_1_0
2026-07-17 14:16:07,468 - pyiron_log - INFO - run job: murn_job_1_0 id: None, status: initialized
2026-07-17 14:16:07,697 - pyiron_log - INFO - run job: murn_job_1_0 id: 535, status: created
2026-07-17 14:16:23,564 - pyiron_log - INFO - murn_job: finished job murn_job_1_0
2026-07-17 14:16:24,149 - pyiron_log - INFO - murn_job: run job murn_job_1_02
2026-07-17 14:16:24,158 - pyiron_log - INFO - run job: murn_job_1_02 id: None, status: initialized
2026-07-17 14:16:24,396 - pyiron_log - INFO - run job: murn_job_1_02 id: 536, status: created
2026-07-17 14:16:35,400 - pyiron_log - INFO - murn_job: finished job murn_job_1_02
2026-07-17 14:16:35,857 - pyiron_log - INFO - murn_job: run job murn_job_1_04
2026-07-17 14:16:35,863 - pyiron_log - INFO - run job: murn_job_1_04 id: None, status: initialized
2026-07-17 14:16:36,030 - pyiron_log - INFO - run job: murn_job_1_04 id: 537, status: created
2026-07-17 14:16:45,327 - pyiron_log - INFO - murn_job: finished job murn_job_1_04
2026-07-17 14:16:45,758 - pyiron_log - INFO - murn_job: run job murn_job_1_06
2026-07-17 14:16:45,767 - pyiron_log - INFO - run job: murn_job_1_06 id: None, status: initialized
2026-07-17 14:16:45,931 - pyiron_log - INFO - run job: murn_job_1_06 id: 538, status: created
2026-07-17 14:16:58,165 - pyiron_log - INFO - murn_job: finished job murn_job_1_06
2026-07-17 14:16:58,812 - pyiron_log - INFO - murn_job: run job murn_job_1_08
2026-07-17 14:16:58,820 - pyiron_log - INFO - run job: murn_job_1_08 id: None, status: initialized
2026-07-17 14:16:59,051 - pyiron_log - INFO - run job: murn_job_1_08 id: 539, status: created
2026-07-17 14:17:13,187 - pyiron_log - INFO - murn_job: finished job murn_job_1_08
2026-07-17 14:17:13,684 - pyiron_log - INFO - murn_job: run job murn_job_1_1
2026-07-17 14:17:13,698 - pyiron_log - INFO - run job: murn_job_1_1 id: None, status: initialized
2026-07-17 14:17:14,038 - pyiron_log - INFO - run job: murn_job_1_1 id: 540, status: created
2026-07-17 14:17:26,493 - pyiron_log - INFO - murn_job: finished job murn_job_1_1
2026-07-17 14:17:26,502 - pyiron_log - INFO - run job: murn_job id: 529, status: collect
2026-07-17 14:17:26,504 - pyiron_log - INFO - job: murn_job id: 529, status: collect, finished
2026-07-17 14:17:28,005 - pyiron_log - INFO - job: murn_job id: 529, status: finished, parallel master
2026-07-17 14:17:28,009 - pyiron_log - INFO - update master: None 529 modal
2026-07-17 14:20:09,534 - pyiron_log - INFO - run job: calc_energy_og id: None, status: initialized
2026-07-17 14:20:18,679 - pyiron_log - INFO - run job: calc_energy_og id: 541, status: created
2026-07-17 14:20:18,699 - pyiron_log - INFO - job: calc_energy_og id: 541, status: running, run job (modal)
2026-07-17 14:21:39,811 - pyiron_log - INFO - job: calc_energy_og id: 541, status: running, output: mkfifo: cannot create fifo 'sxctrl': Operation not supported
mkfifo: cannot create fifo 'sxres': Operation not supported

2026-07-17 14:21:39,822 - pyiron_log - INFO - run job: calc_energy_og id: 541, status: collect
2026-07-17 14:21:42,099 - pyiron_log - INFO - collect_errors() is not yet implemented for SPHInX
2026-07-17 14:21:42,100 - pyiron_log - INFO - collect_warnings() is not yet             implemented for SPHInX
2026-07-17 14:21:42,852 - pyiron_log - INFO - update master: None 541 modal
2026-07-17 14:21:43,566 - pyiron_log - INFO - run job: calc_potential id: None, status: initialized
2026-07-17 14:21:49,153 - pyiron_log - INFO - run job: calc_potential id: 542, status: created
2026-07-17 14:21:49,175 - pyiron_log - INFO - job: calc_potential id: 542, status: running, run job (modal)
2026-07-17 14:21:56,661 - pyiron_log - INFO - job: calc_potential id: 542, status: running, output: mkfifo: cannot create fifo 'sxctrl': Operation not supported
mkfifo: cannot create fifo 'sxres': Operation not supported

2026-07-17 14:21:56,681 - pyiron_log - INFO - run job: calc_potential id: 542, status: collect
2026-07-17 14:21:58,751 - pyiron_log - INFO - collect_errors() is not yet implemented for SPHInX
2026-07-17 14:21:58,752 - pyiron_log - INFO - collect_warnings() is not yet             implemented for SPHInX
2026-07-17 14:21:59,330 - pyiron_log - INFO - update master: None 542 modal
2026-07-17 14:22:00,097 - pyiron_log - INFO - run job: relax_defect id: None, status: initialized
2026-07-17 14:22:00,327 - pyiron_log - INFO - run job: relax_defect id: 543, status: created
2026-07-17 14:27:17,254 - pyiron_log - INFO - run job: calc_energy_defect id: None, status: initialized
2026-07-17 14:27:23,922 - pyiron_log - INFO - run job: calc_energy_defect id: 544, status: created
2026-07-17 14:27:23,942 - pyiron_log - INFO - job: calc_energy_defect id: 544, status: running, run job (modal)
2026-07-17 14:27:47,758 - pyiron_log - INFO - Job 544 intercept signal 2, job is shutting down
2026-07-17 14:29:05,490 - pyiron_log - INFO - run job: calc_energy_og id: None, status: initialized
2026-07-17 14:29:15,189 - pyiron_log - INFO - run job: calc_energy_og id: 545, status: created
2026-07-17 14:29:15,203 - pyiron_log - INFO - job: calc_energy_og id: 545, status: running, run job (modal)
2026-07-17 14:29:47,829 - pyiron_log - INFO - Job 545 intercept signal 2, job is shutting down
2026-07-17 14:29:58,014 - pyiron_log - INFO - run job: calc_energy_og id: None, status: initialized
2026-07-17 14:30:08,039 - pyiron_log - INFO - run job: calc_energy_og id: 545, status: created
2026-07-17 14:30:08,055 - pyiron_log - INFO - job: calc_energy_og id: 545, status: running, run job (modal)
2026-07-17 14:31:26,836 - pyiron_log - INFO - job: calc_energy_og id: 545, status: running, output: mkfifo: cannot create fifo 'sxctrl': Operation not supported
mkfifo: cannot create fifo 'sxres': Operation not supported

2026-07-17 14:31:26,850 - pyiron_log - INFO - run job: calc_energy_og id: 545, status: collect
2026-07-17 14:31:28,935 - pyiron_log - INFO - collect_errors() is not yet implemented for SPHInX
2026-07-17 14:31:28,936 - pyiron_log - INFO - collect_warnings() is not yet             implemented for SPHInX
2026-07-17 14:31:29,487 - pyiron_log - INFO - update master: None 545 modal
2026-07-17 14:31:30,078 - pyiron_log - INFO - run job: calc_potential id: None, status: initialized
2026-07-17 14:31:34,750 - pyiron_log - INFO - run job: calc_potential id: 546, status: created
2026-07-17 14:31:34,762 - pyiron_log - INFO - job: calc_potential id: 546, status: running, run job (modal)
2026-07-17 14:31:41,507 - pyiron_log - INFO - job: calc_potential id: 546, status: running, output: mkfifo: cannot create fifo 'sxctrl': Operation not supported
mkfifo: cannot create fifo 'sxres': Operation not supported

2026-07-17 14:31:41,518 - pyiron_log - INFO - run job: calc_potential id: 546, status: collect
2026-07-17 14:31:43,405 - pyiron_log - INFO - collect_errors() is not yet implemented for SPHInX
2026-07-17 14:31:43,406 - pyiron_log - INFO - collect_warnings() is not yet             implemented for SPHInX
2026-07-17 14:31:44,003 - pyiron_log - INFO - update master: None 546 modal
2026-07-17 14:31:44,767 - pyiron_log - INFO - run job: relax_defect id: None, status: initialized
2026-07-17 14:31:44,990 - pyiron_log - INFO - run job: relax_defect id: 547, status: created
2026-07-17 14:37:11,347 - pyiron_log - INFO - run job: calc_energy_defect id: None, status: initialized
2026-07-17 14:37:18,512 - pyiron_log - INFO - run job: calc_energy_defect id: 548, status: created
2026-07-17 14:37:18,527 - pyiron_log - INFO - job: calc_energy_defect id: 548, status: running, run job (modal)
2026-07-17 14:39:43,090 - pyiron_log - INFO - job: calc_energy_defect id: 548, status: running, output: mkfifo: cannot create fifo 'sxctrl': Operation not supported
mkfifo: cannot create fifo 'sxres': Operation not supported

2026-07-17 14:39:43,107 - pyiron_log - INFO - run job: calc_energy_defect id: 548, status: collect
2026-07-17 14:39:46,129 - pyiron_log - INFO - collect_errors() is not yet implemented for SPHInX
2026-07-17 14:39:46,130 - pyiron_log - INFO - collect_warnings() is not yet             implemented for SPHInX
2026-07-17 14:39:46,801 - pyiron_log - INFO - update master: None 548 modal
2026-07-17 14:39:49,495 - pyiron_log - INFO - run job: murn_job id: None, status: initialized
2026-07-17 14:39:52,460 - pyiron_log - INFO - run job: murn_job id: 549, status: created
2026-07-17 14:39:52,468 - pyiron_log - INFO - job: murn_job id: 549 run parallel master (modal)
2026-07-17 14:39:58,354 - pyiron_log - INFO - murn_job: run job murn_job_0_9
2026-07-17 14:39:58,363 - pyiron_log - INFO - run job: murn_job_0_9 id: None, status: initialized
2026-07-17 14:40:11,659 - pyiron_log - INFO - run job: murn_job_0_9 id: 550, status: created
2026-07-17 14:40:11,674 - pyiron_log - INFO - job: murn_job_0_9 id: 550, status: running, run job (modal)
2026-07-17 14:40:19,270 - pyiron_log - INFO - job: murn_job_0_9 id: 550, status: running, output: mkfifo: cannot create fifo 'sxctrl': Operation not supported
mkfifo: cannot create fifo 'sxres': Operation not supported

2026-07-17 14:40:19,284 - pyiron_log - INFO - run job: murn_job_0_9 id: 550, status: collect
2026-07-17 14:40:21,340 - pyiron_log - INFO - collect_errors() is not yet implemented for SPHInX
2026-07-17 14:40:21,341 - pyiron_log - INFO - collect_warnings() is not yet             implemented for SPHInX
2026-07-17 14:40:21,931 - pyiron_log - INFO - update master: 549 550 modal
2026-07-17 14:40:21,936 - pyiron_log - INFO - murn_job: finished job murn_job_0_9
2026-07-17 14:40:26,354 - pyiron_log - INFO - murn_job: run job murn_job_0_92
2026-07-17 14:40:26,365 - pyiron_log - INFO - run job: murn_job_0_92 id: None, status: initialized
2026-07-17 14:40:37,372 - pyiron_log - INFO - run job: murn_job_0_92 id: 551, status: created
2026-07-17 14:40:37,384 - pyiron_log - INFO - job: murn_job_0_92 id: 551, status: running, run job (modal)
2026-07-17 14:40:46,032 - pyiron_log - INFO - job: murn_job_0_92 id: 551, status: running, output: mkfifo: cannot create fifo 'sxctrl': Operation not supported
mkfifo: cannot create fifo 'sxres': Operation not supported

2026-07-17 14:40:46,049 - pyiron_log - INFO - run job: murn_job_0_92 id: 551, status: collect
2026-07-17 14:40:47,914 - pyiron_log - INFO - collect_errors() is not yet implemented for SPHInX
2026-07-17 14:40:47,915 - pyiron_log - INFO - collect_warnings() is not yet             implemented for SPHInX
2026-07-17 14:40:48,409 - pyiron_log - INFO - update master: 549 551 modal
2026-07-17 14:40:48,414 - pyiron_log - INFO - murn_job: finished job murn_job_0_92
2026-07-17 14:40:52,172 - pyiron_log - INFO - murn_job: run job murn_job_0_94
2026-07-17 14:40:52,185 - pyiron_log - INFO - run job: murn_job_0_94 id: None, status: initialized
2026-07-17 14:41:01,937 - pyiron_log - INFO - run job: murn_job_0_94 id: 552, status: created
2026-07-17 14:41:01,952 - pyiron_log - INFO - job: murn_job_0_94 id: 552, status: running, run job (modal)
2026-07-17 14:41:12,121 - pyiron_log - INFO - job: murn_job_0_94 id: 552, status: running, output: mkfifo: cannot create fifo 'sxctrl': Operation not supported
mkfifo: cannot create fifo 'sxres': Operation not supported

2026-07-17 14:41:12,231 - pyiron_log - INFO - run job: murn_job_0_94 id: 552, status: collect
2026-07-17 14:41:14,854 - pyiron_log - INFO - collect_errors() is not yet implemented for SPHInX
2026-07-17 14:41:14,855 - pyiron_log - INFO - collect_warnings() is not yet             implemented for SPHInX
2026-07-17 14:41:15,429 - pyiron_log - INFO - update master: 549 552 modal
2026-07-17 14:41:15,434 - pyiron_log - INFO - murn_job: finished job murn_job_0_94
2026-07-17 14:41:19,321 - pyiron_log - INFO - murn_job: run job murn_job_0_96
2026-07-17 14:41:19,328 - pyiron_log - INFO - run job: murn_job_0_96 id: None, status: initialized
2026-07-17 14:41:31,073 - pyiron_log - INFO - run job: murn_job_0_96 id: 553, status: created
2026-07-17 14:41:31,094 - pyiron_log - INFO - job: murn_job_0_96 id: 553, status: running, run job (modal)
2026-07-17 14:41:39,105 - pyiron_log - INFO - job: murn_job_0_96 id: 553, status: running, output: mkfifo: cannot create fifo 'sxctrl': Operation not supported
mkfifo: cannot create fifo 'sxres': Operation not supported

2026-07-17 14:41:39,121 - pyiron_log - INFO - run job: murn_job_0_96 id: 553, status: collect
2026-07-17 14:41:41,162 - pyiron_log - INFO - collect_errors() is not yet implemented for SPHInX
2026-07-17 14:41:41,163 - pyiron_log - INFO - collect_warnings() is not yet             implemented for SPHInX
2026-07-17 14:41:41,674 - pyiron_log - INFO - update master: 549 553 modal
2026-07-17 14:41:41,678 - pyiron_log - INFO - murn_job: finished job murn_job_0_96
2026-07-17 14:41:46,237 - pyiron_log - INFO - murn_job: run job murn_job_0_98
2026-07-17 14:41:46,245 - pyiron_log - INFO - run job: murn_job_0_98 id: None, status: initialized
2026-07-17 14:41:55,874 - pyiron_log - INFO - run job: murn_job_0_98 id: 554, status: created
2026-07-17 14:41:55,888 - pyiron_log - INFO - job: murn_job_0_98 id: 554, status: running, run job (modal)
2026-07-17 14:42:02,770 - pyiron_log - INFO - job: murn_job_0_98 id: 554, status: running, output: mkfifo: cannot create fifo 'sxctrl': Operation not supported
mkfifo: cannot create fifo 'sxres': Operation not supported

2026-07-17 14:42:02,783 - pyiron_log - INFO - run job: murn_job_0_98 id: 554, status: collect
2026-07-17 14:42:04,507 - pyiron_log - INFO - collect_errors() is not yet implemented for SPHInX
2026-07-17 14:42:04,508 - pyiron_log - INFO - collect_warnings() is not yet             implemented for SPHInX
2026-07-17 14:42:04,932 - pyiron_log - INFO - update master: 549 554 modal
2026-07-17 14:42:04,936 - pyiron_log - INFO - murn_job: finished job murn_job_0_98
2026-07-17 14:42:08,199 - pyiron_log - INFO - murn_job: run job murn_job_1_0
2026-07-17 14:42:08,205 - pyiron_log - INFO - run job: murn_job_1_0 id: None, status: initialized
2026-07-17 14:42:17,911 - pyiron_log - INFO - run job: murn_job_1_0 id: 555, status: created
2026-07-17 14:42:17,929 - pyiron_log - INFO - job: murn_job_1_0 id: 555, status: running, run job (modal)
2026-07-17 14:42:25,304 - pyiron_log - INFO - job: murn_job_1_0 id: 555, status: running, output: mkfifo: cannot create fifo 'sxctrl': Operation not supported
mkfifo: cannot create fifo 'sxres': Operation not supported

2026-07-17 14:42:25,323 - pyiron_log - INFO - run job: murn_job_1_0 id: 555, status: collect
2026-07-17 14:42:27,034 - pyiron_log - INFO - collect_errors() is not yet implemented for SPHInX
2026-07-17 14:42:27,035 - pyiron_log - INFO - collect_warnings() is not yet             implemented for SPHInX
2026-07-17 14:42:27,480 - pyiron_log - INFO - update master: 549 555 modal
2026-07-17 14:42:27,485 - pyiron_log - INFO - murn_job: finished job murn_job_1_0
2026-07-17 14:42:30,767 - pyiron_log - INFO - murn_job: run job murn_job_1_02
2026-07-17 14:42:30,776 - pyiron_log - INFO - run job: murn_job_1_02 id: None, status: initialized
2026-07-17 14:42:39,978 - pyiron_log - INFO - run job: murn_job_1_02 id: 556, status: created
2026-07-17 14:42:39,995 - pyiron_log - INFO - job: murn_job_1_02 id: 556, status: running, run job (modal)
2026-07-17 14:42:49,718 - pyiron_log - INFO - job: murn_job_1_02 id: 556, status: running, output: mkfifo: cannot create fifo 'sxctrl': Operation not supported
mkfifo: cannot create fifo 'sxres': Operation not supported

2026-07-17 14:42:49,738 - pyiron_log - INFO - run job: murn_job_1_02 id: 556, status: collect
2026-07-17 14:42:52,688 - pyiron_log - INFO - collect_errors() is not yet implemented for SPHInX
2026-07-17 14:42:52,689 - pyiron_log - INFO - collect_warnings() is not yet             implemented for SPHInX
2026-07-17 14:42:53,111 - pyiron_log - INFO - update master: 549 556 modal
2026-07-17 14:42:53,115 - pyiron_log - INFO - murn_job: finished job murn_job_1_02
2026-07-17 14:42:56,942 - pyiron_log - INFO - murn_job: run job murn_job_1_04
2026-07-17 14:42:56,951 - pyiron_log - INFO - run job: murn_job_1_04 id: None, status: initialized
2026-07-17 14:43:08,746 - pyiron_log - INFO - run job: murn_job_1_04 id: 557, status: created
2026-07-17 14:43:08,761 - pyiron_log - INFO - job: murn_job_1_04 id: 557, status: running, run job (modal)
2026-07-17 14:43:18,463 - pyiron_log - INFO - job: murn_job_1_04 id: 557, status: running, output: mkfifo: cannot create fifo 'sxctrl': Operation not supported
mkfifo: cannot create fifo 'sxres': Operation not supported

2026-07-17 14:43:18,475 - pyiron_log - INFO - run job: murn_job_1_04 id: 557, status: collect
2026-07-17 14:43:20,225 - pyiron_log - INFO - collect_errors() is not yet implemented for SPHInX
2026-07-17 14:43:20,226 - pyiron_log - INFO - collect_warnings() is not yet             implemented for SPHInX
2026-07-17 14:43:20,924 - pyiron_log - INFO - update master: 549 557 modal
2026-07-17 14:43:20,930 - pyiron_log - INFO - murn_job: finished job murn_job_1_04
2026-07-17 14:43:25,399 - pyiron_log - INFO - murn_job: run job murn_job_1_06
2026-07-17 14:43:25,405 - pyiron_log - INFO - run job: murn_job_1_06 id: None, status: initialized
2026-07-17 14:43:38,815 - pyiron_log - INFO - run job: murn_job_1_06 id: 558, status: created
2026-07-17 14:43:38,836 - pyiron_log - INFO - job: murn_job_1_06 id: 558, status: running, run job (modal)
2026-07-17 14:43:47,494 - pyiron_log - INFO - job: murn_job_1_06 id: 558, status: running, output: mkfifo: cannot create fifo 'sxctrl': Operation not supported
mkfifo: cannot create fifo 'sxres': Operation not supported

2026-07-17 14:43:47,503 - pyiron_log - INFO - run job: murn_job_1_06 id: 558, status: collect
2026-07-17 14:43:49,251 - pyiron_log - INFO - collect_errors() is not yet implemented for SPHInX
2026-07-17 14:43:49,252 - pyiron_log - INFO - collect_warnings() is not yet             implemented for SPHInX
2026-07-17 14:43:49,695 - pyiron_log - INFO - update master: 549 558 modal
2026-07-17 14:43:49,700 - pyiron_log - INFO - murn_job: finished job murn_job_1_06
2026-07-17 14:43:53,554 - pyiron_log - INFO - murn_job: run job murn_job_1_08
2026-07-17 14:43:53,562 - pyiron_log - INFO - run job: murn_job_1_08 id: None, status: initialized
2026-07-17 14:44:02,976 - pyiron_log - INFO - run job: murn_job_1_08 id: 559, status: created
2026-07-17 14:44:02,992 - pyiron_log - INFO - job: murn_job_1_08 id: 559, status: running, run job (modal)
2026-07-17 14:44:10,795 - pyiron_log - INFO - job: murn_job_1_08 id: 559, status: running, output: mkfifo: cannot create fifo 'sxctrl': Operation not supported
mkfifo: cannot create fifo 'sxres': Operation not supported

2026-07-17 14:44:10,810 - pyiron_log - INFO - run job: murn_job_1_08 id: 559, status: collect
2026-07-17 14:44:13,179 - pyiron_log - INFO - collect_errors() is not yet implemented for SPHInX
2026-07-17 14:44:13,179 - pyiron_log - INFO - collect_warnings() is not yet             implemented for SPHInX
2026-07-17 14:44:13,703 - pyiron_log - INFO - update master: 549 559 modal
2026-07-17 14:44:13,708 - pyiron_log - INFO - murn_job: finished job murn_job_1_08
2026-07-17 14:44:17,894 - pyiron_log - INFO - murn_job: run job murn_job_1_1
2026-07-17 14:44:17,900 - pyiron_log - INFO - run job: murn_job_1_1 id: None, status: initialized
2026-07-17 14:44:28,127 - pyiron_log - INFO - run job: murn_job_1_1 id: 560, status: created
2026-07-17 14:44:28,155 - pyiron_log - INFO - job: murn_job_1_1 id: 560, status: running, run job (modal)
2026-07-17 14:44:38,146 - pyiron_log - INFO - job: murn_job_1_1 id: 560, status: running, output: mkfifo: cannot create fifo 'sxctrl': Operation not supported
mkfifo: cannot create fifo 'sxres': Operation not supported

2026-07-17 14:44:38,160 - pyiron_log - INFO - run job: murn_job_1_1 id: 560, status: collect
2026-07-17 14:44:40,834 - pyiron_log - INFO - collect_errors() is not yet implemented for SPHInX
2026-07-17 14:44:40,835 - pyiron_log - INFO - collect_warnings() is not yet             implemented for SPHInX
2026-07-17 14:44:41,528 - pyiron_log - INFO - update master: 549 560 modal
2026-07-17 14:44:41,540 - pyiron_log - INFO - murn_job: finished job murn_job_1_1
2026-07-17 14:44:41,568 - pyiron_log - INFO - run job: murn_job id: 549, status: collect
2026-07-17 14:44:41,572 - pyiron_log - INFO - job: murn_job id: 549, status: collect, finished
2026-07-17 14:44:59,343 - pyiron_log - INFO - job: murn_job id: 549, status: finished, parallel master
2026-07-17 14:44:59,345 - pyiron_log - INFO - update master: None 549 modal
2026-07-17 14:46:43,986 - pyiron_log - INFO - run job: calc_energy_og id: None, status: initialized
2026-07-17 14:46:55,332 - pyiron_log - INFO - run job: calc_energy_og id: 561, status: created
2026-07-17 14:46:55,353 - pyiron_log - INFO - job: calc_energy_og id: 561, status: running, run job (modal)
2026-07-17 14:48:53,845 - pyiron_log - INFO - job: calc_energy_og id: 561, status: running, output: mkfifo: cannot create fifo 'sxctrl': Operation not supported
mkfifo: cannot create fifo 'sxres': Operation not supported

2026-07-17 14:48:53,859 - pyiron_log - INFO - run job: calc_energy_og id: 561, status: collect
2026-07-17 14:48:55,861 - pyiron_log - INFO - collect_errors() is not yet implemented for SPHInX
2026-07-17 14:48:55,862 - pyiron_log - INFO - collect_warnings() is not yet             implemented for SPHInX
2026-07-17 14:48:56,411 - pyiron_log - INFO - update master: None 561 modal
2026-07-17 14:48:57,001 - pyiron_log - INFO - run job: calc_potential id: None, status: initialized
2026-07-17 14:49:01,850 - pyiron_log - INFO - run job: calc_potential id: 562, status: created
2026-07-17 14:49:01,861 - pyiron_log - INFO - job: calc_potential id: 562, status: running, run job (modal)
2026-07-17 14:49:10,583 - pyiron_log - INFO - job: calc_potential id: 562, status: running, output: mkfifo: cannot create fifo 'sxctrl': Operation not supported
mkfifo: cannot create fifo 'sxres': Operation not supported

2026-07-17 14:49:10,597 - pyiron_log - INFO - run job: calc_potential id: 562, status: collect
2026-07-17 14:49:12,136 - pyiron_log - INFO - collect_errors() is not yet implemented for SPHInX
2026-07-17 14:49:12,137 - pyiron_log - INFO - collect_warnings() is not yet             implemented for SPHInX
2026-07-17 14:49:12,557 - pyiron_log - INFO - update master: None 562 modal
2026-07-17 14:49:13,154 - pyiron_log - INFO - run job: relax_defect id: None, status: initialized
2026-07-17 14:49:13,317 - pyiron_log - INFO - run job: relax_defect id: 563, status: created
2026-07-17 14:54:24,178 - pyiron_log - INFO - run job: calc_energy_defect id: None, status: initialized
2026-07-17 14:54:30,438 - pyiron_log - INFO - run job: calc_energy_defect id: 564, status: created
2026-07-17 14:54:30,451 - pyiron_log - INFO - job: calc_energy_defect id: 564, status: running, run job (modal)
2026-07-17 14:56:49,136 - pyiron_log - INFO - job: calc_energy_defect id: 564, status: running, output: mkfifo: cannot create fifo 'sxctrl': Operation not supported
mkfifo: cannot create fifo 'sxres': Operation not supported

2026-07-17 14:56:49,149 - pyiron_log - INFO - run job: calc_energy_defect id: 564, status: collect
2026-07-17 14:56:51,259 - pyiron_log - INFO - collect_errors() is not yet implemented for SPHInX
2026-07-17 14:56:51,260 - pyiron_log - INFO - collect_warnings() is not yet             implemented for SPHInX
2026-07-17 14:56:51,744 - pyiron_log - INFO - update master: None 564 modal
2026-07-17 14:56:53,377 - pyiron_log - INFO - run job: murn_job id: None, status: initialized
2026-07-17 14:56:55,489 - pyiron_log - INFO - run job: murn_job id: 565, status: created
2026-07-17 14:56:55,499 - pyiron_log - INFO - job: murn_job id: 565 run parallel master (modal)
2026-07-17 14:56:59,809 - pyiron_log - INFO - murn_job: run job murn_job_0_9
2026-07-17 14:56:59,818 - pyiron_log - INFO - run job: murn_job_0_9 id: None, status: initialized
2026-07-17 14:57:12,817 - pyiron_log - INFO - run job: murn_job_0_9 id: 566, status: created
2026-07-17 14:57:12,837 - pyiron_log - INFO - job: murn_job_0_9 id: 566, status: running, run job (modal)
2026-07-17 14:57:20,223 - pyiron_log - INFO - job: murn_job_0_9 id: 566, status: running, output: mkfifo: cannot create fifo 'sxctrl': Operation not supported
mkfifo: cannot create fifo 'sxres': Operation not supported

2026-07-17 14:57:20,237 - pyiron_log - INFO - run job: murn_job_0_9 id: 566, status: collect
2026-07-17 14:57:22,079 - pyiron_log - INFO - collect_errors() is not yet implemented for SPHInX
2026-07-17 14:57:22,080 - pyiron_log - INFO - collect_warnings() is not yet             implemented for SPHInX
2026-07-17 14:57:22,566 - pyiron_log - INFO - update master: 565 566 modal
2026-07-17 14:57:22,572 - pyiron_log - INFO - murn_job: finished job murn_job_0_9
2026-07-17 14:57:26,998 - pyiron_log - INFO - murn_job: run job murn_job_0_92
2026-07-17 14:57:27,007 - pyiron_log - INFO - run job: murn_job_0_92 id: None, status: initialized
2026-07-17 14:57:41,368 - pyiron_log - INFO - run job: murn_job_0_92 id: 567, status: created
2026-07-17 14:57:41,388 - pyiron_log - INFO - job: murn_job_0_92 id: 567, status: running, run job (modal)
2026-07-17 14:57:52,827 - pyiron_log - INFO - job: murn_job_0_92 id: 567, status: running, output: mkfifo: cannot create fifo 'sxctrl': Operation not supported
mkfifo: cannot create fifo 'sxres': Operation not supported

2026-07-17 14:57:52,846 - pyiron_log - INFO - run job: murn_job_0_92 id: 567, status: collect
2026-07-17 14:57:55,745 - pyiron_log - INFO - collect_errors() is not yet implemented for SPHInX
2026-07-17 14:57:55,747 - pyiron_log - INFO - collect_warnings() is not yet             implemented for SPHInX
2026-07-17 14:57:56,547 - pyiron_log - INFO - update master: 565 567 modal
2026-07-17 14:57:56,556 - pyiron_log - INFO - murn_job: finished job murn_job_0_92
2026-07-17 14:58:00,983 - pyiron_log - INFO - murn_job: run job murn_job_0_94
2026-07-17 14:58:00,989 - pyiron_log - INFO - run job: murn_job_0_94 id: None, status: initialized
2026-07-17 14:58:11,246 - pyiron_log - INFO - run job: murn_job_0_94 id: 568, status: created
2026-07-17 14:58:11,264 - pyiron_log - INFO - job: murn_job_0_94 id: 568, status: running, run job (modal)
2026-07-17 14:58:18,824 - pyiron_log - INFO - job: murn_job_0_94 id: 568, status: running, output: mkfifo: cannot create fifo 'sxctrl': Operation not supported
mkfifo: cannot create fifo 'sxres': Operation not supported

2026-07-17 14:58:18,837 - pyiron_log - INFO - run job: murn_job_0_94 id: 568, status: collect
2026-07-17 14:58:20,718 - pyiron_log - INFO - collect_errors() is not yet implemented for SPHInX
2026-07-17 14:58:20,718 - pyiron_log - INFO - collect_warnings() is not yet             implemented for SPHInX
2026-07-17 14:58:21,221 - pyiron_log - INFO - update master: 565 568 modal
2026-07-17 14:58:21,226 - pyiron_log - INFO - murn_job: finished job murn_job_0_94
2026-07-17 14:58:24,599 - pyiron_log - INFO - murn_job: run job murn_job_0_96
2026-07-17 14:58:24,605 - pyiron_log - INFO - run job: murn_job_0_96 id: None, status: initialized
2026-07-17 14:58:33,990 - pyiron_log - INFO - run job: murn_job_0_96 id: 569, status: created
2026-07-17 14:58:34,002 - pyiron_log - INFO - job: murn_job_0_96 id: 569, status: running, run job (modal)
2026-07-17 14:58:40,875 - pyiron_log - INFO - job: murn_job_0_96 id: 569, status: running, output: mkfifo: cannot create fifo 'sxctrl': Operation not supported
mkfifo: cannot create fifo 'sxres': Operation not supported

2026-07-17 14:58:40,891 - pyiron_log - INFO - run job: murn_job_0_96 id: 569, status: collect
2026-07-17 14:58:42,507 - pyiron_log - INFO - collect_errors() is not yet implemented for SPHInX
2026-07-17 14:58:42,507 - pyiron_log - INFO - collect_warnings() is not yet             implemented for SPHInX
2026-07-17 14:58:43,173 - pyiron_log - INFO - update master: 565 569 modal
2026-07-17 14:58:43,180 - pyiron_log - INFO - murn_job: finished job murn_job_0_96
2026-07-17 14:58:47,800 - pyiron_log - INFO - murn_job: run job murn_job_0_98
2026-07-17 14:58:47,810 - pyiron_log - INFO - run job: murn_job_0_98 id: None, status: initialized
2026-07-17 14:58:58,509 - pyiron_log - INFO - run job: murn_job_0_98 id: 570, status: created
2026-07-17 14:58:58,520 - pyiron_log - INFO - job: murn_job_0_98 id: 570, status: running, run job (modal)
2026-07-17 14:59:09,973 - pyiron_log - INFO - job: murn_job_0_98 id: 570, status: running, output: mkfifo: cannot create fifo 'sxctrl': Operation not supported
mkfifo: cannot create fifo 'sxres': Operation not supported

2026-07-17 14:59:09,988 - pyiron_log - INFO - run job: murn_job_0_98 id: 570, status: collect
2026-07-17 14:59:12,692 - pyiron_log - INFO - collect_errors() is not yet implemented for SPHInX
2026-07-17 14:59:12,694 - pyiron_log - INFO - collect_warnings() is not yet             implemented for SPHInX
2026-07-17 14:59:13,515 - pyiron_log - INFO - update master: 565 570 modal
2026-07-17 14:59:13,521 - pyiron_log - INFO - murn_job: finished job murn_job_0_98
2026-07-17 14:59:18,701 - pyiron_log - INFO - murn_job: run job murn_job_1_0
2026-07-17 14:59:18,709 - pyiron_log - INFO - run job: murn_job_1_0 id: None, status: initialized
2026-07-17 14:59:31,034 - pyiron_log - INFO - run job: murn_job_1_0 id: 571, status: created
2026-07-17 14:59:31,046 - pyiron_log - INFO - job: murn_job_1_0 id: 571, status: running, run job (modal)
2026-07-17 14:59:38,204 - pyiron_log - INFO - job: murn_job_1_0 id: 571, status: running, output: mkfifo: cannot create fifo 'sxctrl': Operation not supported
mkfifo: cannot create fifo 'sxres': Operation not supported

2026-07-17 14:59:38,218 - pyiron_log - INFO - run job: murn_job_1_0 id: 571, status: collect
2026-07-17 14:59:40,122 - pyiron_log - INFO - collect_errors() is not yet implemented for SPHInX
2026-07-17 14:59:40,123 - pyiron_log - INFO - collect_warnings() is not yet             implemented for SPHInX
2026-07-17 14:59:40,809 - pyiron_log - INFO - update master: 565 571 modal
2026-07-17 14:59:40,816 - pyiron_log - INFO - murn_job: finished job murn_job_1_0
2026-07-17 14:59:45,479 - pyiron_log - INFO - murn_job: run job murn_job_1_02
2026-07-17 14:59:45,486 - pyiron_log - INFO - run job: murn_job_1_02 id: None, status: initialized
2026-07-17 14:59:56,603 - pyiron_log - INFO - run job: murn_job_1_02 id: 572, status: created
2026-07-17 14:59:56,615 - pyiron_log - INFO - job: murn_job_1_02 id: 572, status: running, run job (modal)
2026-07-17 15:00:04,617 - pyiron_log - INFO - job: murn_job_1_02 id: 572, status: running, output: mkfifo: cannot create fifo 'sxctrl': Operation not supported
mkfifo: cannot create fifo 'sxres': Operation not supported

2026-07-17 15:00:04,627 - pyiron_log - INFO - run job: murn_job_1_02 id: 572, status: collect
2026-07-17 15:00:06,118 - pyiron_log - INFO - collect_errors() is not yet implemented for SPHInX
2026-07-17 15:00:06,119 - pyiron_log - INFO - collect_warnings() is not yet             implemented for SPHInX
2026-07-17 15:00:06,546 - pyiron_log - INFO - update master: 565 572 modal
2026-07-17 15:00:06,550 - pyiron_log - INFO - murn_job: finished job murn_job_1_02
2026-07-17 15:00:09,858 - pyiron_log - INFO - murn_job: run job murn_job_1_04
2026-07-17 15:00:09,864 - pyiron_log - INFO - run job: murn_job_1_04 id: None, status: initialized
2026-07-17 15:00:20,089 - pyiron_log - INFO - run job: murn_job_1_04 id: 573, status: created
2026-07-17 15:00:20,102 - pyiron_log - INFO - job: murn_job_1_04 id: 573, status: running, run job (modal)
2026-07-17 15:00:28,364 - pyiron_log - INFO - job: murn_job_1_04 id: 573, status: running, output: mkfifo: cannot create fifo 'sxctrl': Operation not supported
mkfifo: cannot create fifo 'sxres': Operation not supported

2026-07-17 15:00:28,380 - pyiron_log - INFO - run job: murn_job_1_04 id: 573, status: collect
2026-07-17 15:00:30,208 - pyiron_log - INFO - collect_errors() is not yet implemented for SPHInX
2026-07-17 15:00:30,209 - pyiron_log - INFO - collect_warnings() is not yet             implemented for SPHInX
2026-07-17 15:00:30,689 - pyiron_log - INFO - update master: 565 573 modal
2026-07-17 15:00:30,695 - pyiron_log - INFO - murn_job: finished job murn_job_1_04
2026-07-17 15:00:34,445 - pyiron_log - INFO - murn_job: run job murn_job_1_06
2026-07-17 15:00:34,455 - pyiron_log - INFO - run job: murn_job_1_06 id: None, status: initialized
2026-07-17 15:00:46,849 - pyiron_log - INFO - run job: murn_job_1_06 id: 574, status: created
2026-07-17 15:00:46,860 - pyiron_log - INFO - job: murn_job_1_06 id: 574, status: running, run job (modal)
2026-07-17 15:00:56,535 - pyiron_log - INFO - job: murn_job_1_06 id: 574, status: running, output: mkfifo: cannot create fifo 'sxctrl': Operation not supported
mkfifo: cannot create fifo 'sxres': Operation not supported

2026-07-17 15:00:56,552 - pyiron_log - INFO - run job: murn_job_1_06 id: 574, status: collect
2026-07-17 15:00:58,960 - pyiron_log - INFO - collect_errors() is not yet implemented for SPHInX
2026-07-17 15:00:58,961 - pyiron_log - INFO - collect_warnings() is not yet             implemented for SPHInX
2026-07-17 15:00:59,613 - pyiron_log - INFO - update master: 565 574 modal
2026-07-17 15:00:59,619 - pyiron_log - INFO - murn_job: finished job murn_job_1_06
2026-07-17 15:01:03,826 - pyiron_log - INFO - murn_job: run job murn_job_1_08
2026-07-17 15:01:03,833 - pyiron_log - INFO - run job: murn_job_1_08 id: None, status: initialized
2026-07-17 15:01:15,096 - pyiron_log - INFO - run job: murn_job_1_08 id: 575, status: created
2026-07-17 15:01:15,108 - pyiron_log - INFO - job: murn_job_1_08 id: 575, status: running, run job (modal)
2026-07-17 15:01:23,887 - pyiron_log - INFO - job: murn_job_1_08 id: 575, status: running, output: mkfifo: cannot create fifo 'sxctrl': Operation not supported
mkfifo: cannot create fifo 'sxres': Operation not supported

2026-07-17 15:01:23,899 - pyiron_log - INFO - run job: murn_job_1_08 id: 575, status: collect
2026-07-17 15:01:26,113 - pyiron_log - INFO - collect_errors() is not yet implemented for SPHInX
2026-07-17 15:01:26,114 - pyiron_log - INFO - collect_warnings() is not yet             implemented for SPHInX
2026-07-17 15:01:26,865 - pyiron_log - INFO - update master: 565 575 modal
2026-07-17 15:01:26,873 - pyiron_log - INFO - murn_job: finished job murn_job_1_08
2026-07-17 15:01:30,807 - pyiron_log - INFO - murn_job: run job murn_job_1_1
2026-07-17 15:01:30,814 - pyiron_log - INFO - run job: murn_job_1_1 id: None, status: initialized
2026-07-17 15:01:40,766 - pyiron_log - INFO - run job: murn_job_1_1 id: 576, status: created
2026-07-17 15:01:40,779 - pyiron_log - INFO - job: murn_job_1_1 id: 576, status: running, run job (modal)
2026-07-17 15:01:51,139 - pyiron_log - INFO - job: murn_job_1_1 id: 576, status: running, output: mkfifo: cannot create fifo 'sxctrl': Operation not supported
mkfifo: cannot create fifo 'sxres': Operation not supported

2026-07-17 15:01:51,156 - pyiron_log - INFO - run job: murn_job_1_1 id: 576, status: collect
2026-07-17 15:01:54,132 - pyiron_log - INFO - collect_errors() is not yet implemented for SPHInX
2026-07-17 15:01:54,133 - pyiron_log - INFO - collect_warnings() is not yet             implemented for SPHInX
2026-07-17 15:01:54,697 - pyiron_log - INFO - update master: 565 576 modal
2026-07-17 15:01:54,702 - pyiron_log - INFO - murn_job: finished job murn_job_1_1
2026-07-17 15:01:54,715 - pyiron_log - INFO - run job: murn_job id: 565, status: collect
2026-07-17 15:01:54,717 - pyiron_log - INFO - job: murn_job id: 565, status: collect, finished
2026-07-17 15:02:13,178 - pyiron_log - INFO - job: murn_job id: 565, status: finished, parallel master
2026-07-17 15:02:13,181 - pyiron_log - INFO - update master: None 565 modal
2026-07-20 08:22:58,344 - pyiron_log - INFO - run job: calc_energy_og id: None, status: initialized
2026-07-20 08:22:58,629 - pyiron_log - INFO - run job: calc_energy_og id: 577, status: created
2026-07-20 08:28:20,759 - pyiron_log - INFO - run job: calc_potential id: None, status: initialized
2026-07-20 08:28:20,946 - pyiron_log - INFO - run job: calc_potential id: 578, status: created
2026-07-20 08:28:36,326 - pyiron_log - INFO - run job: murn_job id: None, status: initialized
2026-07-20 08:28:36,820 - pyiron_log - INFO - run job: murn_job id: 579, status: created
2026-07-20 08:28:36,823 - pyiron_log - INFO - job: murn_job id: 579 run parallel master (modal)
2026-07-20 08:28:37,341 - pyiron_log - INFO - murn_job: run job murn_job_0_9
2026-07-20 08:28:37,346 - pyiron_log - INFO - run job: murn_job_0_9 id: None, status: initialized
2026-07-20 08:28:37,553 - pyiron_log - INFO - run job: murn_job_0_9 id: 580, status: created
2026-07-20 08:28:49,209 - pyiron_log - INFO - murn_job: finished job murn_job_0_9
2026-07-20 08:28:49,640 - pyiron_log - INFO - murn_job: run job murn_job_0_92
2026-07-20 08:28:49,646 - pyiron_log - INFO - run job: murn_job_0_92 id: None, status: initialized
2026-07-20 08:28:49,803 - pyiron_log - INFO - run job: murn_job_0_92 id: 581, status: created
2026-07-20 08:28:58,692 - pyiron_log - INFO - murn_job: finished job murn_job_0_92
2026-07-20 08:28:59,023 - pyiron_log - INFO - murn_job: run job murn_job_0_94
2026-07-20 08:28:59,034 - pyiron_log - INFO - run job: murn_job_0_94 id: None, status: initialized
2026-07-20 08:28:59,169 - pyiron_log - INFO - run job: murn_job_0_94 id: 582, status: created
2026-07-20 08:29:08,410 - pyiron_log - INFO - murn_job: finished job murn_job_0_94
2026-07-20 08:29:08,853 - pyiron_log - INFO - murn_job: run job murn_job_0_96
2026-07-20 08:29:08,859 - pyiron_log - INFO - run job: murn_job_0_96 id: None, status: initialized
2026-07-20 08:29:09,006 - pyiron_log - INFO - run job: murn_job_0_96 id: 583, status: created
2026-07-20 08:29:18,822 - pyiron_log - INFO - murn_job: finished job murn_job_0_96
2026-07-20 08:29:19,174 - pyiron_log - INFO - murn_job: run job murn_job_0_98
2026-07-20 08:29:19,180 - pyiron_log - INFO - run job: murn_job_0_98 id: None, status: initialized
2026-07-20 08:29:19,308 - pyiron_log - INFO - run job: murn_job_0_98 id: 584, status: created
2026-07-20 08:29:27,968 - pyiron_log - INFO - murn_job: finished job murn_job_0_98
2026-07-20 08:29:28,283 - pyiron_log - INFO - murn_job: run job murn_job_1_0
2026-07-20 08:29:28,289 - pyiron_log - INFO - run job: murn_job_1_0 id: None, status: initialized
2026-07-20 08:29:28,406 - pyiron_log - INFO - run job: murn_job_1_0 id: 585, status: created
2026-07-20 08:29:41,239 - pyiron_log - INFO - murn_job: finished job murn_job_1_0
2026-07-20 08:29:41,759 - pyiron_log - INFO - murn_job: run job murn_job_1_02
2026-07-20 08:29:41,768 - pyiron_log - INFO - run job: murn_job_1_02 id: None, status: initialized
2026-07-20 08:29:42,012 - pyiron_log - INFO - run job: murn_job_1_02 id: 586, status: created
2026-07-20 08:29:57,933 - pyiron_log - INFO - murn_job: finished job murn_job_1_02
2026-07-20 08:29:58,520 - pyiron_log - INFO - murn_job: run job murn_job_1_04
2026-07-20 08:29:58,530 - pyiron_log - INFO - run job: murn_job_1_04 id: None, status: initialized
2026-07-20 08:29:58,773 - pyiron_log - INFO - run job: murn_job_1_04 id: 587, status: created
2026-07-20 08:30:16,800 - pyiron_log - INFO - murn_job: finished job murn_job_1_04
2026-07-20 08:30:17,401 - pyiron_log - INFO - murn_job: run job murn_job_1_06
2026-07-20 08:30:17,428 - pyiron_log - INFO - run job: murn_job_1_06 id: None, status: initialized
2026-07-20 08:30:17,725 - pyiron_log - INFO - run job: murn_job_1_06 id: 588, status: created
2026-07-20 08:30:30,852 - pyiron_log - INFO - murn_job: finished job murn_job_1_06
2026-07-20 08:30:31,304 - pyiron_log - INFO - murn_job: run job murn_job_1_08
2026-07-20 08:30:31,310 - pyiron_log - INFO - run job: murn_job_1_08 id: None, status: initialized
2026-07-20 08:30:31,490 - pyiron_log - INFO - run job: murn_job_1_08 id: 589, status: created
2026-07-20 08:30:47,949 - pyiron_log - INFO - murn_job: finished job murn_job_1_08
2026-07-20 08:30:48,501 - pyiron_log - INFO - murn_job: run job murn_job_1_1
2026-07-20 08:30:48,510 - pyiron_log - INFO - run job: murn_job_1_1 id: None, status: initialized
2026-07-20 08:30:48,922 - pyiron_log - INFO - run job: murn_job_1_1 id: 590, status: created
2026-07-20 08:31:00,561 - pyiron_log - INFO - murn_job: finished job murn_job_1_1
2026-07-20 08:31:00,572 - pyiron_log - INFO - run job: murn_job id: 579, status: collect
2026-07-20 08:31:00,574 - pyiron_log - INFO - job: murn_job id: 579, status: collect, finished
2026-07-20 08:31:01,956 - pyiron_log - INFO - job: murn_job id: 579, status: finished, parallel master
2026-07-20 08:31:01,959 - pyiron_log - INFO - update master: None 579 modal
2026-07-20 08:31:02,006 - pyiron_log - INFO - run job: relax_defect id: None, status: initialized
2026-07-20 08:31:02,256 - pyiron_log - INFO - run job: relax_defect id: 591, status: created
2026-07-20 08:36:55,459 - pyiron_log - INFO - run job: calc_energy_defect id: None, status: initialized
2026-07-20 08:36:55,586 - pyiron_log - INFO - run job: calc_energy_defect id: 592, status: created
2026-07-20 08:41:35,488 - pyiron_log - INFO - run job: calc_potential id: None, status: initialized
2026-07-20 08:41:39,046 - pyiron_log - INFO - run job: calc_potential id: 593, status: created
2026-07-20 08:41:39,055 - pyiron_log - INFO - job: calc_potential id: 593, status: running, run job (modal)
2026-07-20 08:41:45,273 - pyiron_log - INFO - job: calc_potential id: 593, status: running, output: mkfifo: cannot create fifo 'sxctrl': Operation not supported
mkfifo: cannot create fifo 'sxres': Operation not supported

2026-07-20 08:41:45,288 - pyiron_log - INFO - run job: calc_potential id: 593, status: collect
2026-07-20 08:41:46,576 - pyiron_log - INFO - collect_errors() is not yet implemented for SPHInX
2026-07-20 08:41:46,577 - pyiron_log - INFO - collect_warnings() is not yet             implemented for SPHInX
2026-07-20 08:41:46,935 - pyiron_log - INFO - update master: None 593 modal
2026-07-20 08:41:48,299 - pyiron_log - INFO - run job: murn_job id: None, status: initialized
2026-07-20 08:41:50,217 - pyiron_log - INFO - run job: murn_job id: 594, status: created
2026-07-20 08:41:50,221 - pyiron_log - INFO - job: murn_job id: 594 run parallel master (modal)
2026-07-20 08:41:54,042 - pyiron_log - INFO - murn_job: run job murn_job_0_9
2026-07-20 08:41:54,047 - pyiron_log - INFO - run job: murn_job_0_9 id: None, status: initialized
2026-07-20 08:42:02,523 - pyiron_log - INFO - run job: murn_job_0_9 id: 595, status: created
2026-07-20 08:42:02,532 - pyiron_log - INFO - job: murn_job_0_9 id: 595, status: running, run job (modal)
2026-07-20 08:42:06,771 - pyiron_log - INFO - job: murn_job_0_9 id: 595, status: running, output: mkfifo: cannot create fifo 'sxctrl': Operation not supported
mkfifo: cannot create fifo 'sxres': Operation not supported

2026-07-20 08:42:06,783 - pyiron_log - INFO - run job: murn_job_0_9 id: 595, status: collect
2026-07-20 08:42:08,471 - pyiron_log - INFO - collect_errors() is not yet implemented for SPHInX
2026-07-20 08:42:08,472 - pyiron_log - INFO - collect_warnings() is not yet             implemented for SPHInX
2026-07-20 08:42:08,874 - pyiron_log - INFO - update master: 594 595 modal
2026-07-20 08:42:08,878 - pyiron_log - INFO - murn_job: finished job murn_job_0_9
2026-07-20 08:42:11,792 - pyiron_log - INFO - murn_job: run job murn_job_0_92
2026-07-20 08:42:11,797 - pyiron_log - INFO - run job: murn_job_0_92 id: None, status: initialized
2026-07-20 08:42:20,012 - pyiron_log - INFO - run job: murn_job_0_92 id: 596, status: created
2026-07-20 08:42:20,022 - pyiron_log - INFO - job: murn_job_0_92 id: 596, status: running, run job (modal)
2026-07-20 08:42:26,196 - pyiron_log - INFO - job: murn_job_0_92 id: 596, status: running, output: mkfifo: cannot create fifo 'sxctrl': Operation not supported
mkfifo: cannot create fifo 'sxres': Operation not supported

2026-07-20 08:42:26,210 - pyiron_log - INFO - run job: murn_job_0_92 id: 596, status: collect
2026-07-20 08:42:27,727 - pyiron_log - INFO - collect_errors() is not yet implemented for SPHInX
2026-07-20 08:42:27,728 - pyiron_log - INFO - collect_warnings() is not yet             implemented for SPHInX
2026-07-20 08:42:28,156 - pyiron_log - INFO - update master: 594 596 modal
2026-07-20 08:42:28,159 - pyiron_log - INFO - murn_job: finished job murn_job_0_92
2026-07-20 08:42:31,557 - pyiron_log - INFO - murn_job: run job murn_job_0_94
2026-07-20 08:42:31,564 - pyiron_log - INFO - run job: murn_job_0_94 id: None, status: initialized
2026-07-20 08:42:40,803 - pyiron_log - INFO - run job: murn_job_0_94 id: 597, status: created
2026-07-20 08:42:40,813 - pyiron_log - INFO - job: murn_job_0_94 id: 597, status: running, run job (modal)
2026-07-20 08:42:46,951 - pyiron_log - INFO - job: murn_job_0_94 id: 597, status: running, output: mkfifo: cannot create fifo 'sxctrl': Operation not supported
mkfifo: cannot create fifo 'sxres': Operation not supported

2026-07-20 08:42:46,961 - pyiron_log - INFO - run job: murn_job_0_94 id: 597, status: collect
2026-07-20 08:42:48,437 - pyiron_log - INFO - collect_errors() is not yet implemented for SPHInX
2026-07-20 08:42:48,438 - pyiron_log - INFO - collect_warnings() is not yet             implemented for SPHInX
2026-07-20 08:42:48,985 - pyiron_log - INFO - update master: 594 597 modal
2026-07-20 08:42:48,991 - pyiron_log - INFO - murn_job: finished job murn_job_0_94
2026-07-20 08:42:52,251 - pyiron_log - INFO - murn_job: run job murn_job_0_96
2026-07-20 08:42:52,257 - pyiron_log - INFO - run job: murn_job_0_96 id: None, status: initialized
2026-07-20 08:43:00,933 - pyiron_log - INFO - run job: murn_job_0_96 id: 598, status: created
2026-07-20 08:43:00,944 - pyiron_log - INFO - job: murn_job_0_96 id: 598, status: running, run job (modal)
2026-07-20 08:43:06,598 - pyiron_log - INFO - job: murn_job_0_96 id: 598, status: running, output: mkfifo: cannot create fifo 'sxctrl': Operation not supported
mkfifo: cannot create fifo 'sxres': Operation not supported

2026-07-20 08:43:06,610 - pyiron_log - INFO - run job: murn_job_0_96 id: 598, status: collect
2026-07-20 08:43:08,137 - pyiron_log - INFO - collect_errors() is not yet implemented for SPHInX
2026-07-20 08:43:08,138 - pyiron_log - INFO - collect_warnings() is not yet             implemented for SPHInX
2026-07-20 08:43:08,676 - pyiron_log - INFO - update master: 594 598 modal
2026-07-20 08:43:08,680 - pyiron_log - INFO - murn_job: finished job murn_job_0_96
2026-07-20 08:43:11,759 - pyiron_log - INFO - murn_job: run job murn_job_0_98
2026-07-20 08:43:11,764 - pyiron_log - INFO - run job: murn_job_0_98 id: None, status: initialized
2026-07-20 08:43:20,175 - pyiron_log - INFO - run job: murn_job_0_98 id: 599, status: created
2026-07-20 08:43:20,184 - pyiron_log - INFO - job: murn_job_0_98 id: 599, status: running, run job (modal)
2026-07-20 08:43:25,887 - pyiron_log - INFO - job: murn_job_0_98 id: 599, status: running, output: mkfifo: cannot create fifo 'sxctrl': Operation not supported
mkfifo: cannot create fifo 'sxres': Operation not supported

2026-07-20 08:43:25,899 - pyiron_log - INFO - run job: murn_job_0_98 id: 599, status: collect
2026-07-20 08:43:27,436 - pyiron_log - INFO - collect_errors() is not yet implemented for SPHInX
2026-07-20 08:43:27,437 - pyiron_log - INFO - collect_warnings() is not yet             implemented for SPHInX
2026-07-20 08:43:27,994 - pyiron_log - INFO - update master: 594 599 modal
2026-07-20 08:43:27,999 - pyiron_log - INFO - murn_job: finished job murn_job_0_98
2026-07-20 08:43:31,114 - pyiron_log - INFO - murn_job: run job murn_job_1_0
2026-07-20 08:43:31,119 - pyiron_log - INFO - run job: murn_job_1_0 id: None, status: initialized
2026-07-20 08:43:39,978 - pyiron_log - INFO - run job: murn_job_1_0 id: 600, status: created
2026-07-20 08:43:39,989 - pyiron_log - INFO - job: murn_job_1_0 id: 600, status: running, run job (modal)
2026-07-20 08:43:46,531 - pyiron_log - INFO - job: murn_job_1_0 id: 600, status: running, output: mkfifo: cannot create fifo 'sxctrl': Operation not supported
mkfifo: cannot create fifo 'sxres': Operation not supported

2026-07-20 08:43:46,545 - pyiron_log - INFO - run job: murn_job_1_0 id: 600, status: collect
2026-07-20 08:43:48,524 - pyiron_log - INFO - collect_errors() is not yet implemented for SPHInX
2026-07-20 08:43:48,525 - pyiron_log - INFO - collect_warnings() is not yet             implemented for SPHInX
2026-07-20 08:43:49,061 - pyiron_log - INFO - update master: 594 600 modal
2026-07-20 08:43:49,066 - pyiron_log - INFO - murn_job: finished job murn_job_1_0
2026-07-20 08:43:52,392 - pyiron_log - INFO - murn_job: run job murn_job_1_02
2026-07-20 08:43:52,397 - pyiron_log - INFO - run job: murn_job_1_02 id: None, status: initialized
2026-07-20 08:44:01,206 - pyiron_log - INFO - run job: murn_job_1_02 id: 601, status: created
2026-07-20 08:44:01,215 - pyiron_log - INFO - job: murn_job_1_02 id: 601, status: running, run job (modal)
2026-07-20 08:44:07,893 - pyiron_log - INFO - job: murn_job_1_02 id: 601, status: running, output: mkfifo: cannot create fifo 'sxctrl': Operation not supported
mkfifo: cannot create fifo 'sxres': Operation not supported

2026-07-20 08:44:07,904 - pyiron_log - INFO - run job: murn_job_1_02 id: 601, status: collect
2026-07-20 08:44:09,528 - pyiron_log - INFO - collect_errors() is not yet implemented for SPHInX
2026-07-20 08:44:09,529 - pyiron_log - INFO - collect_warnings() is not yet             implemented for SPHInX
2026-07-20 08:44:10,019 - pyiron_log - INFO - update master: 594 601 modal
2026-07-20 08:44:10,024 - pyiron_log - INFO - murn_job: finished job murn_job_1_02
2026-07-20 08:44:12,800 - pyiron_log - INFO - murn_job: run job murn_job_1_04
2026-07-20 08:44:12,809 - pyiron_log - INFO - run job: murn_job_1_04 id: None, status: initialized
2026-07-20 08:44:20,984 - pyiron_log - INFO - run job: murn_job_1_04 id: 602, status: created
2026-07-20 08:44:20,996 - pyiron_log - INFO - job: murn_job_1_04 id: 602, status: running, run job (modal)
2026-07-20 08:44:27,565 - pyiron_log - INFO - job: murn_job_1_04 id: 602, status: running, output: mkfifo: cannot create fifo 'sxctrl': Operation not supported
mkfifo: cannot create fifo 'sxres': Operation not supported

2026-07-20 08:44:27,582 - pyiron_log - INFO - run job: murn_job_1_04 id: 602, status: collect
2026-07-20 08:44:29,273 - pyiron_log - INFO - collect_errors() is not yet implemented for SPHInX
2026-07-20 08:44:29,274 - pyiron_log - INFO - collect_warnings() is not yet             implemented for SPHInX
2026-07-20 08:44:29,792 - pyiron_log - INFO - update master: 594 602 modal
2026-07-20 08:44:29,796 - pyiron_log - INFO - murn_job: finished job murn_job_1_04
2026-07-20 08:44:32,991 - pyiron_log - INFO - murn_job: run job murn_job_1_06
2026-07-20 08:44:33,000 - pyiron_log - INFO - run job: murn_job_1_06 id: None, status: initialized
2026-07-20 08:44:41,312 - pyiron_log - INFO - run job: murn_job_1_06 id: 603, status: created
2026-07-20 08:44:41,320 - pyiron_log - INFO - job: murn_job_1_06 id: 603, status: running, run job (modal)
2026-07-20 08:44:47,857 - pyiron_log - INFO - job: murn_job_1_06 id: 603, status: running, output: mkfifo: cannot create fifo 'sxctrl': Operation not supported
mkfifo: cannot create fifo 'sxres': Operation not supported

2026-07-20 08:44:47,873 - pyiron_log - INFO - run job: murn_job_1_06 id: 603, status: collect
2026-07-20 08:44:49,695 - pyiron_log - INFO - collect_errors() is not yet implemented for SPHInX
2026-07-20 08:44:49,696 - pyiron_log - INFO - collect_warnings() is not yet             implemented for SPHInX
2026-07-20 08:44:50,186 - pyiron_log - INFO - update master: 594 603 modal
2026-07-20 08:44:50,191 - pyiron_log - INFO - murn_job: finished job murn_job_1_06
2026-07-20 08:44:53,244 - pyiron_log - INFO - murn_job: run job murn_job_1_08
2026-07-20 08:44:53,249 - pyiron_log - INFO - run job: murn_job_1_08 id: None, status: initialized
2026-07-20 08:45:02,113 - pyiron_log - INFO - run job: murn_job_1_08 id: 604, status: created
2026-07-20 08:45:02,124 - pyiron_log - INFO - job: murn_job_1_08 id: 604, status: running, run job (modal)
2026-07-20 08:45:08,426 - pyiron_log - INFO - job: murn_job_1_08 id: 604, status: running, output: mkfifo: cannot create fifo 'sxctrl': Operation not supported
mkfifo: cannot create fifo 'sxres': Operation not supported

2026-07-20 08:45:08,440 - pyiron_log - INFO - run job: murn_job_1_08 id: 604, status: collect
2026-07-20 08:45:10,270 - pyiron_log - INFO - collect_errors() is not yet implemented for SPHInX
2026-07-20 08:45:10,271 - pyiron_log - INFO - collect_warnings() is not yet             implemented for SPHInX
2026-07-20 08:45:10,856 - pyiron_log - INFO - update master: 594 604 modal
2026-07-20 08:45:10,861 - pyiron_log - INFO - murn_job: finished job murn_job_1_08
2026-07-20 08:45:13,957 - pyiron_log - INFO - murn_job: run job murn_job_1_1
2026-07-20 08:45:13,962 - pyiron_log - INFO - run job: murn_job_1_1 id: None, status: initialized
2026-07-20 08:45:23,366 - pyiron_log - INFO - run job: murn_job_1_1 id: 605, status: created
2026-07-20 08:45:23,379 - pyiron_log - INFO - job: murn_job_1_1 id: 605, status: running, run job (modal)
2026-07-20 08:45:30,555 - pyiron_log - INFO - job: murn_job_1_1 id: 605, status: running, output: mkfifo: cannot create fifo 'sxctrl': Operation not supported
mkfifo: cannot create fifo 'sxres': Operation not supported

2026-07-20 08:45:30,567 - pyiron_log - INFO - run job: murn_job_1_1 id: 605, status: collect
2026-07-20 08:45:32,260 - pyiron_log - INFO - collect_errors() is not yet implemented for SPHInX
2026-07-20 08:45:32,261 - pyiron_log - INFO - collect_warnings() is not yet             implemented for SPHInX
2026-07-20 08:45:32,750 - pyiron_log - INFO - update master: 594 605 modal
2026-07-20 08:45:32,755 - pyiron_log - INFO - murn_job: finished job murn_job_1_1
2026-07-20 08:45:32,766 - pyiron_log - INFO - run job: murn_job id: 594, status: collect
2026-07-20 08:45:32,768 - pyiron_log - INFO - job: murn_job id: 594, status: collect, finished
2026-07-20 08:45:47,896 - pyiron_log - INFO - job: murn_job id: 594, status: finished, parallel master
2026-07-20 08:45:47,898 - pyiron_log - INFO - update master: None 594 modal
2026-07-20 08:45:47,995 - pyiron_log - INFO - run job: calc_energy_og id: None, status: initialized
2026-07-20 08:45:54,757 - pyiron_log - INFO - run job: calc_energy_og id: 606, status: created
2026-07-20 08:45:54,772 - pyiron_log - INFO - job: calc_energy_og id: 606, status: running, run job (modal)
2026-07-20 08:47:04,975 - pyiron_log - INFO - job: calc_energy_og id: 606, status: running, output: mkfifo: cannot create fifo 'sxctrl': Operation not supported
mkfifo: cannot create fifo 'sxres': Operation not supported

2026-07-20 08:47:04,988 - pyiron_log - INFO - run job: calc_energy_og id: 606, status: collect
2026-07-20 08:47:06,871 - pyiron_log - INFO - collect_errors() is not yet implemented for SPHInX
2026-07-20 08:47:06,873 - pyiron_log - INFO - collect_warnings() is not yet             implemented for SPHInX
2026-07-20 08:47:07,430 - pyiron_log - INFO - update master: None 606 modal
2026-07-20 08:47:07,949 - pyiron_log - INFO - run job: relax_defect id: None, status: initialized
2026-07-20 08:47:14,926 - pyiron_log - INFO - run job: relax_defect id: 607, status: created
2026-07-20 08:47:14,938 - pyiron_log - INFO - job: relax_defect id: 607, status: running, run job (modal)
2026-07-20 08:50:54,098 - pyiron_log - INFO - job: relax_defect id: 607, status: running, output: mkfifo: cannot create fifo 'sxctrl': Operation not supported
mkfifo: cannot create fifo 'sxres': Operation not supported

2026-07-20 08:50:54,110 - pyiron_log - INFO - run job: relax_defect id: 607, status: collect
2026-07-20 08:50:55,779 - pyiron_log - INFO - collect_errors() is not yet implemented for SPHInX
2026-07-20 08:50:55,780 - pyiron_log - INFO - collect_warnings() is not yet             implemented for SPHInX
2026-07-20 08:50:56,256 - pyiron_log - INFO - update master: None 607 modal
2026-07-20 08:50:57,550 - pyiron_log - WARNING - Could not access indices, returning None!
2026-07-20 08:50:57,872 - pyiron_log - WARNING - Could not access indices, returning None!
2026-07-20 08:50:58,630 - pyiron_log - INFO - run job: calc_energy_defect id: None, status: initialized
2026-07-20 08:51:04,994 - pyiron_log - INFO - run job: calc_energy_defect id: 608, status: created
2026-07-20 08:51:05,003 - pyiron_log - INFO - job: calc_energy_defect id: 608, status: running, run job (modal)
2026-07-20 08:53:12,521 - pyiron_log - INFO - job: calc_energy_defect id: 608, status: running, output: mkfifo: cannot create fifo 'sxctrl': Operation not supported
mkfifo: cannot create fifo 'sxres': Operation not supported

2026-07-20 08:53:12,535 - pyiron_log - INFO - run job: calc_energy_defect id: 608, status: collect
2026-07-20 08:53:14,141 - pyiron_log - INFO - collect_errors() is not yet implemented for SPHInX
2026-07-20 08:53:14,142 - pyiron_log - INFO - collect_warnings() is not yet             implemented for SPHInX
2026-07-20 08:53:15,055 - pyiron_log - INFO - update master: None 608 modal
2026-07-20 09:38:57,822 - pyiron_log - INFO - run job: calc_energy_og id: None, status: initialized
2026-07-20 09:39:04,477 - pyiron_log - INFO - run job: calc_energy_og id: 609, status: created
2026-07-20 09:39:04,486 - pyiron_log - INFO - job: calc_energy_og id: 609, status: running, run job (modal)
2026-07-20 09:40:14,288 - pyiron_log - INFO - job: calc_energy_og id: 609, status: running, output: mkfifo: cannot create fifo 'sxctrl': Operation not supported
mkfifo: cannot create fifo 'sxres': Operation not supported

2026-07-20 09:40:14,301 - pyiron_log - INFO - run job: calc_energy_og id: 609, status: collect
2026-07-20 09:40:15,938 - pyiron_log - INFO - collect_errors() is not yet implemented for SPHInX
2026-07-20 09:40:15,939 - pyiron_log - INFO - collect_warnings() is not yet             implemented for SPHInX
2026-07-20 09:40:16,415 - pyiron_log - INFO - update master: None 609 modal
2026-07-20 09:40:16,904 - pyiron_log - INFO - run job: calc_potential id: None, status: initialized
2026-07-20 09:40:20,769 - pyiron_log - INFO - run job: calc_potential id: 610, status: created
2026-07-20 09:40:20,780 - pyiron_log - INFO - job: calc_potential id: 610, status: running, run job (modal)
2026-07-20 09:40:28,628 - pyiron_log - INFO - job: calc_potential id: 610, status: running, output: mkfifo: cannot create fifo 'sxctrl': Operation not supported
mkfifo: cannot create fifo 'sxres': Operation not supported

2026-07-20 09:40:28,641 - pyiron_log - INFO - run job: calc_potential id: 610, status: collect
2026-07-20 09:40:30,343 - pyiron_log - INFO - collect_errors() is not yet implemented for SPHInX
2026-07-20 09:40:30,344 - pyiron_log - INFO - collect_warnings() is not yet             implemented for SPHInX
2026-07-20 09:40:30,807 - pyiron_log - INFO - update master: None 610 modal
2026-07-20 09:40:31,416 - pyiron_log - INFO - run job: relax_defect id: None, status: initialized
2026-07-20 09:40:31,627 - pyiron_log - INFO - run job: relax_defect id: 611, status: created
2026-07-20 09:45:07,559 - pyiron_log - INFO - run job: calc_energy_defect id: None, status: initialized
2026-07-20 09:45:14,111 - pyiron_log - INFO - run job: calc_energy_defect id: 612, status: created
2026-07-20 09:45:14,128 - pyiron_log - INFO - job: calc_energy_defect id: 612, status: running, run job (modal)
2026-07-20 09:47:14,391 - pyiron_log - INFO - job: calc_energy_defect id: 612, status: running, output: mkfifo: cannot create fifo 'sxctrl': Operation not supported
mkfifo: cannot create fifo 'sxres': Operation not supported

2026-07-20 09:47:14,422 - pyiron_log - INFO - run job: calc_energy_defect id: 612, status: collect
2026-07-20 09:47:19,636 - pyiron_log - INFO - collect_errors() is not yet implemented for SPHInX
2026-07-20 09:47:19,637 - pyiron_log - INFO - collect_warnings() is not yet             implemented for SPHInX
2026-07-20 09:47:20,237 - pyiron_log - INFO - update master: None 612 modal
2026-07-20 09:47:22,428 - pyiron_log - INFO - run job: murn_job id: None, status: initialized
2026-07-20 09:47:25,144 - pyiron_log - INFO - run job: murn_job id: 613, status: created
2026-07-20 09:47:25,152 - pyiron_log - INFO - job: murn_job id: 613 run parallel master (modal)
2026-07-20 09:47:30,024 - pyiron_log - INFO - murn_job: run job murn_job_0_9
2026-07-20 09:47:30,035 - pyiron_log - INFO - run job: murn_job_0_9 id: None, status: initialized
2026-07-20 09:47:42,772 - pyiron_log - INFO - run job: murn_job_0_9 id: 614, status: created
2026-07-20 09:47:42,795 - pyiron_log - INFO - job: murn_job_0_9 id: 614, status: running, run job (modal)
2026-07-20 09:47:52,415 - pyiron_log - INFO - job: murn_job_0_9 id: 614, status: running, output: mkfifo: cannot create fifo 'sxctrl': Operation not supported
mkfifo: cannot create fifo 'sxres': Operation not supported

2026-07-20 09:47:52,432 - pyiron_log - INFO - run job: murn_job_0_9 id: 614, status: collect
2026-07-20 09:47:55,272 - pyiron_log - INFO - collect_errors() is not yet implemented for SPHInX
2026-07-20 09:47:55,273 - pyiron_log - INFO - collect_warnings() is not yet             implemented for SPHInX
2026-07-20 09:47:55,990 - pyiron_log - INFO - update master: 613 614 modal
2026-07-20 09:47:55,999 - pyiron_log - INFO - murn_job: finished job murn_job_0_9
2026-07-20 09:48:01,302 - pyiron_log - INFO - murn_job: run job murn_job_0_92
2026-07-20 09:48:01,313 - pyiron_log - INFO - run job: murn_job_0_92 id: None, status: initialized
2026-07-20 09:48:14,665 - pyiron_log - INFO - run job: murn_job_0_92 id: 615, status: created
2026-07-20 09:48:14,691 - pyiron_log - INFO - job: murn_job_0_92 id: 615, status: running, run job (modal)
2026-07-20 09:48:24,744 - pyiron_log - INFO - job: murn_job_0_92 id: 615, status: running, output: mkfifo: cannot create fifo 'sxctrl': Operation not supported
mkfifo: cannot create fifo 'sxres': Operation not supported

2026-07-20 09:48:24,761 - pyiron_log - INFO - run job: murn_job_0_92 id: 615, status: collect
2026-07-20 09:48:26,790 - pyiron_log - INFO - collect_errors() is not yet implemented for SPHInX
2026-07-20 09:48:26,790 - pyiron_log - INFO - collect_warnings() is not yet             implemented for SPHInX
2026-07-20 09:48:27,265 - pyiron_log - INFO - update master: 613 615 modal
2026-07-20 09:48:27,270 - pyiron_log - INFO - murn_job: finished job murn_job_0_92
2026-07-20 09:48:30,521 - pyiron_log - INFO - murn_job: run job murn_job_0_94
2026-07-20 09:48:30,528 - pyiron_log - INFO - run job: murn_job_0_94 id: None, status: initialized
2026-07-20 09:48:40,159 - pyiron_log - INFO - run job: murn_job_0_94 id: 616, status: created
2026-07-20 09:48:40,178 - pyiron_log - INFO - job: murn_job_0_94 id: 616, status: running, run job (modal)
2026-07-20 09:48:48,419 - pyiron_log - INFO - job: murn_job_0_94 id: 616, status: running, output: mkfifo: cannot create fifo 'sxctrl': Operation not supported
mkfifo: cannot create fifo 'sxres': Operation not supported

2026-07-20 09:48:48,433 - pyiron_log - INFO - run job: murn_job_0_94 id: 616, status: collect
2026-07-20 09:48:50,389 - pyiron_log - INFO - collect_errors() is not yet implemented for SPHInX
2026-07-20 09:48:50,390 - pyiron_log - INFO - collect_warnings() is not yet             implemented for SPHInX
2026-07-20 09:48:50,951 - pyiron_log - INFO - update master: 613 616 modal
2026-07-20 09:48:50,958 - pyiron_log - INFO - murn_job: finished job murn_job_0_94
2026-07-20 09:48:54,289 - pyiron_log - INFO - murn_job: run job murn_job_0_96
2026-07-20 09:48:54,295 - pyiron_log - INFO - run job: murn_job_0_96 id: None, status: initialized
2026-07-20 09:49:04,130 - pyiron_log - INFO - run job: murn_job_0_96 id: 617, status: created
2026-07-20 09:49:04,144 - pyiron_log - INFO - job: murn_job_0_96 id: 617, status: running, run job (modal)
2026-07-20 09:49:11,510 - pyiron_log - INFO - job: murn_job_0_96 id: 617, status: running, output: mkfifo: cannot create fifo 'sxctrl': Operation not supported
mkfifo: cannot create fifo 'sxres': Operation not supported

2026-07-20 09:49:11,528 - pyiron_log - INFO - run job: murn_job_0_96 id: 617, status: collect
2026-07-20 09:49:13,860 - pyiron_log - INFO - collect_errors() is not yet implemented for SPHInX
2026-07-20 09:49:13,861 - pyiron_log - INFO - collect_warnings() is not yet             implemented for SPHInX
2026-07-20 09:49:14,500 - pyiron_log - INFO - update master: 613 617 modal
2026-07-20 09:49:14,507 - pyiron_log - INFO - murn_job: finished job murn_job_0_96
2026-07-20 09:49:18,235 - pyiron_log - INFO - murn_job: run job murn_job_0_98
2026-07-20 09:49:18,245 - pyiron_log - INFO - run job: murn_job_0_98 id: None, status: initialized
2026-07-20 09:49:30,518 - pyiron_log - INFO - run job: murn_job_0_98 id: 618, status: created
2026-07-20 09:49:30,536 - pyiron_log - INFO - job: murn_job_0_98 id: 618, status: running, run job (modal)
2026-07-20 09:49:38,395 - pyiron_log - INFO - job: murn_job_0_98 id: 618, status: running, output: mkfifo: cannot create fifo 'sxctrl': Operation not supported
mkfifo: cannot create fifo 'sxres': Operation not supported

2026-07-20 09:49:38,410 - pyiron_log - INFO - run job: murn_job_0_98 id: 618, status: collect
2026-07-20 09:49:41,107 - pyiron_log - INFO - collect_errors() is not yet implemented for SPHInX
2026-07-20 09:49:41,108 - pyiron_log - INFO - collect_warnings() is not yet             implemented for SPHInX
2026-07-20 09:49:41,881 - pyiron_log - INFO - update master: 613 618 modal
2026-07-20 09:49:41,888 - pyiron_log - INFO - murn_job: finished job murn_job_0_98
2026-07-20 09:49:46,678 - pyiron_log - INFO - murn_job: run job murn_job_1_0
2026-07-20 09:49:46,686 - pyiron_log - INFO - run job: murn_job_1_0 id: None, status: initialized
2026-07-20 09:49:56,634 - pyiron_log - INFO - run job: murn_job_1_0 id: 619, status: created
2026-07-20 09:49:56,649 - pyiron_log - INFO - job: murn_job_1_0 id: 619, status: running, run job (modal)
2026-07-20 09:50:03,995 - pyiron_log - INFO - job: murn_job_1_0 id: 619, status: running, output: mkfifo: cannot create fifo 'sxctrl': Operation not supported
mkfifo: cannot create fifo 'sxres': Operation not supported

2026-07-20 09:50:04,009 - pyiron_log - INFO - run job: murn_job_1_0 id: 619, status: collect
2026-07-20 09:50:06,021 - pyiron_log - INFO - collect_errors() is not yet implemented for SPHInX
2026-07-20 09:50:06,022 - pyiron_log - INFO - collect_warnings() is not yet             implemented for SPHInX
2026-07-20 09:50:06,645 - pyiron_log - INFO - update master: 613 619 modal
2026-07-20 09:50:06,651 - pyiron_log - INFO - murn_job: finished job murn_job_1_0
2026-07-20 09:50:10,288 - pyiron_log - INFO - murn_job: run job murn_job_1_02
2026-07-20 09:50:10,296 - pyiron_log - INFO - run job: murn_job_1_02 id: None, status: initialized
2026-07-20 09:50:21,187 - pyiron_log - INFO - run job: murn_job_1_02 id: 620, status: created
2026-07-20 09:50:21,201 - pyiron_log - INFO - job: murn_job_1_02 id: 620, status: running, run job (modal)
2026-07-20 09:50:28,964 - pyiron_log - INFO - job: murn_job_1_02 id: 620, status: running, output: mkfifo: cannot create fifo 'sxctrl': Operation not supported
mkfifo: cannot create fifo 'sxres': Operation not supported

2026-07-20 09:50:28,973 - pyiron_log - INFO - run job: murn_job_1_02 id: 620, status: collect
2026-07-20 09:50:30,919 - pyiron_log - INFO - collect_errors() is not yet implemented for SPHInX
2026-07-20 09:50:30,920 - pyiron_log - INFO - collect_warnings() is not yet             implemented for SPHInX
2026-07-20 09:50:31,491 - pyiron_log - INFO - update master: 613 620 modal
2026-07-20 09:50:31,499 - pyiron_log - INFO - murn_job: finished job murn_job_1_02
2026-07-20 09:50:35,098 - pyiron_log - INFO - murn_job: run job murn_job_1_04
2026-07-20 09:50:35,105 - pyiron_log - INFO - run job: murn_job_1_04 id: None, status: initialized
2026-07-20 09:50:46,484 - pyiron_log - INFO - run job: murn_job_1_04 id: 621, status: created
2026-07-20 09:50:46,499 - pyiron_log - INFO - job: murn_job_1_04 id: 621, status: running, run job (modal)
2026-07-20 09:50:54,158 - pyiron_log - INFO - job: murn_job_1_04 id: 621, status: running, output: mkfifo: cannot create fifo 'sxctrl': Operation not supported
mkfifo: cannot create fifo 'sxres': Operation not supported

2026-07-20 09:50:54,169 - pyiron_log - INFO - run job: murn_job_1_04 id: 621, status: collect
2026-07-20 09:50:55,847 - pyiron_log - INFO - collect_errors() is not yet implemented for SPHInX
2026-07-20 09:50:55,847 - pyiron_log - INFO - collect_warnings() is not yet             implemented for SPHInX
2026-07-20 09:50:56,375 - pyiron_log - INFO - update master: 613 621 modal
2026-07-20 09:50:56,381 - pyiron_log - INFO - murn_job: finished job murn_job_1_04
2026-07-20 09:50:59,694 - pyiron_log - INFO - murn_job: run job murn_job_1_06
2026-07-20 09:50:59,702 - pyiron_log - INFO - run job: murn_job_1_06 id: None, status: initialized
2026-07-20 09:51:10,257 - pyiron_log - INFO - run job: murn_job_1_06 id: 622, status: created
2026-07-20 09:51:10,270 - pyiron_log - INFO - job: murn_job_1_06 id: 622, status: running, run job (modal)
2026-07-20 09:51:19,058 - pyiron_log - INFO - job: murn_job_1_06 id: 622, status: running, output: mkfifo: cannot create fifo 'sxctrl': Operation not supported
mkfifo: cannot create fifo 'sxres': Operation not supported

2026-07-20 09:51:19,071 - pyiron_log - INFO - run job: murn_job_1_06 id: 622, status: collect
2026-07-20 09:51:21,098 - pyiron_log - INFO - collect_errors() is not yet implemented for SPHInX
2026-07-20 09:51:21,099 - pyiron_log - INFO - collect_warnings() is not yet             implemented for SPHInX
2026-07-20 09:51:21,684 - pyiron_log - INFO - update master: 613 622 modal
2026-07-20 09:51:21,690 - pyiron_log - INFO - murn_job: finished job murn_job_1_06
2026-07-20 09:51:25,048 - pyiron_log - INFO - murn_job: run job murn_job_1_08
2026-07-20 09:51:25,056 - pyiron_log - INFO - run job: murn_job_1_08 id: None, status: initialized
2026-07-20 09:51:36,090 - pyiron_log - INFO - run job: murn_job_1_08 id: 623, status: created
2026-07-20 09:51:36,106 - pyiron_log - INFO - job: murn_job_1_08 id: 623, status: running, run job (modal)
2026-07-20 09:51:44,671 - pyiron_log - INFO - job: murn_job_1_08 id: 623, status: running, output: mkfifo: cannot create fifo 'sxctrl': Operation not supported
mkfifo: cannot create fifo 'sxres': Operation not supported

2026-07-20 09:51:44,686 - pyiron_log - INFO - run job: murn_job_1_08 id: 623, status: collect
2026-07-20 09:51:46,858 - pyiron_log - INFO - collect_errors() is not yet implemented for SPHInX
2026-07-20 09:51:46,859 - pyiron_log - INFO - collect_warnings() is not yet             implemented for SPHInX
2026-07-20 09:51:47,466 - pyiron_log - INFO - update master: 613 623 modal
2026-07-20 09:51:47,471 - pyiron_log - INFO - murn_job: finished job murn_job_1_08
2026-07-20 09:51:51,383 - pyiron_log - INFO - murn_job: run job murn_job_1_1
2026-07-20 09:51:51,390 - pyiron_log - INFO - run job: murn_job_1_1 id: None, status: initialized
2026-07-20 09:52:02,017 - pyiron_log - INFO - run job: murn_job_1_1 id: 624, status: created
2026-07-20 09:52:02,034 - pyiron_log - INFO - job: murn_job_1_1 id: 624, status: running, run job (modal)
2026-07-20 09:52:10,837 - pyiron_log - INFO - job: murn_job_1_1 id: 624, status: running, output: mkfifo: cannot create fifo 'sxctrl': Operation not supported
mkfifo: cannot create fifo 'sxres': Operation not supported

2026-07-20 09:52:10,852 - pyiron_log - INFO - run job: murn_job_1_1 id: 624, status: collect
2026-07-20 09:52:13,262 - pyiron_log - INFO - collect_errors() is not yet implemented for SPHInX
2026-07-20 09:52:13,262 - pyiron_log - INFO - collect_warnings() is not yet             implemented for SPHInX
2026-07-20 09:52:13,916 - pyiron_log - INFO - update master: 613 624 modal
2026-07-20 09:52:13,923 - pyiron_log - INFO - murn_job: finished job murn_job_1_1
2026-07-20 09:52:13,936 - pyiron_log - INFO - run job: murn_job id: 613, status: collect
2026-07-20 09:52:13,938 - pyiron_log - INFO - job: murn_job id: 613, status: collect, finished
2026-07-20 09:52:32,106 - pyiron_log - INFO - job: murn_job id: 613, status: finished, parallel master
2026-07-20 09:52:32,108 - pyiron_log - INFO - update master: None 613 modal
2026-07-20 09:52:36,292 - pyiron_log - INFO - run job: calc_potential id: None, status: initialized
2026-07-20 09:52:40,882 - pyiron_log - INFO - run job: calc_potential id: 625, status: created
2026-07-20 09:52:40,898 - pyiron_log - INFO - job: calc_potential id: 625, status: running, run job (modal)
2026-07-20 09:52:47,513 - pyiron_log - INFO - job: calc_potential id: 625, status: running, output: mkfifo: cannot create fifo 'sxctrl': Operation not supported
mkfifo: cannot create fifo 'sxres': Operation not supported

2026-07-20 09:52:47,525 - pyiron_log - INFO - run job: calc_potential id: 625, status: collect
2026-07-20 09:52:49,048 - pyiron_log - INFO - collect_errors() is not yet implemented for SPHInX
2026-07-20 09:52:49,048 - pyiron_log - INFO - collect_warnings() is not yet             implemented for SPHInX
2026-07-20 09:52:49,571 - pyiron_log - INFO - update master: None 625 modal
2026-07-20 09:52:51,876 - pyiron_log - INFO - run job: murn_job id: None, status: initialized
2026-07-20 09:52:54,055 - pyiron_log - INFO - run job: murn_job id: 626, status: created
2026-07-20 09:52:54,061 - pyiron_log - INFO - job: murn_job id: 626 run parallel master (modal)
2026-07-20 09:52:58,928 - pyiron_log - INFO - murn_job: run job murn_job_0_9
2026-07-20 09:52:58,937 - pyiron_log - INFO - run job: murn_job_0_9 id: None, status: initialized
2026-07-20 09:53:09,732 - pyiron_log - INFO - run job: murn_job_0_9 id: 627, status: created
2026-07-20 09:53:09,747 - pyiron_log - INFO - job: murn_job_0_9 id: 627, status: running, run job (modal)
2026-07-20 09:53:14,744 - pyiron_log - INFO - job: murn_job_0_9 id: 627, status: running, output: mkfifo: cannot create fifo 'sxctrl': Operation not supported
mkfifo: cannot create fifo 'sxres': Operation not supported

2026-07-20 09:53:14,756 - pyiron_log - INFO - run job: murn_job_0_9 id: 627, status: collect
2026-07-20 09:53:16,633 - pyiron_log - INFO - collect_errors() is not yet implemented for SPHInX
2026-07-20 09:53:16,634 - pyiron_log - INFO - collect_warnings() is not yet             implemented for SPHInX
2026-07-20 09:53:17,237 - pyiron_log - INFO - update master: 626 627 modal
2026-07-20 09:53:17,243 - pyiron_log - INFO - murn_job: finished job murn_job_0_9
2026-07-20 09:53:21,255 - pyiron_log - INFO - murn_job: run job murn_job_0_92
2026-07-20 09:53:21,265 - pyiron_log - INFO - run job: murn_job_0_92 id: None, status: initialized
2026-07-20 09:53:33,837 - pyiron_log - INFO - run job: murn_job_0_92 id: 628, status: created
2026-07-20 09:53:33,853 - pyiron_log - INFO - job: murn_job_0_92 id: 628, status: running, run job (modal)
2026-07-20 09:53:41,831 - pyiron_log - INFO - job: murn_job_0_92 id: 628, status: running, output: mkfifo: cannot create fifo 'sxctrl': Operation not supported
mkfifo: cannot create fifo 'sxres': Operation not supported

2026-07-20 09:53:41,846 - pyiron_log - INFO - run job: murn_job_0_92 id: 628, status: collect
2026-07-20 09:53:44,082 - pyiron_log - INFO - collect_errors() is not yet implemented for SPHInX
2026-07-20 09:53:44,083 - pyiron_log - INFO - collect_warnings() is not yet             implemented for SPHInX
2026-07-20 09:53:44,752 - pyiron_log - INFO - update master: 626 628 modal
2026-07-20 09:53:44,758 - pyiron_log - INFO - murn_job: finished job murn_job_0_92
2026-07-20 09:53:51,570 - pyiron_log - INFO - murn_job: run job murn_job_0_94
2026-07-20 09:53:51,648 - pyiron_log - INFO - run job: murn_job_0_94 id: None, status: initialized
2026-07-20 09:54:02,833 - pyiron_log - INFO - run job: murn_job_0_94 id: 629, status: created
2026-07-20 09:54:02,853 - pyiron_log - INFO - job: murn_job_0_94 id: 629, status: running, run job (modal)
2026-07-20 09:54:10,742 - pyiron_log - INFO - job: murn_job_0_94 id: 629, status: running, output: mkfifo: cannot create fifo 'sxctrl': Operation not supported
mkfifo: cannot create fifo 'sxres': Operation not supported

2026-07-20 09:54:10,759 - pyiron_log - INFO - run job: murn_job_0_94 id: 629, status: collect
2026-07-20 09:54:13,144 - pyiron_log - INFO - collect_errors() is not yet implemented for SPHInX
2026-07-20 09:54:13,145 - pyiron_log - INFO - collect_warnings() is not yet             implemented for SPHInX
2026-07-20 09:54:13,705 - pyiron_log - INFO - update master: 626 629 modal
2026-07-20 09:54:13,710 - pyiron_log - INFO - murn_job: finished job murn_job_0_94
2026-07-20 09:54:17,848 - pyiron_log - INFO - murn_job: run job murn_job_0_96
2026-07-20 09:54:17,855 - pyiron_log - INFO - run job: murn_job_0_96 id: None, status: initialized
2026-07-20 09:54:28,473 - pyiron_log - INFO - run job: murn_job_0_96 id: 630, status: created
2026-07-20 09:54:28,485 - pyiron_log - INFO - job: murn_job_0_96 id: 630, status: running, run job (modal)
2026-07-20 09:54:34,891 - pyiron_log - INFO - job: murn_job_0_96 id: 630, status: running, output: mkfifo: cannot create fifo 'sxctrl': Operation not supported
mkfifo: cannot create fifo 'sxres': Operation not supported

2026-07-20 09:54:34,908 - pyiron_log - INFO - run job: murn_job_0_96 id: 630, status: collect
2026-07-20 09:54:37,021 - pyiron_log - INFO - collect_errors() is not yet implemented for SPHInX
2026-07-20 09:54:37,022 - pyiron_log - INFO - collect_warnings() is not yet             implemented for SPHInX
2026-07-20 09:54:37,705 - pyiron_log - INFO - update master: 626 630 modal
2026-07-20 09:54:37,710 - pyiron_log - INFO - murn_job: finished job murn_job_0_96
2026-07-20 09:54:41,527 - pyiron_log - INFO - murn_job: run job murn_job_0_98
2026-07-20 09:54:41,533 - pyiron_log - INFO - run job: murn_job_0_98 id: None, status: initialized
2026-07-20 09:54:51,516 - pyiron_log - INFO - run job: murn_job_0_98 id: 631, status: created
2026-07-20 09:54:51,528 - pyiron_log - INFO - job: murn_job_0_98 id: 631, status: running, run job (modal)
2026-07-20 09:54:57,919 - pyiron_log - INFO - job: murn_job_0_98 id: 631, status: running, output: mkfifo: cannot create fifo 'sxctrl': Operation not supported
mkfifo: cannot create fifo 'sxres': Operation not supported

2026-07-20 09:54:57,934 - pyiron_log - INFO - run job: murn_job_0_98 id: 631, status: collect
2026-07-20 09:55:00,025 - pyiron_log - INFO - collect_errors() is not yet implemented for SPHInX
2026-07-20 09:55:00,026 - pyiron_log - INFO - collect_warnings() is not yet             implemented for SPHInX
2026-07-20 09:55:00,495 - pyiron_log - INFO - update master: 626 631 modal
2026-07-20 09:55:00,499 - pyiron_log - INFO - murn_job: finished job murn_job_0_98
2026-07-20 09:55:03,864 - pyiron_log - INFO - murn_job: run job murn_job_1_0
2026-07-20 09:55:03,873 - pyiron_log - INFO - run job: murn_job_1_0 id: None, status: initialized
2026-07-20 09:55:13,877 - pyiron_log - INFO - run job: murn_job_1_0 id: 632, status: created
2026-07-20 09:55:13,889 - pyiron_log - INFO - job: murn_job_1_0 id: 632, status: running, run job (modal)
2026-07-20 09:55:20,746 - pyiron_log - INFO - job: murn_job_1_0 id: 632, status: running, output: mkfifo: cannot create fifo 'sxctrl': Operation not supported
mkfifo: cannot create fifo 'sxres': Operation not supported

2026-07-20 09:55:20,761 - pyiron_log - INFO - run job: murn_job_1_0 id: 632, status: collect
2026-07-20 09:55:22,648 - pyiron_log - INFO - collect_errors() is not yet implemented for SPHInX
2026-07-20 09:55:22,649 - pyiron_log - INFO - collect_warnings() is not yet             implemented for SPHInX
2026-07-20 09:55:23,198 - pyiron_log - INFO - update master: 626 632 modal
2026-07-20 09:55:23,205 - pyiron_log - INFO - murn_job: finished job murn_job_1_0
2026-07-20 09:55:26,695 - pyiron_log - INFO - murn_job: run job murn_job_1_02
2026-07-20 09:55:26,701 - pyiron_log - INFO - run job: murn_job_1_02 id: None, status: initialized
2026-07-20 09:55:36,122 - pyiron_log - INFO - run job: murn_job_1_02 id: 633, status: created
2026-07-20 09:55:36,133 - pyiron_log - INFO - job: murn_job_1_02 id: 633, status: running, run job (modal)
2026-07-20 09:55:43,328 - pyiron_log - INFO - job: murn_job_1_02 id: 633, status: running, output: mkfifo: cannot create fifo 'sxctrl': Operation not supported
mkfifo: cannot create fifo 'sxres': Operation not supported

2026-07-20 09:55:43,341 - pyiron_log - INFO - run job: murn_job_1_02 id: 633, status: collect
2026-07-20 09:55:45,437 - pyiron_log - INFO - collect_errors() is not yet implemented for SPHInX
2026-07-20 09:55:45,437 - pyiron_log - INFO - collect_warnings() is not yet             implemented for SPHInX
2026-07-20 09:55:45,965 - pyiron_log - INFO - update master: 626 633 modal
2026-07-20 09:55:45,969 - pyiron_log - INFO - murn_job: finished job murn_job_1_02
2026-07-20 09:55:49,414 - pyiron_log - INFO - murn_job: run job murn_job_1_04
2026-07-20 09:55:49,420 - pyiron_log - INFO - run job: murn_job_1_04 id: None, status: initialized
2026-07-20 09:55:59,148 - pyiron_log - INFO - run job: murn_job_1_04 id: 634, status: created
2026-07-20 09:55:59,161 - pyiron_log - INFO - job: murn_job_1_04 id: 634, status: running, run job (modal)
2026-07-20 09:56:05,761 - pyiron_log - INFO - job: murn_job_1_04 id: 634, status: running, output: mkfifo: cannot create fifo 'sxctrl': Operation not supported
mkfifo: cannot create fifo 'sxres': Operation not supported

2026-07-20 09:56:05,776 - pyiron_log - INFO - run job: murn_job_1_04 id: 634, status: collect
2026-07-20 09:56:07,639 - pyiron_log - INFO - collect_errors() is not yet implemented for SPHInX
2026-07-20 09:56:07,639 - pyiron_log - INFO - collect_warnings() is not yet             implemented for SPHInX
2026-07-20 09:56:08,137 - pyiron_log - INFO - update master: 626 634 modal
2026-07-20 09:56:08,144 - pyiron_log - INFO - murn_job: finished job murn_job_1_04
2026-07-20 09:56:11,382 - pyiron_log - INFO - murn_job: run job murn_job_1_06
2026-07-20 09:56:11,391 - pyiron_log - INFO - run job: murn_job_1_06 id: None, status: initialized
2026-07-20 09:56:22,114 - pyiron_log - INFO - run job: murn_job_1_06 id: 635, status: created
2026-07-20 09:56:22,129 - pyiron_log - INFO - job: murn_job_1_06 id: 635, status: running, run job (modal)
2026-07-20 09:56:30,996 - pyiron_log - INFO - job: murn_job_1_06 id: 635, status: running, output: mkfifo: cannot create fifo 'sxctrl': Operation not supported
mkfifo: cannot create fifo 'sxres': Operation not supported

2026-07-20 09:56:31,014 - pyiron_log - INFO - run job: murn_job_1_06 id: 635, status: collect
2026-07-20 09:56:33,628 - pyiron_log - INFO - collect_errors() is not yet implemented for SPHInX
2026-07-20 09:56:33,630 - pyiron_log - INFO - collect_warnings() is not yet             implemented for SPHInX
2026-07-20 09:56:34,624 - pyiron_log - INFO - update master: 626 635 modal
2026-07-20 09:56:34,632 - pyiron_log - INFO - murn_job: finished job murn_job_1_06
2026-07-20 09:56:38,892 - pyiron_log - INFO - murn_job: run job murn_job_1_08
2026-07-20 09:56:38,901 - pyiron_log - INFO - run job: murn_job_1_08 id: None, status: initialized
2026-07-20 09:56:49,373 - pyiron_log - INFO - run job: murn_job_1_08 id: 636, status: created
2026-07-20 09:56:49,389 - pyiron_log - INFO - job: murn_job_1_08 id: 636, status: running, run job (modal)
2026-07-20 09:56:56,822 - pyiron_log - INFO - job: murn_job_1_08 id: 636, status: running, output: mkfifo: cannot create fifo 'sxctrl': Operation not supported
mkfifo: cannot create fifo 'sxres': Operation not supported

2026-07-20 09:56:56,837 - pyiron_log - INFO - run job: murn_job_1_08 id: 636, status: collect
2026-07-20 09:57:00,130 - pyiron_log - INFO - collect_errors() is not yet implemented for SPHInX
2026-07-20 09:57:00,131 - pyiron_log - INFO - collect_warnings() is not yet             implemented for SPHInX
2026-07-20 09:57:00,676 - pyiron_log - INFO - update master: 626 636 modal
2026-07-20 09:57:00,680 - pyiron_log - INFO - murn_job: finished job murn_job_1_08
2026-07-20 09:57:04,741 - pyiron_log - INFO - murn_job: run job murn_job_1_1
2026-07-20 09:57:04,750 - pyiron_log - INFO - run job: murn_job_1_1 id: None, status: initialized
2026-07-20 09:57:16,011 - pyiron_log - INFO - run job: murn_job_1_1 id: 637, status: created
2026-07-20 09:57:16,023 - pyiron_log - INFO - job: murn_job_1_1 id: 637, status: running, run job (modal)
2026-07-20 09:57:23,719 - pyiron_log - INFO - job: murn_job_1_1 id: 637, status: running, output: mkfifo: cannot create fifo 'sxctrl': Operation not supported
mkfifo: cannot create fifo 'sxres': Operation not supported

2026-07-20 09:57:23,738 - pyiron_log - INFO - run job: murn_job_1_1 id: 637, status: collect
2026-07-20 09:57:25,722 - pyiron_log - INFO - collect_errors() is not yet implemented for SPHInX
2026-07-20 09:57:25,723 - pyiron_log - INFO - collect_warnings() is not yet             implemented for SPHInX
2026-07-20 09:57:26,325 - pyiron_log - INFO - update master: 626 637 modal
2026-07-20 09:57:26,332 - pyiron_log - INFO - murn_job: finished job murn_job_1_1
2026-07-20 09:57:26,345 - pyiron_log - INFO - run job: murn_job id: 626, status: collect
2026-07-20 09:57:26,347 - pyiron_log - INFO - job: murn_job id: 626, status: collect, finished
2026-07-20 09:57:43,639 - pyiron_log - INFO - job: murn_job id: 626, status: finished, parallel master
2026-07-20 09:57:43,641 - pyiron_log - INFO - update master: None 626 modal
2026-07-20 09:57:43,764 - pyiron_log - INFO - run job: calc_energy_og id: None, status: initialized
2026-07-20 09:57:51,307 - pyiron_log - INFO - run job: calc_energy_og id: 638, status: created
2026-07-20 09:57:51,320 - pyiron_log - INFO - job: calc_energy_og id: 638, status: running, run job (modal)
2026-07-20 09:59:03,817 - pyiron_log - INFO - job: calc_energy_og id: 638, status: running, output: mkfifo: cannot create fifo 'sxctrl': Operation not supported
mkfifo: cannot create fifo 'sxres': Operation not supported

2026-07-20 09:59:03,826 - pyiron_log - INFO - run job: calc_energy_og id: 638, status: collect
2026-07-20 09:59:05,723 - pyiron_log - INFO - collect_errors() is not yet implemented for SPHInX
2026-07-20 09:59:05,724 - pyiron_log - INFO - collect_warnings() is not yet             implemented for SPHInX
2026-07-20 09:59:06,232 - pyiron_log - INFO - update master: None 638 modal
2026-07-20 09:59:06,634 - pyiron_log - INFO - run job: relax_defect id: None, status: initialized
2026-07-20 09:59:13,540 - pyiron_log - INFO - run job: relax_defect id: 639, status: created
2026-07-20 09:59:13,550 - pyiron_log - INFO - job: relax_defect id: 639, status: running, run job (modal)
2026-07-20 10:02:50,428 - pyiron_log - INFO - job: relax_defect id: 639, status: running, output: mkfifo: cannot create fifo 'sxctrl': Operation not supported
mkfifo: cannot create fifo 'sxres': Operation not supported

2026-07-20 10:02:50,440 - pyiron_log - INFO - run job: relax_defect id: 639, status: collect
2026-07-20 10:02:52,688 - pyiron_log - INFO - collect_errors() is not yet implemented for SPHInX
2026-07-20 10:02:52,689 - pyiron_log - INFO - collect_warnings() is not yet             implemented for SPHInX
2026-07-20 10:02:53,201 - pyiron_log - INFO - update master: None 639 modal
2026-07-20 10:02:54,642 - pyiron_log - WARNING - Could not access indices, returning None!
2026-07-20 10:02:55,031 - pyiron_log - WARNING - Could not access indices, returning None!
2026-07-20 10:02:55,831 - pyiron_log - INFO - run job: calc_energy_defect id: None, status: initialized
2026-07-20 10:03:03,144 - pyiron_log - INFO - run job: calc_energy_defect id: 640, status: created
2026-07-20 10:03:03,164 - pyiron_log - INFO - job: calc_energy_defect id: 640, status: running, run job (modal)
2026-07-20 10:05:06,520 - pyiron_log - INFO - job: calc_energy_defect id: 640, status: running, output: mkfifo: cannot create fifo 'sxctrl': Operation not supported
mkfifo: cannot create fifo 'sxres': Operation not supported

2026-07-20 10:05:06,532 - pyiron_log - INFO - run job: calc_energy_defect id: 640, status: collect
2026-07-20 10:05:08,385 - pyiron_log - INFO - collect_errors() is not yet implemented for SPHInX
2026-07-20 10:05:08,386 - pyiron_log - INFO - collect_warnings() is not yet             implemented for SPHInX
2026-07-20 10:05:08,848 - pyiron_log - INFO - update master: None 640 modal
2026-07-20 10:05:12,426 - pyiron_log - INFO - run job: calc_potential id: None, status: initialized
2026-07-20 10:05:12,630 - pyiron_log - INFO - run job: calc_potential id: 641, status: created
2026-07-20 10:05:29,319 - pyiron_log - INFO - run job: calc_energy_og id: None, status: initialized
2026-07-20 10:05:29,474 - pyiron_log - INFO - run job: calc_energy_og id: 642, status: created
2026-07-20 10:09:03,896 - pyiron_log - INFO - run job: relax_defect id: None, status: initialized
2026-07-20 10:09:09,412 - pyiron_log - INFO - run job: relax_defect id: 643, status: created
2026-07-20 10:09:09,423 - pyiron_log - INFO - job: relax_defect id: 643, status: running, run job (modal)
2026-07-20 10:12:53,084 - pyiron_log - INFO - job: relax_defect id: 643, status: running, output: mkfifo: cannot create fifo 'sxctrl': Operation not supported
mkfifo: cannot create fifo 'sxres': Operation not supported

2026-07-20 10:12:53,094 - pyiron_log - INFO - run job: relax_defect id: 643, status: collect
2026-07-20 10:12:54,790 - pyiron_log - INFO - collect_errors() is not yet implemented for SPHInX
2026-07-20 10:12:54,791 - pyiron_log - INFO - collect_warnings() is not yet             implemented for SPHInX
2026-07-20 10:12:55,292 - pyiron_log - INFO - update master: None 643 modal
2026-07-20 10:12:56,546 - pyiron_log - WARNING - Could not access indices, returning None!
2026-07-20 10:12:56,887 - pyiron_log - WARNING - Could not access indices, returning None!
2026-07-20 10:12:57,655 - pyiron_log - INFO - run job: calc_energy_defect id: None, status: initialized
2026-07-20 10:12:57,812 - pyiron_log - INFO - run job: calc_energy_defect id: 644, status: created
2026-07-20 10:15:57,310 - pyiron_log - INFO - run job: murn_job id: None, status: initialized
2026-07-20 10:15:57,732 - pyiron_log - INFO - run job: murn_job id: 645, status: created
2026-07-20 10:15:57,738 - pyiron_log - INFO - job: murn_job id: 645 run parallel master (modal)
2026-07-20 10:15:58,280 - pyiron_log - INFO - murn_job: run job murn_job_0_9
2026-07-20 10:15:58,287 - pyiron_log - INFO - run job: murn_job_0_9 id: None, status: initialized
2026-07-20 10:15:58,472 - pyiron_log - INFO - run job: murn_job_0_9 id: 646, status: created
2026-07-20 10:16:08,895 - pyiron_log - INFO - murn_job: finished job murn_job_0_9
2026-07-20 10:16:09,255 - pyiron_log - INFO - murn_job: run job murn_job_0_92
2026-07-20 10:16:09,264 - pyiron_log - INFO - run job: murn_job_0_92 id: None, status: initialized
2026-07-20 10:16:09,399 - pyiron_log - INFO - run job: murn_job_0_92 id: 647, status: created
2026-07-20 10:16:19,424 - pyiron_log - INFO - murn_job: finished job murn_job_0_92
2026-07-20 10:16:19,839 - pyiron_log - INFO - murn_job: run job murn_job_0_94
2026-07-20 10:16:19,845 - pyiron_log - INFO - run job: murn_job_0_94 id: None, status: initialized
2026-07-20 10:16:20,002 - pyiron_log - INFO - run job: murn_job_0_94 id: 648, status: created
2026-07-20 10:16:30,697 - pyiron_log - INFO - murn_job: finished job murn_job_0_94
2026-07-20 10:16:31,179 - pyiron_log - INFO - murn_job: run job murn_job_0_96
2026-07-20 10:16:31,188 - pyiron_log - INFO - run job: murn_job_0_96 id: None, status: initialized
2026-07-20 10:16:31,380 - pyiron_log - INFO - run job: murn_job_0_96 id: 649, status: created
2026-07-20 10:16:41,226 - pyiron_log - INFO - murn_job: finished job murn_job_0_96
2026-07-20 10:16:41,570 - pyiron_log - INFO - murn_job: run job murn_job_0_98
2026-07-20 10:16:41,576 - pyiron_log - INFO - run job: murn_job_0_98 id: None, status: initialized
2026-07-20 10:16:41,710 - pyiron_log - INFO - run job: murn_job_0_98 id: 650, status: created
2026-07-20 10:16:52,294 - pyiron_log - INFO - murn_job: finished job murn_job_0_98
2026-07-20 10:16:52,799 - pyiron_log - INFO - murn_job: run job murn_job_1_0
2026-07-20 10:16:52,806 - pyiron_log - INFO - run job: murn_job_1_0 id: None, status: initialized
2026-07-20 10:16:53,008 - pyiron_log - INFO - run job: murn_job_1_0 id: 651, status: created
2026-07-20 10:17:04,371 - pyiron_log - INFO - murn_job: finished job murn_job_1_0
2026-07-20 10:17:04,708 - pyiron_log - INFO - murn_job: run job murn_job_1_02
2026-07-20 10:17:04,718 - pyiron_log - INFO - run job: murn_job_1_02 id: None, status: initialized
2026-07-20 10:17:04,835 - pyiron_log - INFO - run job: murn_job_1_02 id: 652, status: created
2026-07-20 10:17:14,712 - pyiron_log - INFO - murn_job: finished job murn_job_1_02
2026-07-20 10:17:15,227 - pyiron_log - INFO - murn_job: run job murn_job_1_04
2026-07-20 10:17:15,234 - pyiron_log - INFO - run job: murn_job_1_04 id: None, status: initialized
2026-07-20 10:17:15,398 - pyiron_log - INFO - run job: murn_job_1_04 id: 653, status: created
2026-07-20 10:17:24,998 - pyiron_log - INFO - murn_job: finished job murn_job_1_04
2026-07-20 10:17:25,420 - pyiron_log - INFO - murn_job: run job murn_job_1_06
2026-07-20 10:17:25,427 - pyiron_log - INFO - run job: murn_job_1_06 id: None, status: initialized
2026-07-20 10:17:25,591 - pyiron_log - INFO - run job: murn_job_1_06 id: 654, status: created
2026-07-20 10:17:36,246 - pyiron_log - INFO - murn_job: finished job murn_job_1_06
2026-07-20 10:17:36,588 - pyiron_log - INFO - murn_job: run job murn_job_1_08
2026-07-20 10:17:36,595 - pyiron_log - INFO - run job: murn_job_1_08 id: None, status: initialized
2026-07-20 10:17:36,806 - pyiron_log - INFO - run job: murn_job_1_08 id: 655, status: created
2026-07-20 10:17:45,153 - pyiron_log - INFO - murn_job: finished job murn_job_1_08
2026-07-20 10:17:45,562 - pyiron_log - INFO - murn_job: run job murn_job_1_1
2026-07-20 10:17:45,568 - pyiron_log - INFO - run job: murn_job_1_1 id: None, status: initialized
2026-07-20 10:17:45,752 - pyiron_log - INFO - run job: murn_job_1_1 id: 656, status: created
2026-07-20 10:17:55,428 - pyiron_log - INFO - murn_job: finished job murn_job_1_1
2026-07-20 10:17:55,439 - pyiron_log - INFO - run job: murn_job id: 645, status: collect
2026-07-20 10:17:55,440 - pyiron_log - INFO - job: murn_job id: 645, status: collect, finished
2026-07-20 10:17:56,629 - pyiron_log - INFO - job: murn_job id: 645, status: finished, parallel master
2026-07-20 10:17:56,631 - pyiron_log - INFO - update master: None 645 modal
2026-07-20 10:17:59,998 - pyiron_log - INFO - run job: calc_energy_og id: None, status: initialized
2026-07-20 10:18:00,225 - pyiron_log - INFO - run job: calc_energy_og id: 657, status: created
2026-07-20 10:21:55,613 - pyiron_log - INFO - run job: calc_potential id: None, status: initialized
2026-07-20 10:21:55,785 - pyiron_log - INFO - run job: calc_potential id: 658, status: created
2026-07-20 10:22:13,270 - pyiron_log - INFO - run job: murn_job id: None, status: initialized
2026-07-20 10:22:13,662 - pyiron_log - INFO - run job: murn_job id: 659, status: created
2026-07-20 10:22:13,667 - pyiron_log - INFO - job: murn_job id: 659 run parallel master (modal)
2026-07-20 10:22:14,124 - pyiron_log - INFO - murn_job: run job murn_job_0_9
2026-07-20 10:22:14,130 - pyiron_log - INFO - run job: murn_job_0_9 id: None, status: initialized
2026-07-20 10:22:14,371 - pyiron_log - INFO - run job: murn_job_0_9 id: 660, status: created
2026-07-20 10:22:25,691 - pyiron_log - INFO - murn_job: finished job murn_job_0_9
2026-07-20 10:22:26,114 - pyiron_log - INFO - murn_job: run job murn_job_0_92
2026-07-20 10:22:26,120 - pyiron_log - INFO - run job: murn_job_0_92 id: None, status: initialized
2026-07-20 10:22:26,285 - pyiron_log - INFO - run job: murn_job_0_92 id: 661, status: created
2026-07-20 10:22:36,264 - pyiron_log - INFO - murn_job: finished job murn_job_0_92
2026-07-20 10:22:36,609 - pyiron_log - INFO - murn_job: run job murn_job_0_94
2026-07-20 10:22:36,614 - pyiron_log - INFO - run job: murn_job_0_94 id: None, status: initialized
2026-07-20 10:22:36,744 - pyiron_log - INFO - run job: murn_job_0_94 id: 662, status: created
2026-07-20 10:22:45,817 - pyiron_log - INFO - murn_job: finished job murn_job_0_94
2026-07-20 10:22:46,261 - pyiron_log - INFO - murn_job: run job murn_job_0_96
2026-07-20 10:22:46,268 - pyiron_log - INFO - run job: murn_job_0_96 id: None, status: initialized
2026-07-20 10:22:46,440 - pyiron_log - INFO - run job: murn_job_0_96 id: 663, status: created
2026-07-20 10:22:56,823 - pyiron_log - INFO - murn_job: finished job murn_job_0_96
2026-07-20 10:22:57,330 - pyiron_log - INFO - murn_job: run job murn_job_0_98
2026-07-20 10:22:57,338 - pyiron_log - INFO - run job: murn_job_0_98 id: None, status: initialized
2026-07-20 10:22:57,497 - pyiron_log - INFO - run job: murn_job_0_98 id: 664, status: created
2026-07-20 10:23:07,612 - pyiron_log - INFO - murn_job: finished job murn_job_0_98
2026-07-20 10:23:07,954 - pyiron_log - INFO - murn_job: run job murn_job_1_0
2026-07-20 10:23:07,960 - pyiron_log - INFO - run job: murn_job_1_0 id: None, status: initialized
2026-07-20 10:23:08,097 - pyiron_log - INFO - run job: murn_job_1_0 id: 665, status: created
2026-07-20 10:23:17,159 - pyiron_log - INFO - murn_job: finished job murn_job_1_0
2026-07-20 10:23:17,539 - pyiron_log - INFO - murn_job: run job murn_job_1_02
2026-07-20 10:23:17,545 - pyiron_log - INFO - run job: murn_job_1_02 id: None, status: initialized
2026-07-20 10:23:17,709 - pyiron_log - INFO - run job: murn_job_1_02 id: 666, status: created
2026-07-20 10:23:27,716 - pyiron_log - INFO - murn_job: finished job murn_job_1_02
2026-07-20 10:23:28,126 - pyiron_log - INFO - murn_job: run job murn_job_1_04
2026-07-20 10:23:28,132 - pyiron_log - INFO - run job: murn_job_1_04 id: None, status: initialized
2026-07-20 10:23:28,314 - pyiron_log - INFO - run job: murn_job_1_04 id: 667, status: created
2026-07-20 10:23:37,062 - pyiron_log - INFO - murn_job: finished job murn_job_1_04
2026-07-20 10:23:37,549 - pyiron_log - INFO - murn_job: run job murn_job_1_06
2026-07-20 10:23:37,556 - pyiron_log - INFO - run job: murn_job_1_06 id: None, status: initialized
2026-07-20 10:23:37,733 - pyiron_log - INFO - run job: murn_job_1_06 id: 668, status: created
2026-07-20 10:23:46,906 - pyiron_log - INFO - murn_job: finished job murn_job_1_06
2026-07-20 10:23:47,343 - pyiron_log - INFO - murn_job: run job murn_job_1_08
2026-07-20 10:23:47,349 - pyiron_log - INFO - run job: murn_job_1_08 id: None, status: initialized
2026-07-20 10:23:47,511 - pyiron_log - INFO - run job: murn_job_1_08 id: 669, status: created
2026-07-20 10:23:56,566 - pyiron_log - INFO - murn_job: finished job murn_job_1_08
2026-07-20 10:23:56,968 - pyiron_log - INFO - murn_job: run job murn_job_1_1
2026-07-20 10:23:56,975 - pyiron_log - INFO - run job: murn_job_1_1 id: None, status: initialized
2026-07-20 10:23:57,129 - pyiron_log - INFO - run job: murn_job_1_1 id: 670, status: created
2026-07-20 10:24:06,164 - pyiron_log - INFO - murn_job: finished job murn_job_1_1
2026-07-20 10:24:06,173 - pyiron_log - INFO - run job: murn_job id: 659, status: collect
2026-07-20 10:24:06,175 - pyiron_log - INFO - job: murn_job id: 659, status: collect, finished
2026-07-20 10:24:07,194 - pyiron_log - INFO - job: murn_job id: 659, status: finished, parallel master
2026-07-20 10:24:07,196 - pyiron_log - INFO - update master: None 659 modal
2026-07-20 10:24:07,291 - pyiron_log - INFO - run job: relax_defect id: None, status: initialized
2026-07-20 10:24:07,459 - pyiron_log - INFO - run job: relax_defect id: 671, status: created
2026-07-20 10:28:02,262 - pyiron_log - INFO - run job: calc_energy_defect id: None, status: initialized
2026-07-20 10:28:02,426 - pyiron_log - INFO - run job: calc_energy_defect id: 672, status: created
2026-07-20 10:46:35,649 - pyiron_log - INFO - run job: calc_energy_og id: None, status: initialized
2026-07-20 10:46:43,137 - pyiron_log - INFO - run job: calc_energy_og id: 673, status: created
2026-07-20 10:46:43,154 - pyiron_log - INFO - job: calc_energy_og id: 673, status: running, run job (modal)
2026-07-20 10:47:48,381 - pyiron_log - INFO - job: calc_energy_og id: 673, status: running, output: mkfifo: cannot create fifo 'sxctrl': Operation not supported
mkfifo: cannot create fifo 'sxres': Operation not supported

2026-07-20 10:47:48,394 - pyiron_log - INFO - run job: calc_energy_og id: 673, status: collect
2026-07-20 10:47:49,928 - pyiron_log - INFO - collect_errors() is not yet implemented for SPHInX
2026-07-20 10:47:49,929 - pyiron_log - INFO - collect_warnings() is not yet             implemented for SPHInX
2026-07-20 10:47:50,369 - pyiron_log - INFO - update master: None 673 modal
2026-07-20 10:47:50,790 - pyiron_log - INFO - run job: calc_potential id: None, status: initialized
2026-07-20 10:47:53,938 - pyiron_log - INFO - run job: calc_potential id: 674, status: created
2026-07-20 10:47:53,948 - pyiron_log - INFO - job: calc_potential id: 674, status: running, run job (modal)
2026-07-20 10:48:00,133 - pyiron_log - INFO - job: calc_potential id: 674, status: running, output: mkfifo: cannot create fifo 'sxctrl': Operation not supported
mkfifo: cannot create fifo 'sxres': Operation not supported

2026-07-20 10:48:00,145 - pyiron_log - INFO - run job: calc_potential id: 674, status: collect
2026-07-20 10:48:01,581 - pyiron_log - INFO - collect_errors() is not yet implemented for SPHInX
2026-07-20 10:48:01,582 - pyiron_log - INFO - collect_warnings() is not yet             implemented for SPHInX
2026-07-20 10:48:02,080 - pyiron_log - INFO - update master: None 674 modal
2026-07-20 10:48:02,804 - pyiron_log - INFO - run job: relax_defect id: None, status: initialized
2026-07-20 10:48:02,999 - pyiron_log - INFO - run job: relax_defect id: 675, status: created
2026-07-20 10:51:28,887 - pyiron_log - INFO - run job: calc_energy_defect id: None, status: initialized
2026-07-20 10:51:34,781 - pyiron_log - INFO - run job: calc_energy_defect id: 676, status: created
2026-07-20 10:51:34,792 - pyiron_log - INFO - job: calc_energy_defect id: 676, status: running, run job (modal)
2026-07-20 10:53:12,974 - pyiron_log - INFO - job: calc_energy_defect id: 676, status: running, output: mkfifo: cannot create fifo 'sxctrl': Operation not supported
mkfifo: cannot create fifo 'sxres': Operation not supported

2026-07-20 10:53:12,989 - pyiron_log - INFO - run job: calc_energy_defect id: 676, status: collect
2026-07-20 10:53:14,556 - pyiron_log - INFO - collect_errors() is not yet implemented for SPHInX
2026-07-20 10:53:14,557 - pyiron_log - INFO - collect_warnings() is not yet             implemented for SPHInX
2026-07-20 10:53:14,984 - pyiron_log - INFO - update master: None 676 modal
2026-07-20 10:53:16,263 - pyiron_log - INFO - run job: murn_job id: None, status: initialized
2026-07-20 10:53:17,807 - pyiron_log - INFO - run job: murn_job id: 677, status: created
2026-07-20 10:53:17,812 - pyiron_log - INFO - job: murn_job id: 677 run parallel master (modal)
2026-07-20 10:53:20,931 - pyiron_log - INFO - murn_job: run job murn_job_0_9
2026-07-20 10:53:20,937 - pyiron_log - INFO - run job: murn_job_0_9 id: None, status: initialized
2026-07-20 10:53:29,379 - pyiron_log - INFO - run job: murn_job_0_9 id: 678, status: created
2026-07-20 10:53:29,400 - pyiron_log - INFO - job: murn_job_0_9 id: 678, status: running, run job (modal)
2026-07-20 10:53:34,256 - pyiron_log - INFO - job: murn_job_0_9 id: 678, status: running, output: mkfifo: cannot create fifo 'sxctrl': Operation not supported
mkfifo: cannot create fifo 'sxres': Operation not supported

2026-07-20 10:53:34,271 - pyiron_log - INFO - run job: murn_job_0_9 id: 678, status: collect
2026-07-20 10:53:35,584 - pyiron_log - INFO - collect_errors() is not yet implemented for SPHInX
2026-07-20 10:53:35,585 - pyiron_log - INFO - collect_warnings() is not yet             implemented for SPHInX
2026-07-20 10:53:35,950 - pyiron_log - INFO - update master: 677 678 modal
2026-07-20 10:53:35,954 - pyiron_log - INFO - murn_job: finished job murn_job_0_9
2026-07-20 10:53:38,756 - pyiron_log - INFO - murn_job: run job murn_job_0_92
2026-07-20 10:53:38,762 - pyiron_log - INFO - run job: murn_job_0_92 id: None, status: initialized
2026-07-20 10:53:46,891 - pyiron_log - INFO - run job: murn_job_0_92 id: 679, status: created
2026-07-20 10:53:46,905 - pyiron_log - INFO - job: murn_job_0_92 id: 679, status: running, run job (modal)
2026-07-20 10:53:53,661 - pyiron_log - INFO - job: murn_job_0_92 id: 679, status: running, output: mkfifo: cannot create fifo 'sxctrl': Operation not supported
mkfifo: cannot create fifo 'sxres': Operation not supported

2026-07-20 10:53:53,676 - pyiron_log - INFO - run job: murn_job_0_92 id: 679, status: collect
2026-07-20 10:53:55,314 - pyiron_log - INFO - collect_errors() is not yet implemented for SPHInX
2026-07-20 10:53:55,315 - pyiron_log - INFO - collect_warnings() is not yet             implemented for SPHInX
2026-07-20 10:53:55,819 - pyiron_log - INFO - update master: 677 679 modal
2026-07-20 10:53:55,826 - pyiron_log - INFO - murn_job: finished job murn_job_0_92
2026-07-20 10:53:58,874 - pyiron_log - INFO - murn_job: run job murn_job_0_94
2026-07-20 10:53:58,880 - pyiron_log - INFO - run job: murn_job_0_94 id: None, status: initialized
2026-07-20 10:54:06,882 - pyiron_log - INFO - run job: murn_job_0_94 id: 680, status: created
2026-07-20 10:54:06,896 - pyiron_log - INFO - job: murn_job_0_94 id: 680, status: running, run job (modal)
2026-07-20 10:54:13,682 - pyiron_log - INFO - job: murn_job_0_94 id: 680, status: running, output: mkfifo: cannot create fifo 'sxctrl': Operation not supported
mkfifo: cannot create fifo 'sxres': Operation not supported

2026-07-20 10:54:13,693 - pyiron_log - INFO - run job: murn_job_0_94 id: 680, status: collect
2026-07-20 10:54:15,482 - pyiron_log - INFO - collect_errors() is not yet implemented for SPHInX
2026-07-20 10:54:15,483 - pyiron_log - INFO - collect_warnings() is not yet             implemented for SPHInX
2026-07-20 10:54:15,973 - pyiron_log - INFO - update master: 677 680 modal
2026-07-20 10:54:15,978 - pyiron_log - INFO - murn_job: finished job murn_job_0_94
2026-07-20 10:54:19,079 - pyiron_log - INFO - murn_job: run job murn_job_0_96
2026-07-20 10:54:19,085 - pyiron_log - INFO - run job: murn_job_0_96 id: None, status: initialized
2026-07-20 10:54:28,647 - pyiron_log - INFO - run job: murn_job_0_96 id: 681, status: created
2026-07-20 10:54:28,661 - pyiron_log - INFO - job: murn_job_0_96 id: 681, status: running, run job (modal)
2026-07-20 10:54:35,280 - pyiron_log - INFO - job: murn_job_0_96 id: 681, status: running, output: mkfifo: cannot create fifo 'sxctrl': Operation not supported
mkfifo: cannot create fifo 'sxres': Operation not supported

2026-07-20 10:54:35,293 - pyiron_log - INFO - run job: murn_job_0_96 id: 681, status: collect
2026-07-20 10:54:37,010 - pyiron_log - INFO - collect_errors() is not yet implemented for SPHInX
2026-07-20 10:54:37,011 - pyiron_log - INFO - collect_warnings() is not yet             implemented for SPHInX
2026-07-20 10:54:37,572 - pyiron_log - INFO - update master: 677 681 modal
2026-07-20 10:54:37,578 - pyiron_log - INFO - murn_job: finished job murn_job_0_96
2026-07-20 10:54:41,196 - pyiron_log - INFO - murn_job: run job murn_job_0_98
2026-07-20 10:54:41,204 - pyiron_log - INFO - run job: murn_job_0_98 id: None, status: initialized
2026-07-20 10:54:51,316 - pyiron_log - INFO - run job: murn_job_0_98 id: 682, status: created
2026-07-20 10:54:51,329 - pyiron_log - INFO - job: murn_job_0_98 id: 682, status: running, run job (modal)
2026-07-20 10:54:57,617 - pyiron_log - INFO - job: murn_job_0_98 id: 682, status: running, output: mkfifo: cannot create fifo 'sxctrl': Operation not supported
mkfifo: cannot create fifo 'sxres': Operation not supported

2026-07-20 10:54:57,626 - pyiron_log - INFO - run job: murn_job_0_98 id: 682, status: collect
2026-07-20 10:54:59,320 - pyiron_log - INFO - collect_errors() is not yet implemented for SPHInX
2026-07-20 10:54:59,321 - pyiron_log - INFO - collect_warnings() is not yet             implemented for SPHInX
2026-07-20 10:54:59,823 - pyiron_log - INFO - update master: 677 682 modal
2026-07-20 10:54:59,828 - pyiron_log - INFO - murn_job: finished job murn_job_0_98
2026-07-20 10:55:03,002 - pyiron_log - INFO - murn_job: run job murn_job_1_0
2026-07-20 10:55:03,009 - pyiron_log - INFO - run job: murn_job_1_0 id: None, status: initialized
2026-07-20 10:55:11,328 - pyiron_log - INFO - run job: murn_job_1_0 id: 683, status: created
2026-07-20 10:55:11,344 - pyiron_log - INFO - job: murn_job_1_0 id: 683, status: running, run job (modal)
2026-07-20 10:55:18,112 - pyiron_log - INFO - job: murn_job_1_0 id: 683, status: running, output: mkfifo: cannot create fifo 'sxctrl': Operation not supported
mkfifo: cannot create fifo 'sxres': Operation not supported

2026-07-20 10:55:18,122 - pyiron_log - INFO - run job: murn_job_1_0 id: 683, status: collect
2026-07-20 10:55:19,901 - pyiron_log - INFO - collect_errors() is not yet implemented for SPHInX
2026-07-20 10:55:19,902 - pyiron_log - INFO - collect_warnings() is not yet             implemented for SPHInX
2026-07-20 10:55:20,496 - pyiron_log - INFO - update master: 677 683 modal
2026-07-20 10:55:20,501 - pyiron_log - INFO - murn_job: finished job murn_job_1_0
2026-07-20 10:55:23,871 - pyiron_log - INFO - murn_job: run job murn_job_1_02
2026-07-20 10:55:23,877 - pyiron_log - INFO - run job: murn_job_1_02 id: None, status: initialized
2026-07-20 10:55:32,578 - pyiron_log - INFO - run job: murn_job_1_02 id: 684, status: created
2026-07-20 10:55:32,591 - pyiron_log - INFO - job: murn_job_1_02 id: 684, status: running, run job (modal)
2026-07-20 10:55:39,482 - pyiron_log - INFO - job: murn_job_1_02 id: 684, status: running, output: mkfifo: cannot create fifo 'sxctrl': Operation not supported
mkfifo: cannot create fifo 'sxres': Operation not supported

2026-07-20 10:55:39,496 - pyiron_log - INFO - run job: murn_job_1_02 id: 684, status: collect
2026-07-20 10:55:41,124 - pyiron_log - INFO - collect_errors() is not yet implemented for SPHInX
2026-07-20 10:55:41,125 - pyiron_log - INFO - collect_warnings() is not yet             implemented for SPHInX
2026-07-20 10:55:41,656 - pyiron_log - INFO - update master: 677 684 modal
2026-07-20 10:55:41,661 - pyiron_log - INFO - murn_job: finished job murn_job_1_02
2026-07-20 10:55:44,801 - pyiron_log - INFO - murn_job: run job murn_job_1_04
2026-07-20 10:55:44,807 - pyiron_log - INFO - run job: murn_job_1_04 id: None, status: initialized
2026-07-20 10:55:53,819 - pyiron_log - INFO - run job: murn_job_1_04 id: 685, status: created
2026-07-20 10:55:53,833 - pyiron_log - INFO - job: murn_job_1_04 id: 685, status: running, run job (modal)
2026-07-20 10:56:00,820 - pyiron_log - INFO - job: murn_job_1_04 id: 685, status: running, output: mkfifo: cannot create fifo 'sxctrl': Operation not supported
mkfifo: cannot create fifo 'sxres': Operation not supported

2026-07-20 10:56:00,834 - pyiron_log - INFO - run job: murn_job_1_04 id: 685, status: collect
2026-07-20 10:56:02,399 - pyiron_log - INFO - collect_errors() is not yet implemented for SPHInX
2026-07-20 10:56:02,400 - pyiron_log - INFO - collect_warnings() is not yet             implemented for SPHInX
2026-07-20 10:56:02,937 - pyiron_log - INFO - update master: 677 685 modal
2026-07-20 10:56:02,942 - pyiron_log - INFO - murn_job: finished job murn_job_1_04
2026-07-20 10:56:05,653 - pyiron_log - INFO - murn_job: run job murn_job_1_06
2026-07-20 10:56:05,662 - pyiron_log - INFO - run job: murn_job_1_06 id: None, status: initialized
2026-07-20 10:56:14,297 - pyiron_log - INFO - run job: murn_job_1_06 id: 686, status: created
2026-07-20 10:56:14,311 - pyiron_log - INFO - job: murn_job_1_06 id: 686, status: running, run job (modal)
2026-07-20 10:56:21,823 - pyiron_log - INFO - job: murn_job_1_06 id: 686, status: running, output: mkfifo: cannot create fifo 'sxctrl': Operation not supported
mkfifo: cannot create fifo 'sxres': Operation not supported

2026-07-20 10:56:21,833 - pyiron_log - INFO - run job: murn_job_1_06 id: 686, status: collect
2026-07-20 10:56:23,620 - pyiron_log - INFO - collect_errors() is not yet implemented for SPHInX
2026-07-20 10:56:23,621 - pyiron_log - INFO - collect_warnings() is not yet             implemented for SPHInX
2026-07-20 10:56:24,130 - pyiron_log - INFO - update master: 677 686 modal
2026-07-20 10:56:24,136 - pyiron_log - INFO - murn_job: finished job murn_job_1_06
2026-07-20 10:56:27,315 - pyiron_log - INFO - murn_job: run job murn_job_1_08
2026-07-20 10:56:27,322 - pyiron_log - INFO - run job: murn_job_1_08 id: None, status: initialized
2026-07-20 10:56:35,690 - pyiron_log - INFO - run job: murn_job_1_08 id: 687, status: created
2026-07-20 10:56:35,701 - pyiron_log - INFO - job: murn_job_1_08 id: 687, status: running, run job (modal)
2026-07-20 10:56:42,482 - pyiron_log - INFO - job: murn_job_1_08 id: 687, status: running, output: mkfifo: cannot create fifo 'sxctrl': Operation not supported
mkfifo: cannot create fifo 'sxres': Operation not supported

2026-07-20 10:56:42,495 - pyiron_log - INFO - run job: murn_job_1_08 id: 687, status: collect
2026-07-20 10:56:44,135 - pyiron_log - INFO - collect_errors() is not yet implemented for SPHInX
2026-07-20 10:56:44,136 - pyiron_log - INFO - collect_warnings() is not yet             implemented for SPHInX
2026-07-20 10:56:44,667 - pyiron_log - INFO - update master: 677 687 modal
2026-07-20 10:56:44,673 - pyiron_log - INFO - murn_job: finished job murn_job_1_08
2026-07-20 10:56:47,882 - pyiron_log - INFO - murn_job: run job murn_job_1_1
2026-07-20 10:56:47,888 - pyiron_log - INFO - run job: murn_job_1_1 id: None, status: initialized
2026-07-20 10:56:57,058 - pyiron_log - INFO - run job: murn_job_1_1 id: 688, status: created
2026-07-20 10:56:57,072 - pyiron_log - INFO - job: murn_job_1_1 id: 688, status: running, run job (modal)
2026-07-20 10:57:04,428 - pyiron_log - INFO - job: murn_job_1_1 id: 688, status: running, output: mkfifo: cannot create fifo 'sxctrl': Operation not supported
mkfifo: cannot create fifo 'sxres': Operation not supported

2026-07-20 10:57:04,436 - pyiron_log - INFO - run job: murn_job_1_1 id: 688, status: collect
2026-07-20 10:57:05,997 - pyiron_log - INFO - collect_errors() is not yet implemented for SPHInX
2026-07-20 10:57:05,998 - pyiron_log - INFO - collect_warnings() is not yet             implemented for SPHInX
2026-07-20 10:57:06,464 - pyiron_log - INFO - update master: 677 688 modal
2026-07-20 10:57:06,469 - pyiron_log - INFO - murn_job: finished job murn_job_1_1
2026-07-20 10:57:06,480 - pyiron_log - INFO - run job: murn_job id: 677, status: collect
2026-07-20 10:57:06,482 - pyiron_log - INFO - job: murn_job id: 677, status: collect, finished
2026-07-20 10:57:21,715 - pyiron_log - INFO - job: murn_job id: 677, status: finished, parallel master
2026-07-20 10:57:21,718 - pyiron_log - INFO - update master: None 677 modal
2026-07-20 10:57:25,776 - pyiron_log - INFO - run job: calc_potential id: None, status: initialized
2026-07-20 10:57:29,814 - pyiron_log - INFO - run job: calc_potential id: 689, status: created
2026-07-20 10:57:29,832 - pyiron_log - INFO - job: calc_potential id: 689, status: running, run job (modal)
2026-07-20 10:57:36,283 - pyiron_log - INFO - job: calc_potential id: 689, status: running, output: mkfifo: cannot create fifo 'sxctrl': Operation not supported
mkfifo: cannot create fifo 'sxres': Operation not supported

2026-07-20 10:57:36,292 - pyiron_log - INFO - run job: calc_potential id: 689, status: collect
2026-07-20 10:57:37,730 - pyiron_log - INFO - collect_errors() is not yet implemented for SPHInX
2026-07-20 10:57:37,731 - pyiron_log - INFO - collect_warnings() is not yet             implemented for SPHInX
2026-07-20 10:57:38,214 - pyiron_log - INFO - update master: None 689 modal
2026-07-20 10:57:39,835 - pyiron_log - INFO - run job: murn_job id: None, status: initialized
2026-07-20 10:57:41,681 - pyiron_log - INFO - run job: murn_job id: 690, status: created
2026-07-20 10:57:41,686 - pyiron_log - INFO - job: murn_job id: 690 run parallel master (modal)
2026-07-20 10:57:46,104 - pyiron_log - INFO - murn_job: run job murn_job_0_9
2026-07-20 10:57:46,111 - pyiron_log - INFO - run job: murn_job_0_9 id: None, status: initialized
2026-07-20 10:57:55,604 - pyiron_log - INFO - run job: murn_job_0_9 id: 691, status: created
2026-07-20 10:57:55,617 - pyiron_log - INFO - job: murn_job_0_9 id: 691, status: running, run job (modal)
2026-07-20 10:58:00,813 - pyiron_log - INFO - job: murn_job_0_9 id: 691, status: running, output: mkfifo: cannot create fifo 'sxctrl': Operation not supported
mkfifo: cannot create fifo 'sxres': Operation not supported

2026-07-20 10:58:00,827 - pyiron_log - INFO - run job: murn_job_0_9 id: 691, status: collect
2026-07-20 10:58:02,443 - pyiron_log - INFO - collect_errors() is not yet implemented for SPHInX
2026-07-20 10:58:02,443 - pyiron_log - INFO - collect_warnings() is not yet             implemented for SPHInX
2026-07-20 10:58:02,954 - pyiron_log - INFO - update master: 690 691 modal
2026-07-20 10:58:02,959 - pyiron_log - INFO - murn_job: finished job murn_job_0_9
2026-07-20 10:58:06,204 - pyiron_log - INFO - murn_job: run job murn_job_0_92
2026-07-20 10:58:06,211 - pyiron_log - INFO - run job: murn_job_0_92 id: None, status: initialized
2026-07-20 10:58:15,863 - pyiron_log - INFO - run job: murn_job_0_92 id: 692, status: created
2026-07-20 10:58:15,875 - pyiron_log - INFO - job: murn_job_0_92 id: 692, status: running, run job (modal)
2026-07-20 10:58:22,606 - pyiron_log - INFO - job: murn_job_0_92 id: 692, status: running, output: mkfifo: cannot create fifo 'sxctrl': Operation not supported
mkfifo: cannot create fifo 'sxres': Operation not supported

2026-07-20 10:58:22,621 - pyiron_log - INFO - run job: murn_job_0_92 id: 692, status: collect
2026-07-20 10:58:24,391 - pyiron_log - INFO - collect_errors() is not yet implemented for SPHInX
2026-07-20 10:58:24,391 - pyiron_log - INFO - collect_warnings() is not yet             implemented for SPHInX
2026-07-20 10:58:25,005 - pyiron_log - INFO - update master: 690 692 modal
2026-07-20 10:58:25,012 - pyiron_log - INFO - murn_job: finished job murn_job_0_92
2026-07-20 10:58:28,528 - pyiron_log - INFO - murn_job: run job murn_job_0_94
2026-07-20 10:58:28,535 - pyiron_log - INFO - run job: murn_job_0_94 id: None, status: initialized
2026-07-20 10:58:37,666 - pyiron_log - INFO - run job: murn_job_0_94 id: 693, status: created
2026-07-20 10:58:37,680 - pyiron_log - INFO - job: murn_job_0_94 id: 693, status: running, run job (modal)
2026-07-20 10:58:44,551 - pyiron_log - INFO - job: murn_job_0_94 id: 693, status: running, output: mkfifo: cannot create fifo 'sxctrl': Operation not supported
mkfifo: cannot create fifo 'sxres': Operation not supported

2026-07-20 10:58:44,567 - pyiron_log - INFO - run job: murn_job_0_94 id: 693, status: collect
2026-07-20 10:58:46,299 - pyiron_log - INFO - collect_errors() is not yet implemented for SPHInX
2026-07-20 10:58:46,300 - pyiron_log - INFO - collect_warnings() is not yet             implemented for SPHInX
2026-07-20 10:58:46,838 - pyiron_log - INFO - update master: 690 693 modal
2026-07-20 10:58:46,843 - pyiron_log - INFO - murn_job: finished job murn_job_0_94
2026-07-20 10:58:50,350 - pyiron_log - INFO - murn_job: run job murn_job_0_96
2026-07-20 10:58:50,359 - pyiron_log - INFO - run job: murn_job_0_96 id: None, status: initialized
2026-07-20 10:59:00,438 - pyiron_log - INFO - run job: murn_job_0_96 id: 694, status: created
2026-07-20 10:59:00,452 - pyiron_log - INFO - job: murn_job_0_96 id: 694, status: running, run job (modal)
2026-07-20 10:59:07,108 - pyiron_log - INFO - job: murn_job_0_96 id: 694, status: running, output: mkfifo: cannot create fifo 'sxctrl': Operation not supported
mkfifo: cannot create fifo 'sxres': Operation not supported

2026-07-20 10:59:07,122 - pyiron_log - INFO - run job: murn_job_0_96 id: 694, status: collect
2026-07-20 10:59:08,869 - pyiron_log - INFO - collect_errors() is not yet implemented for SPHInX
2026-07-20 10:59:08,870 - pyiron_log - INFO - collect_warnings() is not yet             implemented for SPHInX
2026-07-20 10:59:09,466 - pyiron_log - INFO - update master: 690 694 modal
2026-07-20 10:59:09,472 - pyiron_log - INFO - murn_job: finished job murn_job_0_96
2026-07-20 10:59:12,791 - pyiron_log - INFO - murn_job: run job murn_job_0_98
2026-07-20 10:59:12,798 - pyiron_log - INFO - run job: murn_job_0_98 id: None, status: initialized
2026-07-20 10:59:22,386 - pyiron_log - INFO - run job: murn_job_0_98 id: 695, status: created
2026-07-20 10:59:22,405 - pyiron_log - INFO - job: murn_job_0_98 id: 695, status: running, run job (modal)
2026-07-20 10:59:28,485 - pyiron_log - INFO - job: murn_job_0_98 id: 695, status: running, output: mkfifo: cannot create fifo 'sxctrl': Operation not supported
mkfifo: cannot create fifo 'sxres': Operation not supported

2026-07-20 10:59:28,499 - pyiron_log - INFO - run job: murn_job_0_98 id: 695, status: collect
2026-07-20 10:59:30,259 - pyiron_log - INFO - collect_errors() is not yet implemented for SPHInX
2026-07-20 10:59:30,259 - pyiron_log - INFO - collect_warnings() is not yet             implemented for SPHInX
2026-07-20 10:59:30,807 - pyiron_log - INFO - update master: 690 695 modal
2026-07-20 10:59:30,814 - pyiron_log - INFO - murn_job: finished job murn_job_0_98
2026-07-20 10:59:33,976 - pyiron_log - INFO - murn_job: run job murn_job_1_0
2026-07-20 10:59:33,987 - pyiron_log - INFO - run job: murn_job_1_0 id: None, status: initialized
2026-07-20 10:59:43,639 - pyiron_log - INFO - run job: murn_job_1_0 id: 696, status: created
2026-07-20 10:59:43,651 - pyiron_log - INFO - job: murn_job_1_0 id: 696, status: running, run job (modal)
2026-07-20 10:59:50,603 - pyiron_log - INFO - job: murn_job_1_0 id: 696, status: running, output: mkfifo: cannot create fifo 'sxctrl': Operation not supported
mkfifo: cannot create fifo 'sxres': Operation not supported

2026-07-20 10:59:50,620 - pyiron_log - INFO - run job: murn_job_1_0 id: 696, status: collect
2026-07-20 10:59:52,417 - pyiron_log - INFO - collect_errors() is not yet implemented for SPHInX
2026-07-20 10:59:52,418 - pyiron_log - INFO - collect_warnings() is not yet             implemented for SPHInX
2026-07-20 10:59:52,968 - pyiron_log - INFO - update master: 690 696 modal
2026-07-20 10:59:52,973 - pyiron_log - INFO - murn_job: finished job murn_job_1_0
2026-07-20 10:59:56,229 - pyiron_log - INFO - murn_job: run job murn_job_1_02
2026-07-20 10:59:56,235 - pyiron_log - INFO - run job: murn_job_1_02 id: None, status: initialized
2026-07-20 11:00:05,231 - pyiron_log - INFO - run job: murn_job_1_02 id: 697, status: created
2026-07-20 11:00:05,246 - pyiron_log - INFO - job: murn_job_1_02 id: 697, status: running, run job (modal)
2026-07-20 11:00:12,562 - pyiron_log - INFO - job: murn_job_1_02 id: 697, status: running, output: mkfifo: cannot create fifo 'sxctrl': Operation not supported
mkfifo: cannot create fifo 'sxres': Operation not supported

2026-07-20 11:00:12,575 - pyiron_log - INFO - run job: murn_job_1_02 id: 697, status: collect
2026-07-20 11:00:14,364 - pyiron_log - INFO - collect_errors() is not yet implemented for SPHInX
2026-07-20 11:00:14,365 - pyiron_log - INFO - collect_warnings() is not yet             implemented for SPHInX
2026-07-20 11:00:14,895 - pyiron_log - INFO - update master: 690 697 modal
2026-07-20 11:00:14,900 - pyiron_log - INFO - murn_job: finished job murn_job_1_02
2026-07-20 11:00:18,409 - pyiron_log - INFO - murn_job: run job murn_job_1_04
2026-07-20 11:00:18,415 - pyiron_log - INFO - run job: murn_job_1_04 id: None, status: initialized
2026-07-20 11:00:27,809 - pyiron_log - INFO - run job: murn_job_1_04 id: 698, status: created
2026-07-20 11:00:27,820 - pyiron_log - INFO - job: murn_job_1_04 id: 698, status: running, run job (modal)
2026-07-20 11:00:34,597 - pyiron_log - INFO - job: murn_job_1_04 id: 698, status: running, output: mkfifo: cannot create fifo 'sxctrl': Operation not supported
mkfifo: cannot create fifo 'sxres': Operation not supported

2026-07-20 11:00:34,609 - pyiron_log - INFO - run job: murn_job_1_04 id: 698, status: collect
2026-07-20 11:00:36,629 - pyiron_log - INFO - collect_errors() is not yet implemented for SPHInX
2026-07-20 11:00:36,630 - pyiron_log - INFO - collect_warnings() is not yet             implemented for SPHInX
2026-07-20 11:00:37,219 - pyiron_log - INFO - update master: 690 698 modal
2026-07-20 11:00:37,223 - pyiron_log - INFO - murn_job: finished job murn_job_1_04
2026-07-20 11:00:40,961 - pyiron_log - INFO - murn_job: run job murn_job_1_06
2026-07-20 11:00:40,968 - pyiron_log - INFO - run job: murn_job_1_06 id: None, status: initialized
2026-07-20 11:00:51,310 - pyiron_log - INFO - run job: murn_job_1_06 id: 699, status: created
2026-07-20 11:00:51,323 - pyiron_log - INFO - job: murn_job_1_06 id: 699, status: running, run job (modal)
2026-07-20 11:00:58,809 - pyiron_log - INFO - job: murn_job_1_06 id: 699, status: running, output: mkfifo: cannot create fifo 'sxctrl': Operation not supported
mkfifo: cannot create fifo 'sxres': Operation not supported

2026-07-20 11:00:58,821 - pyiron_log - INFO - run job: murn_job_1_06 id: 699, status: collect
2026-07-20 11:01:00,464 - pyiron_log - INFO - collect_errors() is not yet implemented for SPHInX
2026-07-20 11:01:00,465 - pyiron_log - INFO - collect_warnings() is not yet             implemented for SPHInX
2026-07-20 11:01:01,005 - pyiron_log - INFO - update master: 690 699 modal
2026-07-20 11:01:01,011 - pyiron_log - INFO - murn_job: finished job murn_job_1_06
2026-07-20 11:01:04,457 - pyiron_log - INFO - murn_job: run job murn_job_1_08
2026-07-20 11:01:04,463 - pyiron_log - INFO - run job: murn_job_1_08 id: None, status: initialized
2026-07-20 11:01:13,509 - pyiron_log - INFO - run job: murn_job_1_08 id: 700, status: created
2026-07-20 11:01:13,520 - pyiron_log - INFO - job: murn_job_1_08 id: 700, status: running, run job (modal)
2026-07-20 11:01:20,651 - pyiron_log - INFO - job: murn_job_1_08 id: 700, status: running, output: mkfifo: cannot create fifo 'sxctrl': Operation not supported
mkfifo: cannot create fifo 'sxres': Operation not supported

2026-07-20 11:01:20,665 - pyiron_log - INFO - run job: murn_job_1_08 id: 700, status: collect
2026-07-20 11:01:22,570 - pyiron_log - INFO - collect_errors() is not yet implemented for SPHInX
2026-07-20 11:01:22,571 - pyiron_log - INFO - collect_warnings() is not yet             implemented for SPHInX
2026-07-20 11:01:23,100 - pyiron_log - INFO - update master: 690 700 modal
2026-07-20 11:01:23,108 - pyiron_log - INFO - murn_job: finished job murn_job_1_08
2026-07-20 11:01:26,665 - pyiron_log - INFO - murn_job: run job murn_job_1_1
2026-07-20 11:01:26,672 - pyiron_log - INFO - run job: murn_job_1_1 id: None, status: initialized
2026-07-20 11:01:35,770 - pyiron_log - INFO - run job: murn_job_1_1 id: 701, status: created
2026-07-20 11:01:35,782 - pyiron_log - INFO - job: murn_job_1_1 id: 701, status: running, run job (modal)
2026-07-20 11:01:44,074 - pyiron_log - INFO - job: murn_job_1_1 id: 701, status: running, output: mkfifo: cannot create fifo 'sxctrl': Operation not supported
mkfifo: cannot create fifo 'sxres': Operation not supported

2026-07-20 11:01:44,087 - pyiron_log - INFO - run job: murn_job_1_1 id: 701, status: collect
2026-07-20 11:01:46,467 - pyiron_log - INFO - collect_errors() is not yet implemented for SPHInX
2026-07-20 11:01:46,468 - pyiron_log - INFO - collect_warnings() is not yet             implemented for SPHInX
2026-07-20 11:01:47,147 - pyiron_log - INFO - update master: 690 701 modal
2026-07-20 11:01:47,153 - pyiron_log - INFO - murn_job: finished job murn_job_1_1
2026-07-20 11:01:47,163 - pyiron_log - INFO - run job: murn_job id: 690, status: collect
2026-07-20 11:01:47,165 - pyiron_log - INFO - job: murn_job id: 690, status: collect, finished
2026-07-20 11:02:04,627 - pyiron_log - INFO - job: murn_job id: 690, status: finished, parallel master
2026-07-20 11:02:04,629 - pyiron_log - INFO - update master: None 690 modal
2026-07-20 11:02:04,738 - pyiron_log - INFO - run job: calc_energy_og id: None, status: initialized
2026-07-20 11:02:11,867 - pyiron_log - INFO - run job: calc_energy_og id: 702, status: created
2026-07-20 11:02:11,878 - pyiron_log - INFO - job: calc_energy_og id: 702, status: running, run job (modal)
2026-07-20 11:03:25,560 - pyiron_log - INFO - job: calc_energy_og id: 702, status: running, output: mkfifo: cannot create fifo 'sxctrl': Operation not supported
mkfifo: cannot create fifo 'sxres': Operation not supported

2026-07-20 11:03:25,573 - pyiron_log - INFO - run job: calc_energy_og id: 702, status: collect
2026-07-20 11:03:27,496 - pyiron_log - INFO - collect_errors() is not yet implemented for SPHInX
2026-07-20 11:03:27,496 - pyiron_log - INFO - collect_warnings() is not yet             implemented for SPHInX
2026-07-20 11:03:27,960 - pyiron_log - INFO - update master: None 702 modal
2026-07-20 11:03:28,368 - pyiron_log - INFO - run job: relax_defect id: None, status: initialized
2026-07-20 11:03:35,066 - pyiron_log - INFO - run job: relax_defect id: 703, status: created
2026-07-20 11:03:35,076 - pyiron_log - INFO - job: relax_defect id: 703, status: running, run job (modal)
2026-07-20 11:07:15,909 - pyiron_log - INFO - job: relax_defect id: 703, status: running, output: mkfifo: cannot create fifo 'sxctrl': Operation not supported
mkfifo: cannot create fifo 'sxres': Operation not supported

2026-07-20 11:07:15,921 - pyiron_log - INFO - run job: relax_defect id: 703, status: collect
2026-07-20 11:07:17,732 - pyiron_log - INFO - collect_errors() is not yet implemented for SPHInX
2026-07-20 11:07:17,733 - pyiron_log - INFO - collect_warnings() is not yet             implemented for SPHInX
2026-07-20 11:07:18,220 - pyiron_log - INFO - update master: None 703 modal
2026-07-20 11:07:19,517 - pyiron_log - WARNING - Could not access indices, returning None!
2026-07-20 11:07:19,870 - pyiron_log - WARNING - Could not access indices, returning None!
2026-07-20 11:07:20,659 - pyiron_log - INFO - run job: calc_energy_defect id: None, status: initialized
2026-07-20 11:07:27,445 - pyiron_log - INFO - run job: calc_energy_defect id: 704, status: created
2026-07-20 11:07:27,462 - pyiron_log - INFO - job: calc_energy_defect id: 704, status: running, run job (modal)
2026-07-20 11:09:29,040 - pyiron_log - INFO - job: calc_energy_defect id: 704, status: running, output: mkfifo: cannot create fifo 'sxctrl': Operation not supported
mkfifo: cannot create fifo 'sxres': Operation not supported

2026-07-20 11:09:29,053 - pyiron_log - INFO - run job: calc_energy_defect id: 704, status: collect
2026-07-20 11:09:30,846 - pyiron_log - INFO - collect_errors() is not yet implemented for SPHInX
2026-07-20 11:09:30,846 - pyiron_log - INFO - collect_warnings() is not yet             implemented for SPHInX
2026-07-20 11:09:31,319 - pyiron_log - INFO - update master: None 704 modal
2026-07-20 11:09:34,683 - pyiron_log - INFO - run job: calc_potential id: None, status: initialized
2026-07-20 11:09:34,839 - pyiron_log - INFO - run job: calc_potential id: 705, status: created
2026-07-20 11:09:51,476 - pyiron_log - INFO - run job: calc_energy_og id: None, status: initialized
2026-07-20 11:09:51,652 - pyiron_log - INFO - run job: calc_energy_og id: 706, status: created
2026-07-20 11:13:33,937 - pyiron_log - INFO - run job: relax_defect id: None, status: initialized
2026-07-20 11:13:39,913 - pyiron_log - INFO - run job: relax_defect id: 707, status: created
2026-07-20 11:13:39,922 - pyiron_log - INFO - job: relax_defect id: 707, status: running, run job (modal)
2026-07-20 11:17:10,248 - pyiron_log - INFO - job: relax_defect id: 707, status: running, output: mkfifo: cannot create fifo 'sxctrl': Operation not supported
mkfifo: cannot create fifo 'sxres': Operation not supported

2026-07-20 11:17:10,261 - pyiron_log - INFO - run job: relax_defect id: 707, status: collect
2026-07-20 11:17:11,596 - pyiron_log - INFO - collect_errors() is not yet implemented for SPHInX
2026-07-20 11:17:11,596 - pyiron_log - INFO - collect_warnings() is not yet             implemented for SPHInX
2026-07-20 11:17:12,014 - pyiron_log - INFO - update master: None 707 modal
2026-07-20 11:17:13,173 - pyiron_log - WARNING - Could not access indices, returning None!
2026-07-20 11:17:13,421 - pyiron_log - WARNING - Could not access indices, returning None!
2026-07-20 11:17:13,960 - pyiron_log - INFO - run job: calc_energy_defect id: None, status: initialized
2026-07-20 11:17:14,103 - pyiron_log - INFO - run job: calc_energy_defect id: 708, status: created
2026-07-20 11:20:13,152 - pyiron_log - INFO - run job: murn_job id: None, status: initialized
2026-07-20 11:20:13,458 - pyiron_log - INFO - run job: murn_job id: 709, status: created
2026-07-20 11:20:13,461 - pyiron_log - INFO - job: murn_job id: 709 run parallel master (modal)
2026-07-20 11:20:13,841 - pyiron_log - INFO - murn_job: run job murn_job_0_9
2026-07-20 11:20:13,847 - pyiron_log - INFO - run job: murn_job_0_9 id: None, status: initialized
2026-07-20 11:20:13,996 - pyiron_log - INFO - run job: murn_job_0_9 id: 710, status: created
2026-07-20 11:20:24,438 - pyiron_log - INFO - murn_job: finished job murn_job_0_9
2026-07-20 11:20:24,931 - pyiron_log - INFO - murn_job: run job murn_job_0_92
2026-07-20 11:20:24,937 - pyiron_log - INFO - run job: murn_job_0_92 id: None, status: initialized
2026-07-20 11:20:25,095 - pyiron_log - INFO - run job: murn_job_0_92 id: 711, status: created
2026-07-20 11:20:35,430 - pyiron_log - INFO - murn_job: finished job murn_job_0_92
2026-07-20 11:20:35,845 - pyiron_log - INFO - murn_job: run job murn_job_0_94
2026-07-20 11:20:35,851 - pyiron_log - INFO - run job: murn_job_0_94 id: None, status: initialized
2026-07-20 11:20:36,008 - pyiron_log - INFO - run job: murn_job_0_94 id: 712, status: created
2026-07-20 11:20:45,318 - pyiron_log - INFO - murn_job: finished job murn_job_0_94
2026-07-20 11:20:45,752 - pyiron_log - INFO - murn_job: run job murn_job_0_96
2026-07-20 11:20:45,759 - pyiron_log - INFO - run job: murn_job_0_96 id: None, status: initialized
2026-07-20 11:20:45,912 - pyiron_log - INFO - run job: murn_job_0_96 id: 713, status: created
2026-07-20 11:20:55,853 - pyiron_log - INFO - murn_job: finished job murn_job_0_96
2026-07-20 11:20:56,268 - pyiron_log - INFO - murn_job: run job murn_job_0_98
2026-07-20 11:20:56,273 - pyiron_log - INFO - run job: murn_job_0_98 id: None, status: initialized
2026-07-20 11:20:56,440 - pyiron_log - INFO - run job: murn_job_0_98 id: 714, status: created
2026-07-20 11:21:07,267 - pyiron_log - INFO - murn_job: finished job murn_job_0_98
2026-07-20 11:21:07,883 - pyiron_log - INFO - murn_job: run job murn_job_1_0
2026-07-20 11:21:07,896 - pyiron_log - INFO - run job: murn_job_1_0 id: None, status: initialized
2026-07-20 11:21:08,091 - pyiron_log - INFO - run job: murn_job_1_0 id: 715, status: created
2026-07-20 11:21:18,372 - pyiron_log - INFO - murn_job: finished job murn_job_1_0
2026-07-20 11:21:18,802 - pyiron_log - INFO - murn_job: run job murn_job_1_02
2026-07-20 11:21:18,810 - pyiron_log - INFO - run job: murn_job_1_02 id: None, status: initialized
2026-07-20 11:21:18,971 - pyiron_log - INFO - run job: murn_job_1_02 id: 716, status: created
2026-07-20 11:21:29,326 - pyiron_log - INFO - murn_job: finished job murn_job_1_02
2026-07-20 11:21:29,880 - pyiron_log - INFO - murn_job: run job murn_job_1_04
2026-07-20 11:21:29,886 - pyiron_log - INFO - run job: murn_job_1_04 id: None, status: initialized
2026-07-20 11:21:30,043 - pyiron_log - INFO - run job: murn_job_1_04 id: 717, status: created
2026-07-20 11:21:39,859 - pyiron_log - INFO - murn_job: finished job murn_job_1_04
2026-07-20 11:21:40,294 - pyiron_log - INFO - murn_job: run job murn_job_1_06
2026-07-20 11:21:40,302 - pyiron_log - INFO - run job: murn_job_1_06 id: None, status: initialized
2026-07-20 11:21:40,472 - pyiron_log - INFO - run job: murn_job_1_06 id: 718, status: created
2026-07-20 11:21:49,156 - pyiron_log - INFO - murn_job: finished job murn_job_1_06
2026-07-20 11:21:49,542 - pyiron_log - INFO - murn_job: run job murn_job_1_08
2026-07-20 11:21:49,552 - pyiron_log - INFO - run job: murn_job_1_08 id: None, status: initialized
2026-07-20 11:21:49,715 - pyiron_log - INFO - run job: murn_job_1_08 id: 719, status: created
2026-07-20 11:21:58,988 - pyiron_log - INFO - murn_job: finished job murn_job_1_08
2026-07-20 11:21:59,455 - pyiron_log - INFO - murn_job: run job murn_job_1_1
2026-07-20 11:21:59,462 - pyiron_log - INFO - run job: murn_job_1_1 id: None, status: initialized
2026-07-20 11:21:59,638 - pyiron_log - INFO - run job: murn_job_1_1 id: 720, status: created
2026-07-20 11:22:09,417 - pyiron_log - INFO - murn_job: finished job murn_job_1_1
2026-07-20 11:22:09,426 - pyiron_log - INFO - run job: murn_job id: 709, status: collect
2026-07-20 11:22:09,427 - pyiron_log - INFO - job: murn_job id: 709, status: collect, finished
2026-07-20 11:22:10,449 - pyiron_log - INFO - job: murn_job id: 709, status: finished, parallel master
2026-07-20 11:22:10,451 - pyiron_log - INFO - update master: None 709 modal
2026-07-20 11:22:13,677 - pyiron_log - INFO - run job: calc_energy_og id: None, status: initialized
2026-07-20 11:22:13,842 - pyiron_log - INFO - run job: calc_energy_og id: 721, status: created
2026-07-20 11:26:24,569 - pyiron_log - INFO - run job: calc_potential id: None, status: initialized
2026-07-20 11:26:24,728 - pyiron_log - INFO - run job: calc_potential id: 722, status: created
2026-07-20 11:26:42,484 - pyiron_log - INFO - run job: murn_job id: None, status: initialized
2026-07-20 11:26:42,744 - pyiron_log - INFO - run job: murn_job id: 723, status: created
2026-07-20 11:26:42,748 - pyiron_log - INFO - job: murn_job id: 723 run parallel master (modal)
2026-07-20 11:26:43,203 - pyiron_log - INFO - murn_job: run job murn_job_0_9
2026-07-20 11:26:43,208 - pyiron_log - INFO - run job: murn_job_0_9 id: None, status: initialized
2026-07-20 11:26:43,353 - pyiron_log - INFO - run job: murn_job_0_9 id: 724, status: created
2026-07-20 11:26:54,758 - pyiron_log - INFO - murn_job: finished job murn_job_0_9
2026-07-20 11:26:55,212 - pyiron_log - INFO - murn_job: run job murn_job_0_92
2026-07-20 11:26:55,219 - pyiron_log - INFO - run job: murn_job_0_92 id: None, status: initialized
2026-07-20 11:26:55,388 - pyiron_log - INFO - run job: murn_job_0_92 id: 725, status: created
2026-07-20 11:27:06,103 - pyiron_log - INFO - murn_job: finished job murn_job_0_92
2026-07-20 11:27:06,542 - pyiron_log - INFO - murn_job: run job murn_job_0_94
2026-07-20 11:27:06,549 - pyiron_log - INFO - run job: murn_job_0_94 id: None, status: initialized
2026-07-20 11:27:06,723 - pyiron_log - INFO - run job: murn_job_0_94 id: 726, status: created
2026-07-20 11:27:18,057 - pyiron_log - INFO - murn_job: finished job murn_job_0_94
2026-07-20 11:27:18,487 - pyiron_log - INFO - murn_job: run job murn_job_0_96
2026-07-20 11:27:18,494 - pyiron_log - INFO - run job: murn_job_0_96 id: None, status: initialized
2026-07-20 11:27:18,662 - pyiron_log - INFO - run job: murn_job_0_96 id: 727, status: created
2026-07-20 11:27:29,491 - pyiron_log - INFO - murn_job: finished job murn_job_0_96
2026-07-20 11:27:29,926 - pyiron_log - INFO - murn_job: run job murn_job_0_98
2026-07-20 11:27:29,932 - pyiron_log - INFO - run job: murn_job_0_98 id: None, status: initialized
2026-07-20 11:27:30,149 - pyiron_log - INFO - run job: murn_job_0_98 id: 728, status: created
2026-07-20 11:27:40,673 - pyiron_log - INFO - murn_job: finished job murn_job_0_98
2026-07-20 11:27:41,137 - pyiron_log - INFO - murn_job: run job murn_job_1_0
2026-07-20 11:27:41,143 - pyiron_log - INFO - run job: murn_job_1_0 id: None, status: initialized
2026-07-20 11:27:41,424 - pyiron_log - INFO - run job: murn_job_1_0 id: 729, status: created
2026-07-20 11:27:51,270 - pyiron_log - INFO - murn_job: finished job murn_job_1_0
2026-07-20 11:27:51,629 - pyiron_log - INFO - murn_job: run job murn_job_1_02
2026-07-20 11:27:51,640 - pyiron_log - INFO - run job: murn_job_1_02 id: None, status: initialized
2026-07-20 11:27:51,791 - pyiron_log - INFO - run job: murn_job_1_02 id: 730, status: created
2026-07-20 11:28:02,244 - pyiron_log - INFO - murn_job: finished job murn_job_1_02
2026-07-20 11:28:02,668 - pyiron_log - INFO - murn_job: run job murn_job_1_04
2026-07-20 11:28:02,675 - pyiron_log - INFO - run job: murn_job_1_04 id: None, status: initialized
2026-07-20 11:28:02,846 - pyiron_log - INFO - run job: murn_job_1_04 id: 731, status: created
2026-07-20 11:28:11,389 - pyiron_log - INFO - murn_job: finished job murn_job_1_04
2026-07-20 11:28:11,828 - pyiron_log - INFO - murn_job: run job murn_job_1_06
2026-07-20 11:28:11,836 - pyiron_log - INFO - run job: murn_job_1_06 id: None, status: initialized
2026-07-20 11:28:12,011 - pyiron_log - INFO - run job: murn_job_1_06 id: 732, status: created
2026-07-20 11:28:21,958 - pyiron_log - INFO - murn_job: finished job murn_job_1_06
2026-07-20 11:28:22,427 - pyiron_log - INFO - murn_job: run job murn_job_1_08
2026-07-20 11:28:22,436 - pyiron_log - INFO - run job: murn_job_1_08 id: None, status: initialized
2026-07-20 11:28:22,706 - pyiron_log - INFO - run job: murn_job_1_08 id: 733, status: created
2026-07-20 11:28:33,337 - pyiron_log - INFO - murn_job: finished job murn_job_1_08
2026-07-20 11:28:33,866 - pyiron_log - INFO - murn_job: run job murn_job_1_1
2026-07-20 11:28:33,875 - pyiron_log - INFO - run job: murn_job_1_1 id: None, status: initialized
2026-07-20 11:28:34,054 - pyiron_log - INFO - run job: murn_job_1_1 id: 734, status: created
2026-07-20 11:28:44,556 - pyiron_log - INFO - murn_job: finished job murn_job_1_1
2026-07-20 11:28:44,569 - pyiron_log - INFO - run job: murn_job id: 723, status: collect
2026-07-20 11:28:44,570 - pyiron_log - INFO - job: murn_job id: 723, status: collect, finished
2026-07-20 11:28:45,893 - pyiron_log - INFO - job: murn_job id: 723, status: finished, parallel master
2026-07-20 11:28:45,897 - pyiron_log - INFO - update master: None 723 modal
2026-07-20 11:28:46,024 - pyiron_log - INFO - run job: relax_defect id: None, status: initialized
2026-07-20 11:28:46,213 - pyiron_log - INFO - run job: relax_defect id: 735, status: created
2026-07-20 11:32:44,707 - pyiron_log - INFO - run job: calc_energy_defect id: None, status: initialized
2026-07-20 11:32:45,112 - pyiron_log - INFO - run job: calc_energy_defect id: 736, status: created
2026-07-20 11:38:55,791 - pyiron_log - INFO - run job: calc_energy_og id: None, status: initialized
2026-07-20 11:39:02,570 - pyiron_log - INFO - run job: calc_energy_og id: 737, status: created
2026-07-20 11:39:02,583 - pyiron_log - INFO - job: calc_energy_og id: 737, status: running, run job (modal)
2026-07-20 11:40:12,208 - pyiron_log - INFO - job: calc_energy_og id: 737, status: running, output: mkfifo: cannot create fifo 'sxctrl': Operation not supported
mkfifo: cannot create fifo 'sxres': Operation not supported

2026-07-20 11:40:12,219 - pyiron_log - INFO - run job: calc_energy_og id: 737, status: collect
2026-07-20 11:40:13,942 - pyiron_log - INFO - collect_errors() is not yet implemented for SPHInX
2026-07-20 11:40:13,942 - pyiron_log - INFO - collect_warnings() is not yet             implemented for SPHInX
2026-07-20 11:40:14,421 - pyiron_log - INFO - update master: None 737 modal
2026-07-20 11:40:14,848 - pyiron_log - INFO - run job: calc_potential id: None, status: initialized
2026-07-20 11:40:18,489 - pyiron_log - INFO - run job: calc_potential id: 738, status: created
2026-07-20 11:40:18,503 - pyiron_log - INFO - job: calc_potential id: 738, status: running, run job (modal)
2026-07-20 11:40:25,303 - pyiron_log - INFO - job: calc_potential id: 738, status: running, output: mkfifo: cannot create fifo 'sxctrl': Operation not supported
mkfifo: cannot create fifo 'sxres': Operation not supported

2026-07-20 11:40:25,314 - pyiron_log - INFO - run job: calc_potential id: 738, status: collect
2026-07-20 11:40:26,959 - pyiron_log - INFO - collect_errors() is not yet implemented for SPHInX
2026-07-20 11:40:26,960 - pyiron_log - INFO - collect_warnings() is not yet             implemented for SPHInX
2026-07-20 11:40:27,428 - pyiron_log - INFO - update master: None 738 modal
2026-07-20 11:40:27,948 - pyiron_log - INFO - run job: relax_defect id: None, status: initialized
2026-07-20 11:40:28,119 - pyiron_log - INFO - run job: relax_defect id: 739, status: created
2026-07-20 11:44:40,747 - pyiron_log - INFO - run job: calc_energy_defect id: None, status: initialized
2026-07-20 11:44:46,546 - pyiron_log - INFO - run job: calc_energy_defect id: 740, status: created
2026-07-20 11:44:46,557 - pyiron_log - INFO - job: calc_energy_defect id: 740, status: running, run job (modal)
2026-07-20 11:46:28,594 - pyiron_log - INFO - job: calc_energy_defect id: 740, status: running, output: mkfifo: cannot create fifo 'sxctrl': Operation not supported
mkfifo: cannot create fifo 'sxres': Operation not supported

2026-07-20 11:46:28,606 - pyiron_log - INFO - run job: calc_energy_defect id: 740, status: collect
2026-07-20 11:46:30,356 - pyiron_log - INFO - collect_errors() is not yet implemented for SPHInX
2026-07-20 11:46:30,357 - pyiron_log - INFO - collect_warnings() is not yet             implemented for SPHInX
2026-07-20 11:46:30,855 - pyiron_log - INFO - update master: None 740 modal
2026-07-20 11:46:32,497 - pyiron_log - INFO - run job: murn_job id: None, status: initialized
2026-07-20 11:46:34,520 - pyiron_log - INFO - run job: murn_job id: 741, status: created
2026-07-20 11:46:34,526 - pyiron_log - INFO - job: murn_job id: 741 run parallel master (modal)
2026-07-20 11:46:38,109 - pyiron_log - INFO - murn_job: run job murn_job_0_9
2026-07-20 11:46:38,116 - pyiron_log - INFO - run job: murn_job_0_9 id: None, status: initialized
2026-07-20 11:46:45,718 - pyiron_log - INFO - run job: murn_job_0_9 id: 742, status: created
2026-07-20 11:46:45,729 - pyiron_log - INFO - job: murn_job_0_9 id: 742, status: running, run job (modal)
2026-07-20 11:46:50,263 - pyiron_log - INFO - job: murn_job_0_9 id: 742, status: running, output: mkfifo: cannot create fifo 'sxctrl': Operation not supported
mkfifo: cannot create fifo 'sxres': Operation not supported

2026-07-20 11:46:50,272 - pyiron_log - INFO - run job: murn_job_0_9 id: 742, status: collect
2026-07-20 11:46:51,569 - pyiron_log - INFO - collect_errors() is not yet implemented for SPHInX
2026-07-20 11:46:51,570 - pyiron_log - INFO - collect_warnings() is not yet             implemented for SPHInX
2026-07-20 11:46:51,922 - pyiron_log - INFO - update master: 741 742 modal
2026-07-20 11:46:51,927 - pyiron_log - INFO - murn_job: finished job murn_job_0_9
2026-07-20 11:46:55,490 - pyiron_log - INFO - murn_job: run job murn_job_0_92
2026-07-20 11:46:55,496 - pyiron_log - INFO - run job: murn_job_0_92 id: None, status: initialized
2026-07-20 11:47:06,259 - pyiron_log - INFO - run job: murn_job_0_92 id: 743, status: created
2026-07-20 11:47:06,273 - pyiron_log - INFO - job: murn_job_0_92 id: 743, status: running, run job (modal)
2026-07-20 11:47:14,897 - pyiron_log - INFO - job: murn_job_0_92 id: 743, status: running, output: mkfifo: cannot create fifo 'sxctrl': Operation not supported
mkfifo: cannot create fifo 'sxres': Operation not supported

2026-07-20 11:47:14,908 - pyiron_log - INFO - run job: murn_job_0_92 id: 743, status: collect
2026-07-20 11:47:17,068 - pyiron_log - INFO - collect_errors() is not yet implemented for SPHInX
2026-07-20 11:47:17,068 - pyiron_log - INFO - collect_warnings() is not yet             implemented for SPHInX
2026-07-20 11:47:17,626 - pyiron_log - INFO - update master: 741 743 modal
2026-07-20 11:47:17,632 - pyiron_log - INFO - murn_job: finished job murn_job_0_92
2026-07-20 11:47:23,859 - pyiron_log - INFO - murn_job: run job murn_job_0_94
2026-07-20 11:47:23,876 - pyiron_log - INFO - run job: murn_job_0_94 id: None, status: initialized
2026-07-20 11:47:39,658 - pyiron_log - INFO - run job: murn_job_0_94 id: 744, status: created
2026-07-20 11:47:39,672 - pyiron_log - INFO - job: murn_job_0_94 id: 744, status: running, run job (modal)
2026-07-20 11:47:46,765 - pyiron_log - INFO - job: murn_job_0_94 id: 744, status: running, output: mkfifo: cannot create fifo 'sxctrl': Operation not supported
mkfifo: cannot create fifo 'sxres': Operation not supported

2026-07-20 11:47:46,778 - pyiron_log - INFO - run job: murn_job_0_94 id: 744, status: collect
2026-07-20 11:47:48,222 - pyiron_log - INFO - collect_errors() is not yet implemented for SPHInX
2026-07-20 11:47:48,223 - pyiron_log - INFO - collect_warnings() is not yet             implemented for SPHInX
2026-07-20 11:47:48,667 - pyiron_log - INFO - update master: 741 744 modal
2026-07-20 11:47:48,673 - pyiron_log - INFO - murn_job: finished job murn_job_0_94
2026-07-20 11:47:51,590 - pyiron_log - INFO - murn_job: run job murn_job_0_96
2026-07-20 11:47:51,597 - pyiron_log - INFO - run job: murn_job_0_96 id: None, status: initialized
2026-07-20 11:48:00,377 - pyiron_log - INFO - run job: murn_job_0_96 id: 745, status: created
2026-07-20 11:48:00,391 - pyiron_log - INFO - job: murn_job_0_96 id: 745, status: running, run job (modal)
2026-07-20 11:48:07,158 - pyiron_log - INFO - job: murn_job_0_96 id: 745, status: running, output: mkfifo: cannot create fifo 'sxctrl': Operation not supported
mkfifo: cannot create fifo 'sxres': Operation not supported

2026-07-20 11:48:07,168 - pyiron_log - INFO - run job: murn_job_0_96 id: 745, status: collect
2026-07-20 11:48:09,366 - pyiron_log - INFO - collect_errors() is not yet implemented for SPHInX
2026-07-20 11:48:09,367 - pyiron_log - INFO - collect_warnings() is not yet             implemented for SPHInX
2026-07-20 11:48:09,910 - pyiron_log - INFO - update master: 741 745 modal
2026-07-20 11:48:09,915 - pyiron_log - INFO - murn_job: finished job murn_job_0_96
2026-07-20 11:48:13,293 - pyiron_log - INFO - murn_job: run job murn_job_0_98
2026-07-20 11:48:13,304 - pyiron_log - INFO - run job: murn_job_0_98 id: None, status: initialized
2026-07-20 11:48:21,500 - pyiron_log - INFO - run job: murn_job_0_98 id: 746, status: created
2026-07-20 11:48:21,516 - pyiron_log - INFO - job: murn_job_0_98 id: 746, status: running, run job (modal)
2026-07-20 11:48:27,935 - pyiron_log - INFO - job: murn_job_0_98 id: 746, status: running, output: mkfifo: cannot create fifo 'sxctrl': Operation not supported
mkfifo: cannot create fifo 'sxres': Operation not supported

2026-07-20 11:48:27,951 - pyiron_log - INFO - run job: murn_job_0_98 id: 746, status: collect
2026-07-20 11:48:29,701 - pyiron_log - INFO - collect_errors() is not yet implemented for SPHInX
2026-07-20 11:48:29,702 - pyiron_log - INFO - collect_warnings() is not yet             implemented for SPHInX
2026-07-20 11:48:30,252 - pyiron_log - INFO - update master: 741 746 modal
2026-07-20 11:48:30,265 - pyiron_log - INFO - murn_job: finished job murn_job_0_98
2026-07-20 11:48:33,695 - pyiron_log - INFO - murn_job: run job murn_job_1_0
2026-07-20 11:48:33,704 - pyiron_log - INFO - run job: murn_job_1_0 id: None, status: initialized
2026-07-20 11:48:42,618 - pyiron_log - INFO - run job: murn_job_1_0 id: 747, status: created
2026-07-20 11:48:42,632 - pyiron_log - INFO - job: murn_job_1_0 id: 747, status: running, run job (modal)
2026-07-20 11:48:49,945 - pyiron_log - INFO - job: murn_job_1_0 id: 747, status: running, output: mkfifo: cannot create fifo 'sxctrl': Operation not supported
mkfifo: cannot create fifo 'sxres': Operation not supported

2026-07-20 11:48:49,960 - pyiron_log - INFO - run job: murn_job_1_0 id: 747, status: collect
2026-07-20 11:48:52,104 - pyiron_log - INFO - collect_errors() is not yet implemented for SPHInX
2026-07-20 11:48:52,105 - pyiron_log - INFO - collect_warnings() is not yet             implemented for SPHInX
2026-07-20 11:48:52,651 - pyiron_log - INFO - update master: 741 747 modal
2026-07-20 11:48:52,656 - pyiron_log - INFO - murn_job: finished job murn_job_1_0
2026-07-20 11:48:56,239 - pyiron_log - INFO - murn_job: run job murn_job_1_02
2026-07-20 11:48:56,249 - pyiron_log - INFO - run job: murn_job_1_02 id: None, status: initialized
2026-07-20 11:49:05,946 - pyiron_log - INFO - run job: murn_job_1_02 id: 748, status: created
2026-07-20 11:49:05,959 - pyiron_log - INFO - job: murn_job_1_02 id: 748, status: running, run job (modal)
2026-07-20 11:49:13,371 - pyiron_log - INFO - job: murn_job_1_02 id: 748, status: running, output: mkfifo: cannot create fifo 'sxctrl': Operation not supported
mkfifo: cannot create fifo 'sxres': Operation not supported

2026-07-20 11:49:13,389 - pyiron_log - INFO - run job: murn_job_1_02 id: 748, status: collect
2026-07-20 11:49:14,897 - pyiron_log - INFO - collect_errors() is not yet implemented for SPHInX
2026-07-20 11:49:14,898 - pyiron_log - INFO - collect_warnings() is not yet             implemented for SPHInX
2026-07-20 11:49:15,337 - pyiron_log - INFO - update master: 741 748 modal
2026-07-20 11:49:15,342 - pyiron_log - INFO - murn_job: finished job murn_job_1_02
2026-07-20 11:49:18,812 - pyiron_log - INFO - murn_job: run job murn_job_1_04
2026-07-20 11:49:18,820 - pyiron_log - INFO - run job: murn_job_1_04 id: None, status: initialized
2026-07-20 11:49:28,544 - pyiron_log - INFO - run job: murn_job_1_04 id: 749, status: created
2026-07-20 11:49:28,558 - pyiron_log - INFO - job: murn_job_1_04 id: 749, status: running, run job (modal)
2026-07-20 11:49:36,223 - pyiron_log - INFO - job: murn_job_1_04 id: 749, status: running, output: mkfifo: cannot create fifo 'sxctrl': Operation not supported
mkfifo: cannot create fifo 'sxres': Operation not supported

2026-07-20 11:49:36,233 - pyiron_log - INFO - run job: murn_job_1_04 id: 749, status: collect
2026-07-20 11:49:38,065 - pyiron_log - INFO - collect_errors() is not yet implemented for SPHInX
2026-07-20 11:49:38,065 - pyiron_log - INFO - collect_warnings() is not yet             implemented for SPHInX
2026-07-20 11:49:38,765 - pyiron_log - INFO - update master: 741 749 modal
2026-07-20 11:49:38,771 - pyiron_log - INFO - murn_job: finished job murn_job_1_04
2026-07-20 11:49:42,286 - pyiron_log - INFO - murn_job: run job murn_job_1_06
2026-07-20 11:49:42,296 - pyiron_log - INFO - run job: murn_job_1_06 id: None, status: initialized
2026-07-20 11:49:52,366 - pyiron_log - INFO - run job: murn_job_1_06 id: 750, status: created
2026-07-20 11:49:52,380 - pyiron_log - INFO - job: murn_job_1_06 id: 750, status: running, run job (modal)
2026-07-20 11:49:59,653 - pyiron_log - INFO - job: murn_job_1_06 id: 750, status: running, output: mkfifo: cannot create fifo 'sxctrl': Operation not supported
mkfifo: cannot create fifo 'sxres': Operation not supported

2026-07-20 11:49:59,669 - pyiron_log - INFO - run job: murn_job_1_06 id: 750, status: collect
2026-07-20 11:50:01,434 - pyiron_log - INFO - collect_errors() is not yet implemented for SPHInX
2026-07-20 11:50:01,435 - pyiron_log - INFO - collect_warnings() is not yet             implemented for SPHInX
2026-07-20 11:50:01,931 - pyiron_log - INFO - update master: 741 750 modal
2026-07-20 11:50:01,938 - pyiron_log - INFO - murn_job: finished job murn_job_1_06
2026-07-20 11:50:05,097 - pyiron_log - INFO - murn_job: run job murn_job_1_08
2026-07-20 11:50:05,104 - pyiron_log - INFO - run job: murn_job_1_08 id: None, status: initialized
2026-07-20 11:50:13,890 - pyiron_log - INFO - run job: murn_job_1_08 id: 751, status: created
2026-07-20 11:50:13,902 - pyiron_log - INFO - job: murn_job_1_08 id: 751, status: running, run job (modal)
2026-07-20 11:50:20,857 - pyiron_log - INFO - job: murn_job_1_08 id: 751, status: running, output: mkfifo: cannot create fifo 'sxctrl': Operation not supported
mkfifo: cannot create fifo 'sxres': Operation not supported

2026-07-20 11:50:20,869 - pyiron_log - INFO - run job: murn_job_1_08 id: 751, status: collect
2026-07-20 11:50:22,584 - pyiron_log - INFO - collect_errors() is not yet implemented for SPHInX
2026-07-20 11:50:22,585 - pyiron_log - INFO - collect_warnings() is not yet             implemented for SPHInX
2026-07-20 11:50:23,074 - pyiron_log - INFO - update master: 741 751 modal
2026-07-20 11:50:23,080 - pyiron_log - INFO - murn_job: finished job murn_job_1_08
2026-07-20 11:50:26,903 - pyiron_log - INFO - murn_job: run job murn_job_1_1
2026-07-20 11:50:26,912 - pyiron_log - INFO - run job: murn_job_1_1 id: None, status: initialized
2026-07-20 11:50:37,326 - pyiron_log - INFO - run job: murn_job_1_1 id: 752, status: created
2026-07-20 11:50:37,339 - pyiron_log - INFO - job: murn_job_1_1 id: 752, status: running, run job (modal)
2026-07-20 11:50:44,940 - pyiron_log - INFO - job: murn_job_1_1 id: 752, status: running, output: mkfifo: cannot create fifo 'sxctrl': Operation not supported
mkfifo: cannot create fifo 'sxres': Operation not supported

2026-07-20 11:50:44,956 - pyiron_log - INFO - run job: murn_job_1_1 id: 752, status: collect
2026-07-20 11:50:46,729 - pyiron_log - INFO - collect_errors() is not yet implemented for SPHInX
2026-07-20 11:50:46,730 - pyiron_log - INFO - collect_warnings() is not yet             implemented for SPHInX
2026-07-20 11:50:47,244 - pyiron_log - INFO - update master: 741 752 modal
2026-07-20 11:50:47,251 - pyiron_log - INFO - murn_job: finished job murn_job_1_1
2026-07-20 11:50:47,261 - pyiron_log - INFO - run job: murn_job id: 741, status: collect
2026-07-20 11:50:47,263 - pyiron_log - INFO - job: murn_job id: 741, status: collect, finished
2026-07-20 11:51:03,162 - pyiron_log - INFO - job: murn_job id: 741, status: finished, parallel master
2026-07-20 11:51:03,163 - pyiron_log - INFO - update master: None 741 modal
2026-07-20 11:51:06,740 - pyiron_log - INFO - run job: calc_potential id: None, status: initialized
2026-07-20 11:51:10,399 - pyiron_log - INFO - run job: calc_potential id: 753, status: created
2026-07-20 11:51:10,412 - pyiron_log - INFO - job: calc_potential id: 753, status: running, run job (modal)
2026-07-20 11:51:18,968 - pyiron_log - INFO - job: calc_potential id: 753, status: running, output: mkfifo: cannot create fifo 'sxctrl': Operation not supported
mkfifo: cannot create fifo 'sxres': Operation not supported

2026-07-20 11:51:18,986 - pyiron_log - INFO - run job: calc_potential id: 753, status: collect
2026-07-20 11:51:20,779 - pyiron_log - INFO - collect_errors() is not yet implemented for SPHInX
2026-07-20 11:51:20,779 - pyiron_log - INFO - collect_warnings() is not yet             implemented for SPHInX
2026-07-20 11:51:21,241 - pyiron_log - INFO - update master: None 753 modal
2026-07-20 11:51:23,377 - pyiron_log - INFO - run job: murn_job id: None, status: initialized
2026-07-20 11:51:26,152 - pyiron_log - INFO - run job: murn_job id: 754, status: created
2026-07-20 11:51:26,158 - pyiron_log - INFO - job: murn_job id: 754 run parallel master (modal)
2026-07-20 11:51:31,509 - pyiron_log - INFO - murn_job: run job murn_job_0_9
2026-07-20 11:51:31,516 - pyiron_log - INFO - run job: murn_job_0_9 id: None, status: initialized
2026-07-20 11:51:41,617 - pyiron_log - INFO - run job: murn_job_0_9 id: 755, status: created
2026-07-20 11:51:41,631 - pyiron_log - INFO - job: murn_job_0_9 id: 755, status: running, run job (modal)
2026-07-20 11:51:47,030 - pyiron_log - INFO - job: murn_job_0_9 id: 755, status: running, output: mkfifo: cannot create fifo 'sxctrl': Operation not supported
mkfifo: cannot create fifo 'sxres': Operation not supported

2026-07-20 11:51:47,046 - pyiron_log - INFO - run job: murn_job_0_9 id: 755, status: collect
2026-07-20 11:51:48,751 - pyiron_log - INFO - collect_errors() is not yet implemented for SPHInX
2026-07-20 11:51:48,752 - pyiron_log - INFO - collect_warnings() is not yet             implemented for SPHInX
2026-07-20 11:51:49,518 - pyiron_log - INFO - update master: 754 755 modal
2026-07-20 11:51:49,525 - pyiron_log - INFO - murn_job: finished job murn_job_0_9
2026-07-20 11:51:53,100 - pyiron_log - INFO - murn_job: run job murn_job_0_92
2026-07-20 11:51:53,107 - pyiron_log - INFO - run job: murn_job_0_92 id: None, status: initialized
2026-07-20 11:52:03,160 - pyiron_log - INFO - run job: murn_job_0_92 id: 756, status: created
2026-07-20 11:52:03,177 - pyiron_log - INFO - job: murn_job_0_92 id: 756, status: running, run job (modal)
2026-07-20 11:52:10,212 - pyiron_log - INFO - job: murn_job_0_92 id: 756, status: running, output: mkfifo: cannot create fifo 'sxctrl': Operation not supported
mkfifo: cannot create fifo 'sxres': Operation not supported

2026-07-20 11:52:10,224 - pyiron_log - INFO - run job: murn_job_0_92 id: 756, status: collect
2026-07-20 11:52:11,947 - pyiron_log - INFO - collect_errors() is not yet implemented for SPHInX
2026-07-20 11:52:11,948 - pyiron_log - INFO - collect_warnings() is not yet             implemented for SPHInX
2026-07-20 11:52:12,577 - pyiron_log - INFO - update master: 754 756 modal
2026-07-20 11:52:12,582 - pyiron_log - INFO - murn_job: finished job murn_job_0_92
2026-07-20 11:52:16,014 - pyiron_log - INFO - murn_job: run job murn_job_0_94
2026-07-20 11:52:16,022 - pyiron_log - INFO - run job: murn_job_0_94 id: None, status: initialized
2026-07-20 11:52:25,970 - pyiron_log - INFO - run job: murn_job_0_94 id: 757, status: created
2026-07-20 11:52:25,986 - pyiron_log - INFO - job: murn_job_0_94 id: 757, status: running, run job (modal)
2026-07-20 11:52:34,282 - pyiron_log - INFO - job: murn_job_0_94 id: 757, status: running, output: mkfifo: cannot create fifo 'sxctrl': Operation not supported
mkfifo: cannot create fifo 'sxres': Operation not supported

2026-07-20 11:52:34,294 - pyiron_log - INFO - run job: murn_job_0_94 id: 757, status: collect
2026-07-20 11:52:36,376 - pyiron_log - INFO - collect_errors() is not yet implemented for SPHInX
2026-07-20 11:52:36,376 - pyiron_log - INFO - collect_warnings() is not yet             implemented for SPHInX
2026-07-20 11:52:36,940 - pyiron_log - INFO - update master: 754 757 modal
2026-07-20 11:52:36,945 - pyiron_log - INFO - murn_job: finished job murn_job_0_94
2026-07-20 11:52:40,151 - pyiron_log - INFO - murn_job: run job murn_job_0_96
2026-07-20 11:52:40,162 - pyiron_log - INFO - run job: murn_job_0_96 id: None, status: initialized
2026-07-20 11:52:50,071 - pyiron_log - INFO - run job: murn_job_0_96 id: 758, status: created
2026-07-20 11:52:50,086 - pyiron_log - INFO - job: murn_job_0_96 id: 758, status: running, run job (modal)
2026-07-20 11:52:56,376 - pyiron_log - INFO - job: murn_job_0_96 id: 758, status: running, output: mkfifo: cannot create fifo 'sxctrl': Operation not supported
mkfifo: cannot create fifo 'sxres': Operation not supported

2026-07-20 11:52:56,389 - pyiron_log - INFO - run job: murn_job_0_96 id: 758, status: collect
2026-07-20 11:52:58,302 - pyiron_log - INFO - collect_errors() is not yet implemented for SPHInX
2026-07-20 11:52:58,303 - pyiron_log - INFO - collect_warnings() is not yet             implemented for SPHInX
2026-07-20 11:52:58,897 - pyiron_log - INFO - update master: 754 758 modal
2026-07-20 11:52:58,904 - pyiron_log - INFO - murn_job: finished job murn_job_0_96
2026-07-20 11:53:02,420 - pyiron_log - INFO - murn_job: run job murn_job_0_98
2026-07-20 11:53:02,427 - pyiron_log - INFO - run job: murn_job_0_98 id: None, status: initialized
2026-07-20 11:53:11,977 - pyiron_log - INFO - run job: murn_job_0_98 id: 759, status: created
2026-07-20 11:53:11,995 - pyiron_log - INFO - job: murn_job_0_98 id: 759, status: running, run job (modal)
2026-07-20 11:53:18,310 - pyiron_log - INFO - job: murn_job_0_98 id: 759, status: running, output: mkfifo: cannot create fifo 'sxctrl': Operation not supported
mkfifo: cannot create fifo 'sxres': Operation not supported

2026-07-20 11:53:18,329 - pyiron_log - INFO - run job: murn_job_0_98 id: 759, status: collect
2026-07-20 11:53:20,387 - pyiron_log - INFO - collect_errors() is not yet implemented for SPHInX
2026-07-20 11:53:20,388 - pyiron_log - INFO - collect_warnings() is not yet             implemented for SPHInX
2026-07-20 11:53:21,031 - pyiron_log - INFO - update master: 754 759 modal
2026-07-20 11:53:21,036 - pyiron_log - INFO - murn_job: finished job murn_job_0_98
2026-07-20 11:53:24,879 - pyiron_log - INFO - murn_job: run job murn_job_1_0
2026-07-20 11:53:24,886 - pyiron_log - INFO - run job: murn_job_1_0 id: None, status: initialized
2026-07-20 11:53:35,763 - pyiron_log - INFO - run job: murn_job_1_0 id: 760, status: created
2026-07-20 11:53:35,776 - pyiron_log - INFO - job: murn_job_1_0 id: 760, status: running, run job (modal)
2026-07-20 11:53:43,151 - pyiron_log - INFO - job: murn_job_1_0 id: 760, status: running, output: mkfifo: cannot create fifo 'sxctrl': Operation not supported
mkfifo: cannot create fifo 'sxres': Operation not supported

2026-07-20 11:53:43,166 - pyiron_log - INFO - run job: murn_job_1_0 id: 760, status: collect
2026-07-20 11:53:45,377 - pyiron_log - INFO - collect_errors() is not yet implemented for SPHInX
2026-07-20 11:53:45,378 - pyiron_log - INFO - collect_warnings() is not yet             implemented for SPHInX
2026-07-20 11:53:46,025 - pyiron_log - INFO - update master: 754 760 modal
2026-07-20 11:53:46,031 - pyiron_log - INFO - murn_job: finished job murn_job_1_0
2026-07-20 11:53:50,270 - pyiron_log - INFO - murn_job: run job murn_job_1_02
2026-07-20 11:53:50,277 - pyiron_log - INFO - run job: murn_job_1_02 id: None, status: initialized
2026-07-20 11:54:02,260 - pyiron_log - INFO - run job: murn_job_1_02 id: 761, status: created
2026-07-20 11:54:02,274 - pyiron_log - INFO - job: murn_job_1_02 id: 761, status: running, run job (modal)
2026-07-20 11:54:10,550 - pyiron_log - INFO - job: murn_job_1_02 id: 761, status: running, output: mkfifo: cannot create fifo 'sxctrl': Operation not supported
mkfifo: cannot create fifo 'sxres': Operation not supported

2026-07-20 11:54:10,560 - pyiron_log - INFO - run job: murn_job_1_02 id: 761, status: collect
2026-07-20 11:54:12,410 - pyiron_log - INFO - collect_errors() is not yet implemented for SPHInX
2026-07-20 11:54:12,411 - pyiron_log - INFO - collect_warnings() is not yet             implemented for SPHInX
2026-07-20 11:54:13,092 - pyiron_log - INFO - update master: 754 761 modal
2026-07-20 11:54:13,097 - pyiron_log - INFO - murn_job: finished job murn_job_1_02
2026-07-20 11:54:16,740 - pyiron_log - INFO - murn_job: run job murn_job_1_04
2026-07-20 11:54:16,747 - pyiron_log - INFO - run job: murn_job_1_04 id: None, status: initialized
2026-07-20 11:54:28,379 - pyiron_log - INFO - run job: murn_job_1_04 id: 762, status: created
2026-07-20 11:54:28,399 - pyiron_log - INFO - job: murn_job_1_04 id: 762, status: running, run job (modal)
2026-07-20 11:54:36,484 - pyiron_log - INFO - job: murn_job_1_04 id: 762, status: running, output: mkfifo: cannot create fifo 'sxctrl': Operation not supported
mkfifo: cannot create fifo 'sxres': Operation not supported

2026-07-20 11:54:36,500 - pyiron_log - INFO - run job: murn_job_1_04 id: 762, status: collect
2026-07-20 11:54:38,457 - pyiron_log - INFO - collect_errors() is not yet implemented for SPHInX
2026-07-20 11:54:38,458 - pyiron_log - INFO - collect_warnings() is not yet             implemented for SPHInX
2026-07-20 11:54:38,953 - pyiron_log - INFO - update master: 754 762 modal
2026-07-20 11:54:38,958 - pyiron_log - INFO - murn_job: finished job murn_job_1_04
2026-07-20 11:54:42,255 - pyiron_log - INFO - murn_job: run job murn_job_1_06
2026-07-20 11:54:42,264 - pyiron_log - INFO - run job: murn_job_1_06 id: None, status: initialized
2026-07-20 11:54:53,394 - pyiron_log - INFO - run job: murn_job_1_06 id: 763, status: created
2026-07-20 11:54:53,407 - pyiron_log - INFO - job: murn_job_1_06 id: 763, status: running, run job (modal)
2026-07-20 11:55:01,264 - pyiron_log - INFO - job: murn_job_1_06 id: 763, status: running, output: mkfifo: cannot create fifo 'sxctrl': Operation not supported
mkfifo: cannot create fifo 'sxres': Operation not supported

2026-07-20 11:55:01,283 - pyiron_log - INFO - run job: murn_job_1_06 id: 763, status: collect
2026-07-20 11:55:03,462 - pyiron_log - INFO - collect_errors() is not yet implemented for SPHInX
2026-07-20 11:55:03,463 - pyiron_log - INFO - collect_warnings() is not yet             implemented for SPHInX
2026-07-20 11:55:03,997 - pyiron_log - INFO - update master: 754 763 modal
2026-07-20 11:55:04,005 - pyiron_log - INFO - murn_job: finished job murn_job_1_06
2026-07-20 11:55:08,354 - pyiron_log - INFO - murn_job: run job murn_job_1_08
2026-07-20 11:55:08,361 - pyiron_log - INFO - run job: murn_job_1_08 id: None, status: initialized
2026-07-20 11:55:18,137 - pyiron_log - INFO - run job: murn_job_1_08 id: 764, status: created
2026-07-20 11:55:18,158 - pyiron_log - INFO - job: murn_job_1_08 id: 764, status: running, run job (modal)
2026-07-20 11:55:25,524 - pyiron_log - INFO - job: murn_job_1_08 id: 764, status: running, output: mkfifo: cannot create fifo 'sxctrl': Operation not supported
mkfifo: cannot create fifo 'sxres': Operation not supported

2026-07-20 11:55:25,539 - pyiron_log - INFO - run job: murn_job_1_08 id: 764, status: collect
2026-07-20 11:55:27,698 - pyiron_log - INFO - collect_errors() is not yet implemented for SPHInX
2026-07-20 11:55:27,699 - pyiron_log - INFO - collect_warnings() is not yet             implemented for SPHInX
2026-07-20 11:55:28,403 - pyiron_log - INFO - update master: 754 764 modal
2026-07-20 11:55:28,410 - pyiron_log - INFO - murn_job: finished job murn_job_1_08
2026-07-20 11:55:32,345 - pyiron_log - INFO - murn_job: run job murn_job_1_1
2026-07-20 11:55:32,352 - pyiron_log - INFO - run job: murn_job_1_1 id: None, status: initialized
2026-07-20 11:55:42,674 - pyiron_log - INFO - run job: murn_job_1_1 id: 765, status: created
2026-07-20 11:55:42,695 - pyiron_log - INFO - job: murn_job_1_1 id: 765, status: running, run job (modal)
2026-07-20 11:55:51,810 - pyiron_log - INFO - job: murn_job_1_1 id: 765, status: running, output: mkfifo: cannot create fifo 'sxctrl': Operation not supported
mkfifo: cannot create fifo 'sxres': Operation not supported

2026-07-20 11:55:51,830 - pyiron_log - INFO - run job: murn_job_1_1 id: 765, status: collect
2026-07-20 11:55:53,889 - pyiron_log - INFO - collect_errors() is not yet implemented for SPHInX
2026-07-20 11:55:53,890 - pyiron_log - INFO - collect_warnings() is not yet             implemented for SPHInX
2026-07-20 11:55:54,397 - pyiron_log - INFO - update master: 754 765 modal
2026-07-20 11:55:54,403 - pyiron_log - INFO - murn_job: finished job murn_job_1_1
2026-07-20 11:55:54,421 - pyiron_log - INFO - run job: murn_job id: 754, status: collect
2026-07-20 11:55:54,423 - pyiron_log - INFO - job: murn_job id: 754, status: collect, finished
2026-07-20 11:56:11,652 - pyiron_log - INFO - job: murn_job id: 754, status: finished, parallel master
2026-07-20 11:56:11,655 - pyiron_log - INFO - update master: None 754 modal
2026-07-20 11:56:11,762 - pyiron_log - INFO - run job: calc_energy_og id: None, status: initialized
2026-07-20 11:56:19,466 - pyiron_log - INFO - run job: calc_energy_og id: 766, status: created
2026-07-20 11:56:19,481 - pyiron_log - INFO - job: calc_energy_og id: 766, status: running, run job (modal)
2026-07-20 11:57:36,364 - pyiron_log - INFO - job: calc_energy_og id: 766, status: running, output: mkfifo: cannot create fifo 'sxctrl': Operation not supported
mkfifo: cannot create fifo 'sxres': Operation not supported

2026-07-20 11:57:36,378 - pyiron_log - INFO - run job: calc_energy_og id: 766, status: collect
2026-07-20 11:57:38,158 - pyiron_log - INFO - collect_errors() is not yet implemented for SPHInX
2026-07-20 11:57:38,158 - pyiron_log - INFO - collect_warnings() is not yet             implemented for SPHInX
2026-07-20 11:57:38,643 - pyiron_log - INFO - update master: None 766 modal
2026-07-20 11:57:39,034 - pyiron_log - INFO - run job: relax_defect id: None, status: initialized
2026-07-20 11:57:46,976 - pyiron_log - INFO - run job: relax_defect id: 767, status: created
2026-07-20 11:57:46,994 - pyiron_log - INFO - job: relax_defect id: 767, status: running, run job (modal)
2026-07-20 12:01:44,908 - pyiron_log - INFO - job: relax_defect id: 767, status: running, output: mkfifo: cannot create fifo 'sxctrl': Operation not supported
mkfifo: cannot create fifo 'sxres': Operation not supported

2026-07-20 12:01:44,927 - pyiron_log - INFO - run job: relax_defect id: 767, status: collect
2026-07-20 12:01:47,440 - pyiron_log - INFO - collect_errors() is not yet implemented for SPHInX
2026-07-20 12:01:47,441 - pyiron_log - INFO - collect_warnings() is not yet             implemented for SPHInX
2026-07-20 12:01:47,940 - pyiron_log - INFO - update master: None 767 modal
2026-07-20 12:01:49,427 - pyiron_log - WARNING - Could not access indices, returning None!
2026-07-20 12:01:49,882 - pyiron_log - WARNING - Could not access indices, returning None!
2026-07-20 12:01:50,723 - pyiron_log - INFO - run job: calc_energy_defect id: None, status: initialized
2026-07-20 12:01:58,113 - pyiron_log - INFO - run job: calc_energy_defect id: 768, status: created
2026-07-20 12:01:58,126 - pyiron_log - INFO - job: calc_energy_defect id: 768, status: running, run job (modal)
2026-07-20 12:03:59,033 - pyiron_log - INFO - job: calc_energy_defect id: 768, status: running, output: mkfifo: cannot create fifo 'sxctrl': Operation not supported
mkfifo: cannot create fifo 'sxres': Operation not supported

2026-07-20 12:03:59,048 - pyiron_log - INFO - run job: calc_energy_defect id: 768, status: collect
2026-07-20 12:04:01,089 - pyiron_log - INFO - collect_errors() is not yet implemented for SPHInX
2026-07-20 12:04:01,090 - pyiron_log - INFO - collect_warnings() is not yet             implemented for SPHInX
2026-07-20 12:04:01,593 - pyiron_log - INFO - update master: None 768 modal
2026-07-20 12:04:05,540 - pyiron_log - INFO - run job: calc_potential id: None, status: initialized
2026-07-20 12:04:05,781 - pyiron_log - INFO - run job: calc_potential id: 769, status: created
2026-07-20 12:04:22,670 - pyiron_log - INFO - run job: calc_energy_og id: None, status: initialized
2026-07-20 12:04:22,912 - pyiron_log - INFO - run job: calc_energy_og id: 770, status: created
2026-07-20 12:08:05,374 - pyiron_log - INFO - run job: relax_defect id: None, status: initialized
2026-07-20 12:08:10,839 - pyiron_log - INFO - run job: relax_defect id: 771, status: created
2026-07-20 12:08:10,852 - pyiron_log - INFO - job: relax_defect id: 771, status: running, run job (modal)
2026-07-20 12:11:38,765 - pyiron_log - INFO - job: relax_defect id: 771, status: running, output: mkfifo: cannot create fifo 'sxctrl': Operation not supported
mkfifo: cannot create fifo 'sxres': Operation not supported

2026-07-20 12:11:38,774 - pyiron_log - INFO - run job: relax_defect id: 771, status: collect
2026-07-20 12:11:40,324 - pyiron_log - INFO - collect_errors() is not yet implemented for SPHInX
2026-07-20 12:11:40,325 - pyiron_log - INFO - collect_warnings() is not yet             implemented for SPHInX
2026-07-20 12:11:40,778 - pyiron_log - INFO - update master: None 771 modal
2026-07-20 12:11:41,947 - pyiron_log - WARNING - Could not access indices, returning None!
2026-07-20 12:11:42,250 - pyiron_log - WARNING - Could not access indices, returning None!
2026-07-20 12:11:42,939 - pyiron_log - INFO - run job: calc_energy_defect id: None, status: initialized
2026-07-20 12:11:43,092 - pyiron_log - INFO - run job: calc_energy_defect id: 772, status: created
2026-07-20 12:15:10,089 - pyiron_log - INFO - run job: murn_job id: None, status: initialized
2026-07-20 12:15:10,498 - pyiron_log - INFO - run job: murn_job id: 773, status: created
2026-07-20 12:15:10,505 - pyiron_log - INFO - job: murn_job id: 773 run parallel master (modal)
2026-07-20 12:15:10,987 - pyiron_log - INFO - murn_job: run job murn_job_0_9
2026-07-20 12:15:10,995 - pyiron_log - INFO - run job: murn_job_0_9 id: None, status: initialized
2026-07-20 12:15:11,187 - pyiron_log - INFO - run job: murn_job_0_9 id: 774, status: created
2026-07-20 12:15:24,471 - pyiron_log - INFO - murn_job: finished job murn_job_0_9
2026-07-20 12:15:24,911 - pyiron_log - INFO - murn_job: run job murn_job_0_92
2026-07-20 12:15:24,917 - pyiron_log - INFO - run job: murn_job_0_92 id: None, status: initialized
2026-07-20 12:15:25,044 - pyiron_log - INFO - run job: murn_job_0_92 id: 775, status: created
2026-07-20 12:15:35,425 - pyiron_log - INFO - murn_job: finished job murn_job_0_92
2026-07-20 12:15:35,893 - pyiron_log - INFO - murn_job: run job murn_job_0_94
2026-07-20 12:15:35,899 - pyiron_log - INFO - run job: murn_job_0_94 id: None, status: initialized
2026-07-20 12:15:36,065 - pyiron_log - INFO - run job: murn_job_0_94 id: 776, status: created
2026-07-20 12:15:46,630 - pyiron_log - INFO - murn_job: finished job murn_job_0_94
2026-07-20 12:15:47,188 - pyiron_log - INFO - murn_job: run job murn_job_0_96
2026-07-20 12:15:47,195 - pyiron_log - INFO - run job: murn_job_0_96 id: None, status: initialized
2026-07-20 12:15:47,408 - pyiron_log - INFO - run job: murn_job_0_96 id: 777, status: created
2026-07-20 12:15:58,662 - pyiron_log - INFO - murn_job: finished job murn_job_0_96
2026-07-20 12:15:59,123 - pyiron_log - INFO - murn_job: run job murn_job_0_98
2026-07-20 12:15:59,130 - pyiron_log - INFO - run job: murn_job_0_98 id: None, status: initialized
2026-07-20 12:15:59,330 - pyiron_log - INFO - run job: murn_job_0_98 id: 778, status: created
2026-07-20 12:16:09,638 - pyiron_log - INFO - murn_job: finished job murn_job_0_98
2026-07-20 12:16:10,116 - pyiron_log - INFO - murn_job: run job murn_job_1_0
2026-07-20 12:16:10,125 - pyiron_log - INFO - run job: murn_job_1_0 id: None, status: initialized
2026-07-20 12:16:10,341 - pyiron_log - INFO - run job: murn_job_1_0 id: 779, status: created
2026-07-20 12:16:21,761 - pyiron_log - INFO - murn_job: finished job murn_job_1_0
2026-07-20 12:16:22,194 - pyiron_log - INFO - murn_job: run job murn_job_1_02
2026-07-20 12:16:22,202 - pyiron_log - INFO - run job: murn_job_1_02 id: None, status: initialized
2026-07-20 12:16:22,368 - pyiron_log - INFO - run job: murn_job_1_02 id: 780, status: created
2026-07-20 12:16:31,573 - pyiron_log - INFO - murn_job: finished job murn_job_1_02
2026-07-20 12:16:31,940 - pyiron_log - INFO - murn_job: run job murn_job_1_04
2026-07-20 12:16:31,947 - pyiron_log - INFO - run job: murn_job_1_04 id: None, status: initialized
2026-07-20 12:16:32,125 - pyiron_log - INFO - run job: murn_job_1_04 id: 781, status: created
2026-07-20 12:16:40,170 - pyiron_log - INFO - murn_job: finished job murn_job_1_04
2026-07-20 12:16:40,546 - pyiron_log - INFO - murn_job: run job murn_job_1_06
2026-07-20 12:16:40,552 - pyiron_log - INFO - run job: murn_job_1_06 id: None, status: initialized
2026-07-20 12:16:40,694 - pyiron_log - INFO - run job: murn_job_1_06 id: 782, status: created
2026-07-20 12:16:49,973 - pyiron_log - INFO - murn_job: finished job murn_job_1_06
2026-07-20 12:16:50,345 - pyiron_log - INFO - murn_job: run job murn_job_1_08
2026-07-20 12:16:50,352 - pyiron_log - INFO - run job: murn_job_1_08 id: None, status: initialized
2026-07-20 12:16:50,519 - pyiron_log - INFO - run job: murn_job_1_08 id: 783, status: created
2026-07-20 12:16:59,893 - pyiron_log - INFO - murn_job: finished job murn_job_1_08
2026-07-20 12:17:00,270 - pyiron_log - INFO - murn_job: run job murn_job_1_1
2026-07-20 12:17:00,276 - pyiron_log - INFO - run job: murn_job_1_1 id: None, status: initialized
2026-07-20 12:17:00,446 - pyiron_log - INFO - run job: murn_job_1_1 id: 784, status: created
2026-07-20 12:17:09,301 - pyiron_log - INFO - murn_job: finished job murn_job_1_1
2026-07-20 12:17:09,311 - pyiron_log - INFO - run job: murn_job id: 773, status: collect
2026-07-20 12:17:09,312 - pyiron_log - INFO - job: murn_job id: 773, status: collect, finished
2026-07-20 12:17:10,422 - pyiron_log - INFO - job: murn_job id: 773, status: finished, parallel master
2026-07-20 12:17:10,424 - pyiron_log - INFO - update master: None 773 modal
2026-07-20 12:17:13,776 - pyiron_log - INFO - run job: calc_energy_og id: None, status: initialized
2026-07-20 12:17:13,950 - pyiron_log - INFO - run job: calc_energy_og id: 785, status: created
2026-07-20 12:20:56,412 - pyiron_log - INFO - run job: calc_potential id: None, status: initialized
2026-07-20 12:20:56,554 - pyiron_log - INFO - run job: calc_potential id: 786, status: created
2026-07-20 12:21:11,230 - pyiron_log - INFO - run job: murn_job id: None, status: initialized
2026-07-20 12:21:11,497 - pyiron_log - INFO - run job: murn_job id: 787, status: created
2026-07-20 12:21:11,501 - pyiron_log - INFO - job: murn_job id: 787 run parallel master (modal)
2026-07-20 12:21:11,873 - pyiron_log - INFO - murn_job: run job murn_job_0_9
2026-07-20 12:21:11,879 - pyiron_log - INFO - run job: murn_job_0_9 id: None, status: initialized
2026-07-20 12:21:12,026 - pyiron_log - INFO - run job: murn_job_0_9 id: 788, status: created
2026-07-20 12:21:23,651 - pyiron_log - INFO - murn_job: finished job murn_job_0_9
2026-07-20 12:21:24,065 - pyiron_log - INFO - murn_job: run job murn_job_0_92
2026-07-20 12:21:24,071 - pyiron_log - INFO - run job: murn_job_0_92 id: None, status: initialized
2026-07-20 12:21:24,230 - pyiron_log - INFO - run job: murn_job_0_92 id: 789, status: created
2026-07-20 12:21:34,442 - pyiron_log - INFO - murn_job: finished job murn_job_0_92
2026-07-20 12:21:34,778 - pyiron_log - INFO - murn_job: run job murn_job_0_94
2026-07-20 12:21:34,788 - pyiron_log - INFO - run job: murn_job_0_94 id: None, status: initialized
2026-07-20 12:21:34,947 - pyiron_log - INFO - run job: murn_job_0_94 id: 790, status: created
2026-07-20 12:21:44,608 - pyiron_log - INFO - murn_job: finished job murn_job_0_94
2026-07-20 12:21:45,094 - pyiron_log - INFO - murn_job: run job murn_job_0_96
2026-07-20 12:21:45,100 - pyiron_log - INFO - run job: murn_job_0_96 id: None, status: initialized
2026-07-20 12:21:45,287 - pyiron_log - INFO - run job: murn_job_0_96 id: 791, status: created
2026-07-20 12:21:56,095 - pyiron_log - INFO - murn_job: finished job murn_job_0_96
2026-07-20 12:21:56,527 - pyiron_log - INFO - murn_job: run job murn_job_0_98
2026-07-20 12:21:56,537 - pyiron_log - INFO - run job: murn_job_0_98 id: None, status: initialized
2026-07-20 12:21:56,731 - pyiron_log - INFO - run job: murn_job_0_98 id: 792, status: created
2026-07-20 12:22:07,162 - pyiron_log - INFO - murn_job: finished job murn_job_0_98
2026-07-20 12:22:07,551 - pyiron_log - INFO - murn_job: run job murn_job_1_0
2026-07-20 12:22:07,561 - pyiron_log - INFO - run job: murn_job_1_0 id: None, status: initialized
2026-07-20 12:22:07,700 - pyiron_log - INFO - run job: murn_job_1_0 id: 793, status: created
2026-07-20 12:22:17,086 - pyiron_log - INFO - murn_job: finished job murn_job_1_0
2026-07-20 12:22:17,509 - pyiron_log - INFO - murn_job: run job murn_job_1_02
2026-07-20 12:22:17,515 - pyiron_log - INFO - run job: murn_job_1_02 id: None, status: initialized
2026-07-20 12:22:17,679 - pyiron_log - INFO - run job: murn_job_1_02 id: 794, status: created
2026-07-20 12:22:28,226 - pyiron_log - INFO - murn_job: finished job murn_job_1_02
2026-07-20 12:22:28,623 - pyiron_log - INFO - murn_job: run job murn_job_1_04
2026-07-20 12:22:28,661 - pyiron_log - INFO - run job: murn_job_1_04 id: None, status: initialized
2026-07-20 12:22:28,814 - pyiron_log - INFO - run job: murn_job_1_04 id: 795, status: created
2026-07-20 12:22:37,610 - pyiron_log - INFO - murn_job: finished job murn_job_1_04
2026-07-20 12:22:37,971 - pyiron_log - INFO - murn_job: run job murn_job_1_06
2026-07-20 12:22:37,985 - pyiron_log - INFO - run job: murn_job_1_06 id: None, status: initialized
2026-07-20 12:22:38,140 - pyiron_log - INFO - run job: murn_job_1_06 id: 796, status: created
2026-07-20 12:22:46,538 - pyiron_log - INFO - murn_job: finished job murn_job_1_06
2026-07-20 12:22:46,946 - pyiron_log - INFO - murn_job: run job murn_job_1_08
2026-07-20 12:22:46,962 - pyiron_log - INFO - run job: murn_job_1_08 id: None, status: initialized
2026-07-20 12:22:47,152 - pyiron_log - INFO - run job: murn_job_1_08 id: 797, status: created
2026-07-20 12:22:55,608 - pyiron_log - INFO - murn_job: finished job murn_job_1_08
2026-07-20 12:22:56,003 - pyiron_log - INFO - murn_job: run job murn_job_1_1
2026-07-20 12:22:56,010 - pyiron_log - INFO - run job: murn_job_1_1 id: None, status: initialized
2026-07-20 12:22:56,164 - pyiron_log - INFO - run job: murn_job_1_1 id: 798, status: created
2026-07-20 12:23:04,879 - pyiron_log - INFO - murn_job: finished job murn_job_1_1
2026-07-20 12:23:04,890 - pyiron_log - INFO - run job: murn_job id: 787, status: collect
2026-07-20 12:23:04,892 - pyiron_log - INFO - job: murn_job id: 787, status: collect, finished
2026-07-20 12:23:05,937 - pyiron_log - INFO - job: murn_job id: 787, status: finished, parallel master
2026-07-20 12:23:05,939 - pyiron_log - INFO - update master: None 787 modal
2026-07-20 12:23:06,050 - pyiron_log - INFO - run job: relax_defect id: None, status: initialized
2026-07-20 12:23:06,223 - pyiron_log - INFO - run job: relax_defect id: 799, status: created
2026-07-20 12:26:44,648 - pyiron_log - INFO - run job: calc_energy_defect id: None, status: initialized
2026-07-20 12:26:44,774 - pyiron_log - INFO - run job: calc_energy_defect id: 800, status: created
2026-07-20 14:47:50,663 - pyiron_log - INFO - run job: murn_job id: None, status: initialized
2026-07-20 14:47:52,364 - pyiron_log - INFO - run job: murn_job id: 801, status: created
2026-07-20 14:47:52,369 - pyiron_log - INFO - job: murn_job id: 801 run parallel master (modal)
2026-07-20 14:47:56,798 - pyiron_log - INFO - murn_job: run job murn_job_0_9
2026-07-20 14:47:56,805 - pyiron_log - INFO - run job: murn_job_0_9 id: None, status: initialized
2026-07-20 14:47:59,206 - pyiron_log - INFO - Job None intercept signal 2, job is shutting down
2026-07-20 15:01:22,174 - pyiron_log - INFO - run job: murn_job id: None, status: initialized
2026-07-20 15:01:23,474 - pyiron_log - INFO - run job: murn_job id: 801, status: created
2026-07-20 15:01:23,478 - pyiron_log - INFO - job: murn_job id: 801 run parallel master (modal)
2026-07-20 15:01:26,507 - pyiron_log - INFO - murn_job: run job murn_job_0_9
2026-07-20 15:01:26,514 - pyiron_log - INFO - run job: murn_job_0_9 id: None, status: initialized
2026-07-20 15:01:33,849 - pyiron_log - INFO - run job: murn_job_0_9 id: 802, status: created
2026-07-20 15:01:33,858 - pyiron_log - INFO - job: murn_job_0_9 id: 802, status: running, run job (modal)
2026-07-20 15:01:37,957 - pyiron_log - INFO - job: murn_job_0_9 id: 802, status: running, output: mkfifo: cannot create fifo 'sxctrl': Operation not supported
mkfifo: cannot create fifo 'sxres': Operation not supported

2026-07-20 15:01:37,969 - pyiron_log - INFO - run job: murn_job_0_9 id: 802, status: collect
2026-07-20 15:01:39,202 - pyiron_log - INFO - collect_errors() is not yet implemented for SPHInX
2026-07-20 15:01:39,203 - pyiron_log - INFO - collect_warnings() is not yet             implemented for SPHInX
2026-07-20 15:01:39,562 - pyiron_log - INFO - update master: 801 802 modal
2026-07-20 15:01:39,565 - pyiron_log - INFO - murn_job: finished job murn_job_0_9
2026-07-20 15:01:42,035 - pyiron_log - INFO - murn_job: run job murn_job_0_92
2026-07-20 15:01:42,044 - pyiron_log - INFO - run job: murn_job_0_92 id: None, status: initialized
2026-07-20 15:01:49,083 - pyiron_log - INFO - run job: murn_job_0_92 id: 803, status: created
2026-07-20 15:01:49,091 - pyiron_log - INFO - job: murn_job_0_92 id: 803, status: running, run job (modal)
2026-07-20 15:01:54,329 - pyiron_log - INFO - job: murn_job_0_92 id: 803, status: running, output: mkfifo: cannot create fifo 'sxctrl': Operation not supported
mkfifo: cannot create fifo 'sxres': Operation not supported

2026-07-20 15:01:54,338 - pyiron_log - INFO - run job: murn_job_0_92 id: 803, status: collect
2026-07-20 15:01:55,562 - pyiron_log - INFO - collect_errors() is not yet implemented for SPHInX
2026-07-20 15:01:55,563 - pyiron_log - INFO - collect_warnings() is not yet             implemented for SPHInX
2026-07-20 15:01:55,898 - pyiron_log - INFO - update master: 801 803 modal
2026-07-20 15:01:55,901 - pyiron_log - INFO - murn_job: finished job murn_job_0_92
2026-07-20 15:01:58,602 - pyiron_log - INFO - murn_job: run job murn_job_0_94
2026-07-20 15:01:58,606 - pyiron_log - INFO - run job: murn_job_0_94 id: None, status: initialized
2026-07-20 15:02:05,993 - pyiron_log - INFO - run job: murn_job_0_94 id: 804, status: created
2026-07-20 15:02:06,001 - pyiron_log - INFO - job: murn_job_0_94 id: 804, status: running, run job (modal)
2026-07-20 15:02:11,527 - pyiron_log - INFO - job: murn_job_0_94 id: 804, status: running, output: mkfifo: cannot create fifo 'sxctrl': Operation not supported
mkfifo: cannot create fifo 'sxres': Operation not supported

2026-07-20 15:02:11,537 - pyiron_log - INFO - run job: murn_job_0_94 id: 804, status: collect
2026-07-20 15:02:12,867 - pyiron_log - INFO - collect_errors() is not yet implemented for SPHInX
2026-07-20 15:02:12,867 - pyiron_log - INFO - collect_warnings() is not yet             implemented for SPHInX
2026-07-20 15:02:13,206 - pyiron_log - INFO - update master: 801 804 modal
2026-07-20 15:02:13,211 - pyiron_log - INFO - murn_job: finished job murn_job_0_94
2026-07-20 15:02:15,799 - pyiron_log - INFO - murn_job: run job murn_job_0_96
2026-07-20 15:02:15,804 - pyiron_log - INFO - run job: murn_job_0_96 id: None, status: initialized
2026-07-20 15:02:23,108 - pyiron_log - INFO - run job: murn_job_0_96 id: 805, status: created
2026-07-20 15:02:23,117 - pyiron_log - INFO - job: murn_job_0_96 id: 805, status: running, run job (modal)
2026-07-20 15:02:28,152 - pyiron_log - INFO - job: murn_job_0_96 id: 805, status: running, output: mkfifo: cannot create fifo 'sxctrl': Operation not supported
mkfifo: cannot create fifo 'sxres': Operation not supported

2026-07-20 15:02:28,163 - pyiron_log - INFO - run job: murn_job_0_96 id: 805, status: collect
2026-07-20 15:02:29,404 - pyiron_log - INFO - collect_errors() is not yet implemented for SPHInX
2026-07-20 15:02:29,405 - pyiron_log - INFO - collect_warnings() is not yet             implemented for SPHInX
2026-07-20 15:02:29,745 - pyiron_log - INFO - update master: 801 805 modal
2026-07-20 15:02:29,749 - pyiron_log - INFO - murn_job: finished job murn_job_0_96
2026-07-20 15:02:32,861 - pyiron_log - INFO - murn_job: run job murn_job_0_98
2026-07-20 15:02:32,865 - pyiron_log - INFO - run job: murn_job_0_98 id: None, status: initialized
2026-07-20 15:02:40,124 - pyiron_log - INFO - run job: murn_job_0_98 id: 806, status: created
2026-07-20 15:02:40,132 - pyiron_log - INFO - job: murn_job_0_98 id: 806, status: running, run job (modal)
2026-07-20 15:02:45,256 - pyiron_log - INFO - job: murn_job_0_98 id: 806, status: running, output: mkfifo: cannot create fifo 'sxctrl': Operation not supported
mkfifo: cannot create fifo 'sxres': Operation not supported

2026-07-20 15:02:45,266 - pyiron_log - INFO - run job: murn_job_0_98 id: 806, status: collect
2026-07-20 15:02:46,700 - pyiron_log - INFO - collect_errors() is not yet implemented for SPHInX
2026-07-20 15:02:46,701 - pyiron_log - INFO - collect_warnings() is not yet             implemented for SPHInX
2026-07-20 15:02:47,082 - pyiron_log - INFO - update master: 801 806 modal
2026-07-20 15:02:47,085 - pyiron_log - INFO - murn_job: finished job murn_job_0_98
2026-07-20 15:02:49,659 - pyiron_log - INFO - murn_job: run job murn_job_1_0
2026-07-20 15:02:49,666 - pyiron_log - INFO - run job: murn_job_1_0 id: None, status: initialized
2026-07-20 15:02:57,027 - pyiron_log - INFO - run job: murn_job_1_0 id: 807, status: created
2026-07-20 15:02:57,037 - pyiron_log - INFO - job: murn_job_1_0 id: 807, status: running, run job (modal)
2026-07-20 15:03:02,946 - pyiron_log - INFO - job: murn_job_1_0 id: 807, status: running, output: mkfifo: cannot create fifo 'sxctrl': Operation not supported
mkfifo: cannot create fifo 'sxres': Operation not supported

2026-07-20 15:03:02,957 - pyiron_log - INFO - run job: murn_job_1_0 id: 807, status: collect
2026-07-20 15:03:04,325 - pyiron_log - INFO - collect_errors() is not yet implemented for SPHInX
2026-07-20 15:03:04,326 - pyiron_log - INFO - collect_warnings() is not yet             implemented for SPHInX
2026-07-20 15:03:04,782 - pyiron_log - INFO - update master: 801 807 modal
2026-07-20 15:03:04,787 - pyiron_log - INFO - murn_job: finished job murn_job_1_0
2026-07-20 15:03:07,565 - pyiron_log - INFO - murn_job: run job murn_job_1_02
2026-07-20 15:03:07,570 - pyiron_log - INFO - run job: murn_job_1_02 id: None, status: initialized
2026-07-20 15:03:15,021 - pyiron_log - INFO - run job: murn_job_1_02 id: 808, status: created
2026-07-20 15:03:15,030 - pyiron_log - INFO - job: murn_job_1_02 id: 808, status: running, run job (modal)
2026-07-20 15:03:21,035 - pyiron_log - INFO - job: murn_job_1_02 id: 808, status: running, output: mkfifo: cannot create fifo 'sxctrl': Operation not supported
mkfifo: cannot create fifo 'sxres': Operation not supported

2026-07-20 15:03:21,044 - pyiron_log - INFO - run job: murn_job_1_02 id: 808, status: collect
2026-07-20 15:03:22,299 - pyiron_log - INFO - collect_errors() is not yet implemented for SPHInX
2026-07-20 15:03:22,300 - pyiron_log - INFO - collect_warnings() is not yet             implemented for SPHInX
2026-07-20 15:03:22,674 - pyiron_log - INFO - update master: 801 808 modal
2026-07-20 15:03:22,677 - pyiron_log - INFO - murn_job: finished job murn_job_1_02
2026-07-20 15:03:25,516 - pyiron_log - INFO - murn_job: run job murn_job_1_04
2026-07-20 15:03:25,522 - pyiron_log - INFO - run job: murn_job_1_04 id: None, status: initialized
2026-07-20 15:03:33,119 - pyiron_log - INFO - run job: murn_job_1_04 id: 809, status: created
2026-07-20 15:03:33,129 - pyiron_log - INFO - job: murn_job_1_04 id: 809, status: running, run job (modal)
2026-07-20 15:03:38,840 - pyiron_log - INFO - job: murn_job_1_04 id: 809, status: running, output: mkfifo: cannot create fifo 'sxctrl': Operation not supported
mkfifo: cannot create fifo 'sxres': Operation not supported

2026-07-20 15:03:38,848 - pyiron_log - INFO - run job: murn_job_1_04 id: 809, status: collect
2026-07-20 15:03:40,146 - pyiron_log - INFO - collect_errors() is not yet implemented for SPHInX
2026-07-20 15:03:40,147 - pyiron_log - INFO - collect_warnings() is not yet             implemented for SPHInX
2026-07-20 15:03:40,503 - pyiron_log - INFO - update master: 801 809 modal
2026-07-20 15:03:40,506 - pyiron_log - INFO - murn_job: finished job murn_job_1_04
2026-07-20 15:03:43,533 - pyiron_log - INFO - murn_job: run job murn_job_1_06
2026-07-20 15:03:43,538 - pyiron_log - INFO - run job: murn_job_1_06 id: None, status: initialized
2026-07-20 15:03:51,016 - pyiron_log - INFO - run job: murn_job_1_06 id: 810, status: created
2026-07-20 15:03:51,026 - pyiron_log - INFO - job: murn_job_1_06 id: 810, status: running, run job (modal)
2026-07-20 15:03:57,039 - pyiron_log - INFO - job: murn_job_1_06 id: 810, status: running, output: mkfifo: cannot create fifo 'sxctrl': Operation not supported
mkfifo: cannot create fifo 'sxres': Operation not supported

2026-07-20 15:03:57,049 - pyiron_log - INFO - run job: murn_job_1_06 id: 810, status: collect
2026-07-20 15:03:58,338 - pyiron_log - INFO - collect_errors() is not yet implemented for SPHInX
2026-07-20 15:03:58,339 - pyiron_log - INFO - collect_warnings() is not yet             implemented for SPHInX
2026-07-20 15:03:58,703 - pyiron_log - INFO - update master: 801 810 modal
2026-07-20 15:03:58,707 - pyiron_log - INFO - murn_job: finished job murn_job_1_06
2026-07-20 15:04:01,589 - pyiron_log - INFO - murn_job: run job murn_job_1_08
2026-07-20 15:04:01,595 - pyiron_log - INFO - run job: murn_job_1_08 id: None, status: initialized
2026-07-20 15:04:10,196 - pyiron_log - INFO - run job: murn_job_1_08 id: 811, status: created
2026-07-20 15:04:10,204 - pyiron_log - INFO - job: murn_job_1_08 id: 811, status: running, run job (modal)
2026-07-20 15:04:16,196 - pyiron_log - INFO - job: murn_job_1_08 id: 811, status: running, output: mkfifo: cannot create fifo 'sxctrl': Operation not supported
mkfifo: cannot create fifo 'sxres': Operation not supported

2026-07-20 15:04:16,209 - pyiron_log - INFO - run job: murn_job_1_08 id: 811, status: collect
2026-07-20 15:04:17,927 - pyiron_log - INFO - collect_errors() is not yet implemented for SPHInX
2026-07-20 15:04:17,928 - pyiron_log - INFO - collect_warnings() is not yet             implemented for SPHInX
2026-07-20 15:04:18,468 - pyiron_log - INFO - update master: 801 811 modal
2026-07-20 15:04:18,474 - pyiron_log - INFO - murn_job: finished job murn_job_1_08
2026-07-20 15:04:21,936 - pyiron_log - INFO - murn_job: run job murn_job_1_1
2026-07-20 15:04:21,943 - pyiron_log - INFO - run job: murn_job_1_1 id: None, status: initialized
2026-07-20 15:04:30,372 - pyiron_log - INFO - run job: murn_job_1_1 id: 812, status: created
2026-07-20 15:04:30,382 - pyiron_log - INFO - job: murn_job_1_1 id: 812, status: running, run job (modal)
2026-07-20 15:04:36,890 - pyiron_log - INFO - job: murn_job_1_1 id: 812, status: running, output: mkfifo: cannot create fifo 'sxctrl': Operation not supported
mkfifo: cannot create fifo 'sxres': Operation not supported

2026-07-20 15:04:36,898 - pyiron_log - INFO - run job: murn_job_1_1 id: 812, status: collect
2026-07-20 15:04:38,200 - pyiron_log - INFO - collect_errors() is not yet implemented for SPHInX
2026-07-20 15:04:38,200 - pyiron_log - INFO - collect_warnings() is not yet             implemented for SPHInX
2026-07-20 15:04:38,549 - pyiron_log - INFO - update master: 801 812 modal
2026-07-20 15:04:38,553 - pyiron_log - INFO - murn_job: finished job murn_job_1_1
2026-07-20 15:04:38,559 - pyiron_log - INFO - run job: murn_job id: 801, status: collect
2026-07-20 15:04:38,561 - pyiron_log - INFO - job: murn_job id: 801, status: collect, finished
2026-07-20 15:04:53,945 - pyiron_log - INFO - job: murn_job id: 801, status: finished, parallel master
2026-07-20 15:04:53,947 - pyiron_log - INFO - update master: None 801 modal
2026-07-20 15:04:53,980 - pyiron_log - INFO - run job: calc_potential id: None, status: initialized
2026-07-20 15:04:57,227 - pyiron_log - INFO - run job: calc_potential id: 813, status: created
2026-07-20 15:04:57,237 - pyiron_log - INFO - job: calc_potential id: 813, status: running, run job (modal)
2026-07-20 15:05:03,190 - pyiron_log - INFO - job: calc_potential id: 813, status: running, output: mkfifo: cannot create fifo 'sxctrl': Operation not supported
mkfifo: cannot create fifo 'sxres': Operation not supported

2026-07-20 15:05:03,200 - pyiron_log - INFO - run job: calc_potential id: 813, status: collect
2026-07-20 15:05:04,499 - pyiron_log - INFO - collect_errors() is not yet implemented for SPHInX
2026-07-20 15:05:04,500 - pyiron_log - INFO - collect_warnings() is not yet             implemented for SPHInX
2026-07-20 15:05:04,816 - pyiron_log - INFO - update master: None 813 modal
2026-07-20 15:05:05,072 - pyiron_log - INFO - run job: calc_energy_og id: None, status: initialized
2026-07-20 15:05:23,787 - pyiron_log - INFO - run job: calc_energy_og id: 814, status: created
2026-07-20 15:05:23,796 - pyiron_log - INFO - job: calc_energy_og id: 814, status: running, run job (modal)
2026-07-20 15:28:26,247 - pyiron_log - INFO - job: calc_energy_og id: 814, status: running, output: mkfifo: cannot create fifo 'sxctrl': Operation not supported
mkfifo: cannot create fifo 'sxres': Operation not supported

2026-07-20 15:28:26,259 - pyiron_log - INFO - run job: calc_energy_og id: 814, status: collect
2026-07-20 15:28:27,818 - pyiron_log - INFO - collect_errors() is not yet implemented for SPHInX
2026-07-20 15:28:27,819 - pyiron_log - INFO - collect_warnings() is not yet             implemented for SPHInX
2026-07-20 15:28:28,208 - pyiron_log - INFO - update master: None 814 modal
2026-07-20 15:28:29,076 - pyiron_log - INFO - run job: relax_defect id: None, status: initialized
2026-07-20 15:28:29,323 - pyiron_log - INFO - run job: relax_defect id: 815, status: created
2026-07-20 16:48:44,140 - pyiron_log - INFO - run job: calc_energy_defect id: None, status: initialized
2026-07-20 16:49:01,031 - pyiron_log - INFO - run job: calc_energy_defect id: 816, status: created
2026-07-20 16:49:01,041 - pyiron_log - INFO - job: calc_energy_defect id: 816, status: running, run job (modal)
2026-07-20 18:11:17,591 - pyiron_log - INFO - job: calc_energy_defect id: 816, status: running, output: mkfifo: cannot create fifo 'sxctrl': Operation not supported
mkfifo: cannot create fifo 'sxres': Operation not supported

2026-07-20 18:11:17,604 - pyiron_log - INFO - run job: calc_energy_defect id: 816, status: collect
2026-07-20 18:11:19,264 - pyiron_log - INFO - collect_errors() is not yet implemented for SPHInX
2026-07-20 18:11:19,265 - pyiron_log - INFO - collect_warnings() is not yet             implemented for SPHInX
2026-07-20 18:11:19,641 - pyiron_log - INFO - update master: None 816 modal
2026-07-20 18:19:22,889 - pyiron_log - INFO - run job: murn_job id: None, status: initialized
2026-07-20 18:19:24,093 - pyiron_log - INFO - run job: murn_job id: 817, status: created
2026-07-20 18:19:24,097 - pyiron_log - INFO - job: murn_job id: 817 run parallel master (modal)
2026-07-20 18:19:27,184 - pyiron_log - INFO - murn_job: run job murn_job_0_9
2026-07-20 18:19:27,191 - pyiron_log - INFO - run job: murn_job_0_9 id: None, status: initialized
2026-07-20 18:19:33,581 - pyiron_log - INFO - run job: murn_job_0_9 id: 818, status: created
2026-07-20 18:19:33,590 - pyiron_log - INFO - job: murn_job_0_9 id: 818, status: running, run job (modal)
2026-07-20 18:19:36,937 - pyiron_log - INFO - job: murn_job_0_9 id: 818, status: running, output: mkfifo: cannot create fifo 'sxctrl': Operation not supported
mkfifo: cannot create fifo 'sxres': Operation not supported

2026-07-20 18:19:36,945 - pyiron_log - INFO - run job: murn_job_0_9 id: 818, status: collect
2026-07-20 18:19:38,311 - pyiron_log - INFO - collect_errors() is not yet implemented for SPHInX
2026-07-20 18:19:38,311 - pyiron_log - INFO - collect_warnings() is not yet             implemented for SPHInX
2026-07-20 18:19:38,705 - pyiron_log - INFO - update master: 817 818 modal
2026-07-20 18:19:38,708 - pyiron_log - INFO - murn_job: finished job murn_job_0_9
2026-07-20 18:19:40,887 - pyiron_log - INFO - murn_job: run job murn_job_0_92
2026-07-20 18:19:40,895 - pyiron_log - INFO - run job: murn_job_0_92 id: None, status: initialized
2026-07-20 18:19:47,314 - pyiron_log - INFO - run job: murn_job_0_92 id: 819, status: created
2026-07-20 18:19:47,322 - pyiron_log - INFO - job: murn_job_0_92 id: 819, status: running, run job (modal)
2026-07-20 18:19:52,569 - pyiron_log - INFO - job: murn_job_0_92 id: 819, status: running, output: mkfifo: cannot create fifo 'sxctrl': Operation not supported
mkfifo: cannot create fifo 'sxres': Operation not supported

2026-07-20 18:19:52,577 - pyiron_log - INFO - run job: murn_job_0_92 id: 819, status: collect
2026-07-20 18:19:53,803 - pyiron_log - INFO - collect_errors() is not yet implemented for SPHInX
2026-07-20 18:19:53,803 - pyiron_log - INFO - collect_warnings() is not yet             implemented for SPHInX
2026-07-20 18:19:54,126 - pyiron_log - INFO - update master: 817 819 modal
2026-07-20 18:19:54,130 - pyiron_log - INFO - murn_job: finished job murn_job_0_92
2026-07-20 18:19:56,532 - pyiron_log - INFO - murn_job: run job murn_job_0_94
2026-07-20 18:19:56,537 - pyiron_log - INFO - run job: murn_job_0_94 id: None, status: initialized
2026-07-20 18:20:03,639 - pyiron_log - INFO - run job: murn_job_0_94 id: 820, status: created
2026-07-20 18:20:03,651 - pyiron_log - INFO - job: murn_job_0_94 id: 820, status: running, run job (modal)
2026-07-20 18:20:09,174 - pyiron_log - INFO - job: murn_job_0_94 id: 820, status: running, output: mkfifo: cannot create fifo 'sxctrl': Operation not supported
mkfifo: cannot create fifo 'sxres': Operation not supported

2026-07-20 18:20:09,184 - pyiron_log - INFO - run job: murn_job_0_94 id: 820, status: collect
2026-07-20 18:20:10,432 - pyiron_log - INFO - collect_errors() is not yet implemented for SPHInX
2026-07-20 18:20:10,432 - pyiron_log - INFO - collect_warnings() is not yet             implemented for SPHInX
2026-07-20 18:20:10,865 - pyiron_log - INFO - update master: 817 820 modal
2026-07-20 18:20:10,869 - pyiron_log - INFO - murn_job: finished job murn_job_0_94
2026-07-20 18:20:13,533 - pyiron_log - INFO - murn_job: run job murn_job_0_96
2026-07-20 18:20:13,541 - pyiron_log - INFO - run job: murn_job_0_96 id: None, status: initialized
2026-07-20 18:20:20,775 - pyiron_log - INFO - run job: murn_job_0_96 id: 821, status: created
2026-07-20 18:20:20,787 - pyiron_log - INFO - job: murn_job_0_96 id: 821, status: running, run job (modal)
2026-07-20 18:20:25,787 - pyiron_log - INFO - job: murn_job_0_96 id: 821, status: running, output: mkfifo: cannot create fifo 'sxctrl': Operation not supported
mkfifo: cannot create fifo 'sxres': Operation not supported

2026-07-20 18:20:25,797 - pyiron_log - INFO - run job: murn_job_0_96 id: 821, status: collect
2026-07-20 18:20:27,070 - pyiron_log - INFO - collect_errors() is not yet implemented for SPHInX
2026-07-20 18:20:27,070 - pyiron_log - INFO - collect_warnings() is not yet             implemented for SPHInX
2026-07-20 18:20:27,434 - pyiron_log - INFO - update master: 817 821 modal
2026-07-20 18:20:27,438 - pyiron_log - INFO - murn_job: finished job murn_job_0_96
2026-07-20 18:20:30,003 - pyiron_log - INFO - murn_job: run job murn_job_0_98
2026-07-20 18:20:30,011 - pyiron_log - INFO - run job: murn_job_0_98 id: None, status: initialized
2026-07-20 18:20:37,731 - pyiron_log - INFO - run job: murn_job_0_98 id: 822, status: created
2026-07-20 18:20:37,743 - pyiron_log - INFO - job: murn_job_0_98 id: 822, status: running, run job (modal)
2026-07-20 18:20:43,038 - pyiron_log - INFO - job: murn_job_0_98 id: 822, status: running, output: mkfifo: cannot create fifo 'sxctrl': Operation not supported
mkfifo: cannot create fifo 'sxres': Operation not supported

2026-07-20 18:20:43,047 - pyiron_log - INFO - run job: murn_job_0_98 id: 822, status: collect
2026-07-20 18:20:44,383 - pyiron_log - INFO - collect_errors() is not yet implemented for SPHInX
2026-07-20 18:20:44,384 - pyiron_log - INFO - collect_warnings() is not yet             implemented for SPHInX
2026-07-20 18:20:44,831 - pyiron_log - INFO - update master: 817 822 modal
2026-07-20 18:20:44,836 - pyiron_log - INFO - murn_job: finished job murn_job_0_98
2026-07-20 18:20:47,755 - pyiron_log - INFO - murn_job: run job murn_job_1_0
2026-07-20 18:20:47,762 - pyiron_log - INFO - run job: murn_job_1_0 id: None, status: initialized
2026-07-20 18:20:55,382 - pyiron_log - INFO - run job: murn_job_1_0 id: 823, status: created
2026-07-20 18:20:55,391 - pyiron_log - INFO - job: murn_job_1_0 id: 823, status: running, run job (modal)
2026-07-20 18:21:01,083 - pyiron_log - INFO - job: murn_job_1_0 id: 823, status: running, output: mkfifo: cannot create fifo 'sxctrl': Operation not supported
mkfifo: cannot create fifo 'sxres': Operation not supported

2026-07-20 18:21:01,095 - pyiron_log - INFO - run job: murn_job_1_0 id: 823, status: collect
2026-07-20 18:21:02,577 - pyiron_log - INFO - collect_errors() is not yet implemented for SPHInX
2026-07-20 18:21:02,577 - pyiron_log - INFO - collect_warnings() is not yet             implemented for SPHInX
2026-07-20 18:21:02,966 - pyiron_log - INFO - update master: 817 823 modal
2026-07-20 18:21:02,969 - pyiron_log - INFO - murn_job: finished job murn_job_1_0
2026-07-20 18:21:05,833 - pyiron_log - INFO - murn_job: run job murn_job_1_02
2026-07-20 18:21:05,839 - pyiron_log - INFO - run job: murn_job_1_02 id: None, status: initialized
2026-07-20 18:21:13,328 - pyiron_log - INFO - run job: murn_job_1_02 id: 824, status: created
2026-07-20 18:21:13,337 - pyiron_log - INFO - job: murn_job_1_02 id: 824, status: running, run job (modal)
2026-07-20 18:21:19,742 - pyiron_log - INFO - job: murn_job_1_02 id: 824, status: running, output: mkfifo: cannot create fifo 'sxctrl': Operation not supported
mkfifo: cannot create fifo 'sxres': Operation not supported

2026-07-20 18:21:19,753 - pyiron_log - INFO - run job: murn_job_1_02 id: 824, status: collect
2026-07-20 18:21:21,089 - pyiron_log - INFO - collect_errors() is not yet implemented for SPHInX
2026-07-20 18:21:21,090 - pyiron_log - INFO - collect_warnings() is not yet             implemented for SPHInX
2026-07-20 18:21:21,473 - pyiron_log - INFO - update master: 817 824 modal
2026-07-20 18:21:21,477 - pyiron_log - INFO - murn_job: finished job murn_job_1_02
2026-07-20 18:21:24,424 - pyiron_log - INFO - murn_job: run job murn_job_1_04
2026-07-20 18:21:24,432 - pyiron_log - INFO - run job: murn_job_1_04 id: None, status: initialized
2026-07-20 18:21:32,359 - pyiron_log - INFO - run job: murn_job_1_04 id: 825, status: created
2026-07-20 18:21:32,369 - pyiron_log - INFO - job: murn_job_1_04 id: 825, status: running, run job (modal)
2026-07-20 18:21:38,729 - pyiron_log - INFO - job: murn_job_1_04 id: 825, status: running, output: mkfifo: cannot create fifo 'sxctrl': Operation not supported
mkfifo: cannot create fifo 'sxres': Operation not supported

2026-07-20 18:21:38,743 - pyiron_log - INFO - run job: murn_job_1_04 id: 825, status: collect
2026-07-20 18:21:40,213 - pyiron_log - INFO - collect_errors() is not yet implemented for SPHInX
2026-07-20 18:21:40,213 - pyiron_log - INFO - collect_warnings() is not yet             implemented for SPHInX
2026-07-20 18:21:40,584 - pyiron_log - INFO - update master: 817 825 modal
2026-07-20 18:21:40,588 - pyiron_log - INFO - murn_job: finished job murn_job_1_04
2026-07-20 18:21:43,560 - pyiron_log - INFO - murn_job: run job murn_job_1_06
2026-07-20 18:21:43,569 - pyiron_log - INFO - run job: murn_job_1_06 id: None, status: initialized
2026-07-20 18:21:51,139 - pyiron_log - INFO - run job: murn_job_1_06 id: 826, status: created
2026-07-20 18:21:51,149 - pyiron_log - INFO - job: murn_job_1_06 id: 826, status: running, run job (modal)
2026-07-20 18:21:57,672 - pyiron_log - INFO - job: murn_job_1_06 id: 826, status: running, output: mkfifo: cannot create fifo 'sxctrl': Operation not supported
mkfifo: cannot create fifo 'sxres': Operation not supported

2026-07-20 18:21:57,681 - pyiron_log - INFO - run job: murn_job_1_06 id: 826, status: collect
2026-07-20 18:21:59,062 - pyiron_log - INFO - collect_errors() is not yet implemented for SPHInX
2026-07-20 18:21:59,062 - pyiron_log - INFO - collect_warnings() is not yet             implemented for SPHInX
2026-07-20 18:21:59,533 - pyiron_log - INFO - update master: 817 826 modal
2026-07-20 18:21:59,537 - pyiron_log - INFO - murn_job: finished job murn_job_1_06
2026-07-20 18:22:02,721 - pyiron_log - INFO - murn_job: run job murn_job_1_08
2026-07-20 18:22:02,728 - pyiron_log - INFO - run job: murn_job_1_08 id: None, status: initialized
2026-07-20 18:22:10,749 - pyiron_log - INFO - run job: murn_job_1_08 id: 827, status: created
2026-07-20 18:22:10,758 - pyiron_log - INFO - job: murn_job_1_08 id: 827, status: running, run job (modal)
2026-07-20 18:22:16,806 - pyiron_log - INFO - job: murn_job_1_08 id: 827, status: running, output: mkfifo: cannot create fifo 'sxctrl': Operation not supported
mkfifo: cannot create fifo 'sxres': Operation not supported

2026-07-20 18:22:16,815 - pyiron_log - INFO - run job: murn_job_1_08 id: 827, status: collect
2026-07-20 18:22:18,213 - pyiron_log - INFO - collect_errors() is not yet implemented for SPHInX
2026-07-20 18:22:18,213 - pyiron_log - INFO - collect_warnings() is not yet             implemented for SPHInX
2026-07-20 18:22:18,590 - pyiron_log - INFO - update master: 817 827 modal
2026-07-20 18:22:18,594 - pyiron_log - INFO - murn_job: finished job murn_job_1_08
2026-07-20 18:22:21,638 - pyiron_log - INFO - murn_job: run job murn_job_1_1
2026-07-20 18:22:21,646 - pyiron_log - INFO - run job: murn_job_1_1 id: None, status: initialized
2026-07-20 18:22:29,331 - pyiron_log - INFO - run job: murn_job_1_1 id: 828, status: created
2026-07-20 18:22:29,341 - pyiron_log - INFO - job: murn_job_1_1 id: 828, status: running, run job (modal)
2026-07-20 18:22:36,132 - pyiron_log - INFO - job: murn_job_1_1 id: 828, status: running, output: mkfifo: cannot create fifo 'sxctrl': Operation not supported
mkfifo: cannot create fifo 'sxres': Operation not supported

2026-07-20 18:22:36,143 - pyiron_log - INFO - run job: murn_job_1_1 id: 828, status: collect
2026-07-20 18:22:37,484 - pyiron_log - INFO - collect_errors() is not yet implemented for SPHInX
2026-07-20 18:22:37,484 - pyiron_log - INFO - collect_warnings() is not yet             implemented for SPHInX
2026-07-20 18:22:37,960 - pyiron_log - INFO - update master: 817 828 modal
2026-07-20 18:22:37,964 - pyiron_log - INFO - murn_job: finished job murn_job_1_1
2026-07-20 18:22:37,973 - pyiron_log - INFO - run job: murn_job id: 817, status: collect
2026-07-20 18:22:37,974 - pyiron_log - INFO - job: murn_job id: 817, status: collect, finished
2026-07-20 18:22:52,182 - pyiron_log - INFO - job: murn_job id: 817, status: finished, parallel master
2026-07-20 18:22:52,183 - pyiron_log - INFO - update master: None 817 modal
2026-07-20 18:22:52,271 - pyiron_log - INFO - run job: calc_potential id: None, status: initialized
2026-07-20 18:22:55,673 - pyiron_log - INFO - run job: calc_potential id: 829, status: created
2026-07-20 18:22:55,682 - pyiron_log - INFO - job: calc_potential id: 829, status: running, run job (modal)
2026-07-20 18:23:01,654 - pyiron_log - INFO - job: calc_potential id: 829, status: running, output: mkfifo: cannot create fifo 'sxctrl': Operation not supported
mkfifo: cannot create fifo 'sxres': Operation not supported

2026-07-20 18:23:01,668 - pyiron_log - INFO - run job: calc_potential id: 829, status: collect
2026-07-20 18:23:03,149 - pyiron_log - INFO - collect_errors() is not yet implemented for SPHInX
2026-07-20 18:23:03,149 - pyiron_log - INFO - collect_warnings() is not yet             implemented for SPHInX
2026-07-20 18:23:03,509 - pyiron_log - INFO - update master: None 829 modal
2026-07-20 18:23:03,861 - pyiron_log - INFO - run job: calc_energy_og id: None, status: initialized
2026-07-20 18:23:23,651 - pyiron_log - INFO - run job: calc_energy_og id: 830, status: created
2026-07-20 18:23:23,662 - pyiron_log - INFO - job: calc_energy_og id: 830, status: running, run job (modal)
2026-07-20 18:46:05,417 - pyiron_log - INFO - job: calc_energy_og id: 830, status: running, output: mkfifo: cannot create fifo 'sxctrl': Operation not supported
mkfifo: cannot create fifo 'sxres': Operation not supported

2026-07-20 18:46:05,428 - pyiron_log - INFO - run job: calc_energy_og id: 830, status: collect
2026-07-20 18:46:06,928 - pyiron_log - INFO - collect_errors() is not yet implemented for SPHInX
2026-07-20 18:46:06,928 - pyiron_log - INFO - collect_warnings() is not yet             implemented for SPHInX
2026-07-20 18:46:07,322 - pyiron_log - INFO - update master: None 830 modal
2026-07-20 18:46:07,888 - pyiron_log - INFO - run job: relax_defect id: None, status: initialized
2026-07-20 18:46:08,110 - pyiron_log - INFO - run job: relax_defect id: 831, status: created
2026-07-20 20:00:41,794 - pyiron_log - INFO - run job: calc_energy_defect id: None, status: initialized
2026-07-20 20:00:58,780 - pyiron_log - INFO - run job: calc_energy_defect id: 832, status: created
2026-07-20 20:00:58,790 - pyiron_log - INFO - job: calc_energy_defect id: 832, status: running, run job (modal)
2026-07-20 21:23:53,213 - pyiron_log - INFO - job: calc_energy_defect id: 832, status: running, output: mkfifo: cannot create fifo 'sxctrl': Operation not supported
mkfifo: cannot create fifo 'sxres': Operation not supported

2026-07-20 21:23:53,228 - pyiron_log - INFO - run job: calc_energy_defect id: 832, status: collect
2026-07-20 21:23:54,918 - pyiron_log - INFO - collect_errors() is not yet implemented for SPHInX
2026-07-20 21:23:54,919 - pyiron_log - INFO - collect_warnings() is not yet             implemented for SPHInX
2026-07-20 21:23:55,310 - pyiron_log - INFO - update master: None 832 modal
2026-07-21 08:46:33,228 - pyiron_log - INFO - run job: calc_energy_og id: None, status: initialized
2026-07-21 08:46:50,631 - pyiron_log - INFO - run job: calc_energy_og id: 833, status: created
2026-07-21 08:46:50,638 - pyiron_log - INFO - job: calc_energy_og id: 833, status: running, run job (modal)
2026-07-21 09:09:18,915 - pyiron_log - INFO - job: calc_energy_og id: 833, status: running, output: mkfifo: cannot create fifo 'sxctrl': Operation not supported
mkfifo: cannot create fifo 'sxres': Operation not supported

2026-07-21 09:09:18,926 - pyiron_log - INFO - run job: calc_energy_og id: 833, status: collect
2026-07-21 09:09:20,502 - pyiron_log - INFO - collect_errors() is not yet implemented for SPHInX
2026-07-21 09:09:20,502 - pyiron_log - INFO - collect_warnings() is not yet             implemented for SPHInX
2026-07-21 09:09:20,895 - pyiron_log - INFO - update master: None 833 modal
2026-07-21 09:09:21,205 - pyiron_log - INFO - run job: calc_potential id: None, status: initialized
2026-07-21 09:09:24,275 - pyiron_log - INFO - run job: calc_potential id: 834, status: created
2026-07-21 09:09:24,285 - pyiron_log - INFO - job: calc_potential id: 834, status: running, run job (modal)
2026-07-21 09:09:29,803 - pyiron_log - INFO - job: calc_potential id: 834, status: running, output: mkfifo: cannot create fifo 'sxctrl': Operation not supported
mkfifo: cannot create fifo 'sxres': Operation not supported

2026-07-21 09:09:29,815 - pyiron_log - INFO - run job: calc_potential id: 834, status: collect
2026-07-21 09:09:31,002 - pyiron_log - INFO - collect_errors() is not yet implemented for SPHInX
2026-07-21 09:09:31,002 - pyiron_log - INFO - collect_warnings() is not yet             implemented for SPHInX
2026-07-21 09:09:31,339 - pyiron_log - INFO - update master: None 834 modal
2026-07-21 09:09:31,609 - pyiron_log - INFO - run job: relax_defect id: None, status: initialized
2026-07-21 09:09:48,901 - pyiron_log - INFO - run job: relax_defect id: 835, status: created
2026-07-21 09:09:48,911 - pyiron_log - INFO - job: relax_defect id: 835, status: running, run job (modal)
2026-07-21 12:02:50,289 - pyiron_log - INFO - job: relax_defect id: 835, status: running, output: mkfifo: cannot create fifo 'sxctrl': Operation not supported
mkfifo: cannot create fifo 'sxres': Operation not supported

2026-07-21 12:02:50,314 - pyiron_log - INFO - run job: relax_defect id: 835, status: collect
2026-07-21 12:02:52,803 - pyiron_log - INFO - collect_errors() is not yet implemented for SPHInX
2026-07-21 12:02:52,804 - pyiron_log - INFO - collect_warnings() is not yet             implemented for SPHInX
2026-07-21 12:02:53,320 - pyiron_log - INFO - update master: None 835 modal
2026-07-21 12:02:54,958 - pyiron_log - WARNING - Could not access indices, returning None!
2026-07-21 12:02:55,377 - pyiron_log - WARNING - Could not access indices, returning None!
2026-07-21 12:02:56,039 - pyiron_log - INFO - run job: calc_energy_defect id: None, status: initialized
2026-07-21 12:03:21,400 - pyiron_log - INFO - run job: calc_energy_defect id: 836, status: created
2026-07-21 12:03:21,416 - pyiron_log - INFO - job: calc_energy_defect id: 836, status: running, run job (modal)
2026-07-21 13:40:40,265 - pyiron_log - INFO - job: calc_energy_defect id: 836, status: running, output: mkfifo: cannot create fifo 'sxctrl': Operation not supported
mkfifo: cannot create fifo 'sxres': Operation not supported

2026-07-21 13:40:40,277 - pyiron_log - INFO - run job: calc_energy_defect id: 836, status: collect
2026-07-21 13:40:42,778 - pyiron_log - INFO - collect_errors() is not yet implemented for SPHInX
2026-07-21 13:40:42,779 - pyiron_log - INFO - collect_warnings() is not yet             implemented for SPHInX
2026-07-21 13:40:43,374 - pyiron_log - INFO - update master: None 836 modal
2026-07-21 13:40:44,009 - pyiron_log - INFO - run job: murn_job id: None, status: initialized
2026-07-21 13:40:46,186 - pyiron_log - INFO - run job: murn_job id: 837, status: created
2026-07-21 13:40:46,194 - pyiron_log - INFO - job: murn_job id: 837 run parallel master (modal)
2026-07-21 13:40:51,009 - pyiron_log - INFO - murn_job: run job murn_job_0_9
2026-07-21 13:40:51,018 - pyiron_log - INFO - run job: murn_job_0_9 id: None, status: initialized
2026-07-21 13:41:01,016 - pyiron_log - INFO - run job: murn_job_0_9 id: 838, status: created
2026-07-21 13:41:01,029 - pyiron_log - INFO - job: murn_job_0_9 id: 838, status: running, run job (modal)
2026-07-21 13:41:07,634 - pyiron_log - INFO - job: murn_job_0_9 id: 838, status: running, output: mkfifo: cannot create fifo 'sxctrl': Operation not supported
mkfifo: cannot create fifo 'sxres': Operation not supported

2026-07-21 13:41:07,653 - pyiron_log - INFO - run job: murn_job_0_9 id: 838, status: collect
2026-07-21 13:41:09,659 - pyiron_log - INFO - collect_errors() is not yet implemented for SPHInX
2026-07-21 13:41:09,660 - pyiron_log - INFO - collect_warnings() is not yet             implemented for SPHInX
2026-07-21 13:41:10,302 - pyiron_log - INFO - update master: 837 838 modal
2026-07-21 13:41:10,308 - pyiron_log - INFO - murn_job: finished job murn_job_0_9
2026-07-21 13:41:14,507 - pyiron_log - INFO - murn_job: run job murn_job_0_92
2026-07-21 13:41:14,514 - pyiron_log - INFO - run job: murn_job_0_92 id: None, status: initialized
2026-07-21 13:41:24,897 - pyiron_log - INFO - run job: murn_job_0_92 id: 839, status: created
2026-07-21 13:41:24,909 - pyiron_log - INFO - job: murn_job_0_92 id: 839, status: running, run job (modal)
2026-07-21 13:41:32,161 - pyiron_log - INFO - job: murn_job_0_92 id: 839, status: running, output: mkfifo: cannot create fifo 'sxctrl': Operation not supported
mkfifo: cannot create fifo 'sxres': Operation not supported

2026-07-21 13:41:32,172 - pyiron_log - INFO - run job: murn_job_0_92 id: 839, status: collect
2026-07-21 13:41:33,659 - pyiron_log - INFO - collect_errors() is not yet implemented for SPHInX
2026-07-21 13:41:33,660 - pyiron_log - INFO - collect_warnings() is not yet             implemented for SPHInX
2026-07-21 13:41:34,190 - pyiron_log - INFO - update master: 837 839 modal
2026-07-21 13:41:34,194 - pyiron_log - INFO - murn_job: finished job murn_job_0_92
2026-07-21 13:41:38,170 - pyiron_log - INFO - murn_job: run job murn_job_0_94
2026-07-21 13:41:38,178 - pyiron_log - INFO - run job: murn_job_0_94 id: None, status: initialized
2026-07-21 13:41:47,387 - pyiron_log - INFO - run job: murn_job_0_94 id: 840, status: created
2026-07-21 13:41:47,407 - pyiron_log - INFO - job: murn_job_0_94 id: 840, status: running, run job (modal)
2026-07-21 13:41:55,256 - pyiron_log - INFO - job: murn_job_0_94 id: 840, status: running, output: mkfifo: cannot create fifo 'sxctrl': Operation not supported
mkfifo: cannot create fifo 'sxres': Operation not supported

2026-07-21 13:41:55,273 - pyiron_log - INFO - run job: murn_job_0_94 id: 840, status: collect
2026-07-21 13:41:57,482 - pyiron_log - INFO - collect_errors() is not yet implemented for SPHInX
2026-07-21 13:41:57,483 - pyiron_log - INFO - collect_warnings() is not yet             implemented for SPHInX
2026-07-21 13:41:58,182 - pyiron_log - INFO - update master: 837 840 modal
2026-07-21 13:41:58,188 - pyiron_log - INFO - murn_job: finished job murn_job_0_94
2026-07-21 13:42:02,114 - pyiron_log - INFO - murn_job: run job murn_job_0_96
2026-07-21 13:42:02,119 - pyiron_log - INFO - run job: murn_job_0_96 id: None, status: initialized
2026-07-21 13:42:10,807 - pyiron_log - INFO - run job: murn_job_0_96 id: 841, status: created
2026-07-21 13:42:10,818 - pyiron_log - INFO - job: murn_job_0_96 id: 841, status: running, run job (modal)
2026-07-21 13:42:17,097 - pyiron_log - INFO - job: murn_job_0_96 id: 841, status: running, output: mkfifo: cannot create fifo 'sxctrl': Operation not supported
mkfifo: cannot create fifo 'sxres': Operation not supported

2026-07-21 13:42:17,113 - pyiron_log - INFO - run job: murn_job_0_96 id: 841, status: collect
2026-07-21 13:42:18,580 - pyiron_log - INFO - collect_errors() is not yet implemented for SPHInX
2026-07-21 13:42:18,581 - pyiron_log - INFO - collect_warnings() is not yet             implemented for SPHInX
2026-07-21 13:42:18,989 - pyiron_log - INFO - update master: 837 841 modal
2026-07-21 13:42:18,992 - pyiron_log - INFO - murn_job: finished job murn_job_0_96
2026-07-21 13:42:23,019 - pyiron_log - INFO - murn_job: run job murn_job_0_98
2026-07-21 13:42:23,026 - pyiron_log - INFO - run job: murn_job_0_98 id: None, status: initialized
2026-07-21 13:42:32,930 - pyiron_log - INFO - run job: murn_job_0_98 id: 842, status: created
2026-07-21 13:42:32,952 - pyiron_log - INFO - job: murn_job_0_98 id: 842, status: running, run job (modal)
2026-07-21 13:42:40,258 - pyiron_log - INFO - job: murn_job_0_98 id: 842, status: running, output: mkfifo: cannot create fifo 'sxctrl': Operation not supported
mkfifo: cannot create fifo 'sxres': Operation not supported

2026-07-21 13:42:40,271 - pyiron_log - INFO - run job: murn_job_0_98 id: 842, status: collect
2026-07-21 13:42:42,001 - pyiron_log - INFO - collect_errors() is not yet implemented for SPHInX
2026-07-21 13:42:42,001 - pyiron_log - INFO - collect_warnings() is not yet             implemented for SPHInX
2026-07-21 13:42:42,371 - pyiron_log - INFO - update master: 837 842 modal
2026-07-21 13:42:42,376 - pyiron_log - INFO - murn_job: finished job murn_job_0_98
2026-07-21 13:42:45,828 - pyiron_log - INFO - murn_job: run job murn_job_1_0
2026-07-21 13:42:45,836 - pyiron_log - INFO - run job: murn_job_1_0 id: None, status: initialized
2026-07-21 13:42:54,553 - pyiron_log - INFO - run job: murn_job_1_0 id: 843, status: created
2026-07-21 13:42:54,564 - pyiron_log - INFO - job: murn_job_1_0 id: 843, status: running, run job (modal)
2026-07-21 13:43:02,270 - pyiron_log - INFO - job: murn_job_1_0 id: 843, status: running, output: mkfifo: cannot create fifo 'sxctrl': Operation not supported
mkfifo: cannot create fifo 'sxres': Operation not supported

2026-07-21 13:43:02,285 - pyiron_log - INFO - run job: murn_job_1_0 id: 843, status: collect
2026-07-21 13:43:04,208 - pyiron_log - INFO - collect_errors() is not yet implemented for SPHInX
2026-07-21 13:43:04,209 - pyiron_log - INFO - collect_warnings() is not yet             implemented for SPHInX
2026-07-21 13:43:04,745 - pyiron_log - INFO - update master: 837 843 modal
2026-07-21 13:43:04,749 - pyiron_log - INFO - murn_job: finished job murn_job_1_0
2026-07-21 13:43:08,533 - pyiron_log - INFO - murn_job: run job murn_job_1_02
2026-07-21 13:43:08,542 - pyiron_log - INFO - run job: murn_job_1_02 id: None, status: initialized
2026-07-21 13:43:17,131 - pyiron_log - INFO - run job: murn_job_1_02 id: 844, status: created
2026-07-21 13:43:17,142 - pyiron_log - INFO - job: murn_job_1_02 id: 844, status: running, run job (modal)
2026-07-21 13:43:24,391 - pyiron_log - INFO - job: murn_job_1_02 id: 844, status: running, output: mkfifo: cannot create fifo 'sxctrl': Operation not supported
mkfifo: cannot create fifo 'sxres': Operation not supported

2026-07-21 13:43:24,402 - pyiron_log - INFO - run job: murn_job_1_02 id: 844, status: collect
2026-07-21 13:43:25,795 - pyiron_log - INFO - collect_errors() is not yet implemented for SPHInX
2026-07-21 13:43:25,795 - pyiron_log - INFO - collect_warnings() is not yet             implemented for SPHInX
2026-07-21 13:43:26,170 - pyiron_log - INFO - update master: 837 844 modal
2026-07-21 13:43:26,174 - pyiron_log - INFO - murn_job: finished job murn_job_1_02
2026-07-21 13:43:29,563 - pyiron_log - INFO - murn_job: run job murn_job_1_04
2026-07-21 13:43:29,573 - pyiron_log - INFO - run job: murn_job_1_04 id: None, status: initialized
2026-07-21 13:43:38,391 - pyiron_log - INFO - run job: murn_job_1_04 id: 845, status: created
2026-07-21 13:43:38,402 - pyiron_log - INFO - job: murn_job_1_04 id: 845, status: running, run job (modal)
2026-07-21 13:43:45,429 - pyiron_log - INFO - job: murn_job_1_04 id: 845, status: running, output: mkfifo: cannot create fifo 'sxctrl': Operation not supported
mkfifo: cannot create fifo 'sxres': Operation not supported

2026-07-21 13:43:45,441 - pyiron_log - INFO - run job: murn_job_1_04 id: 845, status: collect
2026-07-21 13:43:47,437 - pyiron_log - INFO - collect_errors() is not yet implemented for SPHInX
2026-07-21 13:43:47,438 - pyiron_log - INFO - collect_warnings() is not yet             implemented for SPHInX
2026-07-21 13:43:48,031 - pyiron_log - INFO - update master: 837 845 modal
2026-07-21 13:43:48,037 - pyiron_log - INFO - murn_job: finished job murn_job_1_04
2026-07-21 13:43:52,286 - pyiron_log - INFO - murn_job: run job murn_job_1_06
2026-07-21 13:43:52,292 - pyiron_log - INFO - run job: murn_job_1_06 id: None, status: initialized
2026-07-21 13:44:02,607 - pyiron_log - INFO - run job: murn_job_1_06 id: 846, status: created
2026-07-21 13:44:02,617 - pyiron_log - INFO - job: murn_job_1_06 id: 846, status: running, run job (modal)
2026-07-21 13:44:09,726 - pyiron_log - INFO - job: murn_job_1_06 id: 846, status: running, output: mkfifo: cannot create fifo 'sxctrl': Operation not supported
mkfifo: cannot create fifo 'sxres': Operation not supported

2026-07-21 13:44:09,736 - pyiron_log - INFO - run job: murn_job_1_06 id: 846, status: collect
2026-07-21 13:44:11,183 - pyiron_log - INFO - collect_errors() is not yet implemented for SPHInX
2026-07-21 13:44:11,184 - pyiron_log - INFO - collect_warnings() is not yet             implemented for SPHInX
2026-07-21 13:44:11,716 - pyiron_log - INFO - update master: 837 846 modal
2026-07-21 13:44:11,720 - pyiron_log - INFO - murn_job: finished job murn_job_1_06
2026-07-21 13:44:14,945 - pyiron_log - INFO - murn_job: run job murn_job_1_08
2026-07-21 13:44:14,954 - pyiron_log - INFO - run job: murn_job_1_08 id: None, status: initialized
2026-07-21 13:44:24,215 - pyiron_log - INFO - run job: murn_job_1_08 id: 847, status: created
2026-07-21 13:44:24,226 - pyiron_log - INFO - job: murn_job_1_08 id: 847, status: running, run job (modal)
2026-07-21 13:44:31,204 - pyiron_log - INFO - job: murn_job_1_08 id: 847, status: running, output: mkfifo: cannot create fifo 'sxctrl': Operation not supported
mkfifo: cannot create fifo 'sxres': Operation not supported

2026-07-21 13:44:31,213 - pyiron_log - INFO - run job: murn_job_1_08 id: 847, status: collect
2026-07-21 13:44:32,735 - pyiron_log - INFO - collect_errors() is not yet implemented for SPHInX
2026-07-21 13:44:32,735 - pyiron_log - INFO - collect_warnings() is not yet             implemented for SPHInX
2026-07-21 13:44:33,207 - pyiron_log - INFO - update master: 837 847 modal
2026-07-21 13:44:33,212 - pyiron_log - INFO - murn_job: finished job murn_job_1_08
2026-07-21 13:44:37,372 - pyiron_log - INFO - murn_job: run job murn_job_1_1
2026-07-21 13:44:37,378 - pyiron_log - INFO - run job: murn_job_1_1 id: None, status: initialized
2026-07-21 13:44:46,950 - pyiron_log - INFO - run job: murn_job_1_1 id: 848, status: created
2026-07-21 13:44:46,963 - pyiron_log - INFO - job: murn_job_1_1 id: 848, status: running, run job (modal)
2026-07-21 13:44:54,762 - pyiron_log - INFO - job: murn_job_1_1 id: 848, status: running, output: mkfifo: cannot create fifo 'sxctrl': Operation not supported
mkfifo: cannot create fifo 'sxres': Operation not supported

2026-07-21 13:44:54,779 - pyiron_log - INFO - run job: murn_job_1_1 id: 848, status: collect
2026-07-21 13:44:56,795 - pyiron_log - INFO - collect_errors() is not yet implemented for SPHInX
2026-07-21 13:44:56,796 - pyiron_log - INFO - collect_warnings() is not yet             implemented for SPHInX
2026-07-21 13:44:57,381 - pyiron_log - INFO - update master: 837 848 modal
2026-07-21 13:44:57,386 - pyiron_log - INFO - murn_job: finished job murn_job_1_1
2026-07-21 13:44:57,397 - pyiron_log - INFO - run job: murn_job id: 837, status: collect
2026-07-21 13:44:57,399 - pyiron_log - INFO - job: murn_job id: 837, status: collect, finished
2026-07-21 13:45:13,742 - pyiron_log - INFO - job: murn_job id: 837, status: finished, parallel master
2026-07-21 13:45:13,744 - pyiron_log - INFO - update master: None 837 modal
2026-07-21 15:34:26,849 - pyiron_log - INFO - run job: calc_potential id: None, status: initialized
2026-07-21 15:34:26,985 - pyiron_log - INFO - run job: calc_potential id: 849, status: created
2026-07-21 15:34:38,302 - pyiron_log - INFO - run job: calc_energy_og id: None, status: initialized
2026-07-21 15:34:38,403 - pyiron_log - INFO - run job: calc_energy_og id: 850, status: created
2026-07-21 16:11:50,850 - pyiron_log - INFO - run job: relax_defect id: None, status: initialized
2026-07-21 16:12:09,529 - pyiron_log - INFO - run job: relax_defect id: 851, status: created
2026-07-21 16:12:09,542 - pyiron_log - INFO - job: relax_defect id: 851, status: running, run job (modal)
2026-07-21 19:04:32,089 - pyiron_log - INFO - job: relax_defect id: 851, status: running, output: mkfifo: cannot create fifo 'sxctrl': Operation not supported
mkfifo: cannot create fifo 'sxres': Operation not supported

2026-07-21 19:04:32,102 - pyiron_log - INFO - run job: relax_defect id: 851, status: collect
2026-07-21 19:04:33,974 - pyiron_log - INFO - collect_errors() is not yet implemented for SPHInX
2026-07-21 19:04:33,975 - pyiron_log - INFO - collect_warnings() is not yet             implemented for SPHInX
2026-07-21 19:04:34,355 - pyiron_log - INFO - update master: None 851 modal
2026-07-21 19:04:35,456 - pyiron_log - WARNING - Could not access indices, returning None!
2026-07-21 19:04:35,925 - pyiron_log - WARNING - Could not access indices, returning None!
2026-07-21 19:04:36,535 - pyiron_log - INFO - run job: calc_energy_defect id: None, status: initialized
2026-07-21 19:04:36,719 - pyiron_log - INFO - run job: calc_energy_defect id: 852, status: created
2026-07-21 20:28:05,822 - pyiron_log - INFO - run job: murn_job id: None, status: initialized
2026-07-21 20:28:06,209 - pyiron_log - INFO - run job: murn_job id: 853, status: created
2026-07-21 20:28:06,215 - pyiron_log - INFO - job: murn_job id: 853 run parallel master (modal)
2026-07-21 20:28:06,813 - pyiron_log - INFO - murn_job: run job murn_job_0_9
2026-07-21 20:28:06,821 - pyiron_log - INFO - run job: murn_job_0_9 id: None, status: initialized
2026-07-21 20:28:07,044 - pyiron_log - INFO - run job: murn_job_0_9 id: 854, status: created
2026-07-21 20:28:21,159 - pyiron_log - INFO - murn_job: finished job murn_job_0_9
2026-07-21 20:28:21,595 - pyiron_log - INFO - murn_job: run job murn_job_0_92
2026-07-21 20:28:21,601 - pyiron_log - INFO - run job: murn_job_0_92 id: None, status: initialized
2026-07-21 20:28:21,806 - pyiron_log - INFO - run job: murn_job_0_92 id: 855, status: created
2026-07-21 20:28:34,165 - pyiron_log - INFO - murn_job: finished job murn_job_0_92
2026-07-21 20:28:34,610 - pyiron_log - INFO - murn_job: run job murn_job_0_94
2026-07-21 20:28:34,618 - pyiron_log - INFO - run job: murn_job_0_94 id: None, status: initialized
2026-07-21 20:28:34,792 - pyiron_log - INFO - run job: murn_job_0_94 id: 856, status: created
2026-07-21 20:28:46,934 - pyiron_log - INFO - murn_job: finished job murn_job_0_94
2026-07-21 20:28:47,361 - pyiron_log - INFO - murn_job: run job murn_job_0_96
2026-07-21 20:28:47,372 - pyiron_log - INFO - run job: murn_job_0_96 id: None, status: initialized
2026-07-21 20:28:47,578 - pyiron_log - INFO - run job: murn_job_0_96 id: 857, status: created
2026-07-21 20:29:03,146 - pyiron_log - INFO - murn_job: finished job murn_job_0_96
2026-07-21 20:29:03,685 - pyiron_log - INFO - murn_job: run job murn_job_0_98
2026-07-21 20:29:03,693 - pyiron_log - INFO - run job: murn_job_0_98 id: None, status: initialized
2026-07-21 20:29:03,919 - pyiron_log - INFO - run job: murn_job_0_98 id: 858, status: created
2026-07-21 20:29:16,977 - pyiron_log - INFO - murn_job: finished job murn_job_0_98
2026-07-21 20:29:17,373 - pyiron_log - INFO - murn_job: run job murn_job_1_0
2026-07-21 20:29:17,381 - pyiron_log - INFO - run job: murn_job_1_0 id: None, status: initialized
2026-07-21 20:29:17,531 - pyiron_log - INFO - run job: murn_job_1_0 id: 859, status: created
2026-07-21 20:29:30,586 - pyiron_log - INFO - murn_job: finished job murn_job_1_0
2026-07-21 20:29:31,017 - pyiron_log - INFO - murn_job: run job murn_job_1_02
2026-07-21 20:29:31,023 - pyiron_log - INFO - run job: murn_job_1_02 id: None, status: initialized
2026-07-21 20:29:31,220 - pyiron_log - INFO - run job: murn_job_1_02 id: 860, status: created
2026-07-21 20:29:44,454 - pyiron_log - INFO - murn_job: finished job murn_job_1_02
2026-07-21 20:29:44,914 - pyiron_log - INFO - murn_job: run job murn_job_1_04
2026-07-21 20:29:44,921 - pyiron_log - INFO - run job: murn_job_1_04 id: None, status: initialized
2026-07-21 20:29:45,087 - pyiron_log - INFO - run job: murn_job_1_04 id: 861, status: created
2026-07-21 20:29:54,779 - pyiron_log - INFO - murn_job: finished job murn_job_1_04
2026-07-21 20:29:55,180 - pyiron_log - INFO - murn_job: run job murn_job_1_06
2026-07-21 20:29:55,191 - pyiron_log - INFO - run job: murn_job_1_06 id: None, status: initialized
2026-07-21 20:29:55,345 - pyiron_log - INFO - run job: murn_job_1_06 id: 862, status: created
2026-07-21 20:30:06,428 - pyiron_log - INFO - murn_job: finished job murn_job_1_06
2026-07-21 20:30:06,935 - pyiron_log - INFO - murn_job: run job murn_job_1_08
2026-07-21 20:30:06,942 - pyiron_log - INFO - run job: murn_job_1_08 id: None, status: initialized
2026-07-21 20:30:07,125 - pyiron_log - INFO - run job: murn_job_1_08 id: 863, status: created
2026-07-21 20:30:18,368 - pyiron_log - INFO - murn_job: finished job murn_job_1_08
2026-07-21 20:30:18,767 - pyiron_log - INFO - murn_job: run job murn_job_1_1
2026-07-21 20:30:18,781 - pyiron_log - INFO - run job: murn_job_1_1 id: None, status: initialized
2026-07-21 20:30:18,946 - pyiron_log - INFO - run job: murn_job_1_1 id: 864, status: created
2026-07-21 20:30:28,934 - pyiron_log - INFO - murn_job: finished job murn_job_1_1
2026-07-21 20:30:28,944 - pyiron_log - INFO - run job: murn_job id: 853, status: collect
2026-07-21 20:30:28,945 - pyiron_log - INFO - job: murn_job id: 853, status: collect, finished
2026-07-21 20:30:30,128 - pyiron_log - INFO - job: murn_job id: 853, status: finished, parallel master
2026-07-21 20:30:30,131 - pyiron_log - INFO - update master: None 853 modal
2026-07-22 11:34:13,964 - pyiron_log - INFO - run job: calc_potential id: None, status: initialized
2026-07-22 11:34:14,110 - pyiron_log - INFO - run job: calc_potential id: 865, status: created
2026-07-22 11:34:26,121 - pyiron_log - INFO - run job: relax_defect id: None, status: initialized
2026-07-22 11:34:26,240 - pyiron_log - INFO - run job: relax_defect id: 866, status: created
2026-07-22 12:46:55,085 - pyiron_log - INFO - run job: calc_energy_og id: None, status: initialized
2026-07-22 12:46:55,210 - pyiron_log - INFO - run job: calc_energy_og id: 867, status: created
2026-07-22 13:18:58,657 - pyiron_log - INFO - run job: calc_energy_defect id: None, status: initialized
2026-07-22 13:18:58,781 - pyiron_log - INFO - run job: calc_energy_defect id: 868, status: created
2026-07-22 14:28:59,470 - pyiron_log - INFO - run job: murn_job id: None, status: initialized
2026-07-22 14:28:59,711 - pyiron_log - INFO - run job: murn_job id: 869, status: created
2026-07-22 14:28:59,715 - pyiron_log - INFO - job: murn_job id: 869 run parallel master (modal)
2026-07-22 14:29:00,093 - pyiron_log - INFO - murn_job: run job murn_job_0_9
2026-07-22 14:29:00,099 - pyiron_log - INFO - run job: murn_job_0_9 id: None, status: initialized
2026-07-22 14:29:00,225 - pyiron_log - INFO - run job: murn_job_0_9 id: 870, status: created
2026-07-22 14:29:08,624 - pyiron_log - INFO - murn_job: finished job murn_job_0_9
2026-07-22 14:29:08,944 - pyiron_log - INFO - murn_job: run job murn_job_0_92
2026-07-22 14:29:08,949 - pyiron_log - INFO - run job: murn_job_0_92 id: None, status: initialized
2026-07-22 14:29:09,082 - pyiron_log - INFO - run job: murn_job_0_92 id: 871, status: created
2026-07-22 14:29:17,605 - pyiron_log - INFO - murn_job: finished job murn_job_0_92
2026-07-22 14:29:17,913 - pyiron_log - INFO - murn_job: run job murn_job_0_94
2026-07-22 14:29:17,919 - pyiron_log - INFO - run job: murn_job_0_94 id: None, status: initialized
2026-07-22 14:29:18,041 - pyiron_log - INFO - run job: murn_job_0_94 id: 872, status: created
2026-07-22 14:29:26,213 - pyiron_log - INFO - murn_job: finished job murn_job_0_94
2026-07-22 14:29:26,519 - pyiron_log - INFO - murn_job: run job murn_job_0_96
2026-07-22 14:29:26,524 - pyiron_log - INFO - run job: murn_job_0_96 id: None, status: initialized
2026-07-22 14:29:26,643 - pyiron_log - INFO - run job: murn_job_0_96 id: 873, status: created
2026-07-22 14:29:35,283 - pyiron_log - INFO - murn_job: finished job murn_job_0_96
2026-07-22 14:29:35,631 - pyiron_log - INFO - murn_job: run job murn_job_0_98
2026-07-22 14:29:35,637 - pyiron_log - INFO - run job: murn_job_0_98 id: None, status: initialized
2026-07-22 14:29:35,766 - pyiron_log - INFO - run job: murn_job_0_98 id: 874, status: created
2026-07-22 14:29:44,654 - pyiron_log - INFO - murn_job: finished job murn_job_0_98
2026-07-22 14:29:44,984 - pyiron_log - INFO - murn_job: run job murn_job_1_0
2026-07-22 14:29:44,994 - pyiron_log - INFO - run job: murn_job_1_0 id: None, status: initialized
2026-07-22 14:29:45,109 - pyiron_log - INFO - run job: murn_job_1_0 id: 875, status: created
2026-07-22 14:29:53,612 - pyiron_log - INFO - murn_job: finished job murn_job_1_0
2026-07-22 14:29:53,941 - pyiron_log - INFO - murn_job: run job murn_job_1_02
2026-07-22 14:29:53,947 - pyiron_log - INFO - run job: murn_job_1_02 id: None, status: initialized
2026-07-22 14:29:54,083 - pyiron_log - INFO - run job: murn_job_1_02 id: 876, status: created
2026-07-22 14:30:02,562 - pyiron_log - INFO - murn_job: finished job murn_job_1_02
2026-07-22 14:30:02,880 - pyiron_log - INFO - murn_job: run job murn_job_1_04
2026-07-22 14:30:02,885 - pyiron_log - INFO - run job: murn_job_1_04 id: None, status: initialized
2026-07-22 14:30:03,010 - pyiron_log - INFO - run job: murn_job_1_04 id: 877, status: created
2026-07-22 14:30:10,497 - pyiron_log - INFO - murn_job: finished job murn_job_1_04
2026-07-22 14:30:10,825 - pyiron_log - INFO - murn_job: run job murn_job_1_06
2026-07-22 14:30:10,831 - pyiron_log - INFO - run job: murn_job_1_06 id: None, status: initialized
2026-07-22 14:30:10,953 - pyiron_log - INFO - run job: murn_job_1_06 id: 878, status: created
2026-07-22 14:30:18,833 - pyiron_log - INFO - murn_job: finished job murn_job_1_06
2026-07-22 14:30:19,176 - pyiron_log - INFO - murn_job: run job murn_job_1_08
2026-07-22 14:30:19,186 - pyiron_log - INFO - run job: murn_job_1_08 id: None, status: initialized
2026-07-22 14:30:19,305 - pyiron_log - INFO - run job: murn_job_1_08 id: 879, status: created
2026-07-22 14:30:27,110 - pyiron_log - INFO - murn_job: finished job murn_job_1_08
2026-07-22 14:30:27,453 - pyiron_log - INFO - murn_job: run job murn_job_1_1
2026-07-22 14:30:27,463 - pyiron_log - INFO - run job: murn_job_1_1 id: None, status: initialized
2026-07-22 14:30:27,590 - pyiron_log - INFO - run job: murn_job_1_1 id: 880, status: created
2026-07-22 14:30:36,176 - pyiron_log - INFO - murn_job: finished job murn_job_1_1
2026-07-22 14:30:36,185 - pyiron_log - INFO - run job: murn_job id: 869, status: collect
2026-07-22 14:30:36,186 - pyiron_log - INFO - job: murn_job id: 869, status: collect, finished
2026-07-22 14:30:37,114 - pyiron_log - INFO - job: murn_job id: 869, status: finished, parallel master
2026-07-22 14:30:37,115 - pyiron_log - INFO - update master: None 869 modal
2026-07-23 08:23:25,025 - pyiron_log - INFO - run job: murn_job id: None, status: initialized
2026-07-23 08:23:30,119 - pyiron_log - INFO - run job: murn_job id: 881, status: created
2026-07-23 08:23:30,160 - pyiron_log - INFO - job: murn_job id: 881 run parallel master (modal)
2026-07-23 08:23:39,135 - pyiron_log - INFO - murn_job: run job murn_job_0_9
2026-07-23 08:23:39,144 - pyiron_log - INFO - run job: murn_job_0_9 id: None, status: initialized
2026-07-23 08:23:48,518 - pyiron_log - INFO - run job: murn_job_0_9 id: 882, status: created
2026-07-23 08:23:48,529 - pyiron_log - INFO - job: murn_job_0_9 id: 882, status: running, run job (modal)
2026-07-23 08:23:52,801 - pyiron_log - INFO - job: murn_job_0_9 id: 882, status: running, output: mkfifo: cannot create fifo 'sxctrl': Operation not supported
mkfifo: cannot create fifo 'sxres': Operation not supported

2026-07-23 08:23:52,812 - pyiron_log - INFO - run job: murn_job_0_9 id: 882, status: collect
2026-07-23 08:23:54,168 - pyiron_log - INFO - collect_errors() is not yet implemented for SPHInX
2026-07-23 08:23:54,168 - pyiron_log - INFO - collect_warnings() is not yet             implemented for SPHInX
2026-07-23 08:23:54,580 - pyiron_log - INFO - update master: 881 882 modal
2026-07-23 08:23:54,585 - pyiron_log - INFO - murn_job: finished job murn_job_0_9
2026-07-23 08:23:57,187 - pyiron_log - INFO - murn_job: run job murn_job_0_92
2026-07-23 08:23:57,195 - pyiron_log - INFO - run job: murn_job_0_92 id: None, status: initialized
2026-07-23 08:24:03,836 - pyiron_log - INFO - run job: murn_job_0_92 id: 883, status: created
2026-07-23 08:24:03,844 - pyiron_log - INFO - job: murn_job_0_92 id: 883, status: running, run job (modal)
2026-07-23 08:24:08,967 - pyiron_log - INFO - job: murn_job_0_92 id: 883, status: running, output: mkfifo: cannot create fifo 'sxctrl': Operation not supported
mkfifo: cannot create fifo 'sxres': Operation not supported

2026-07-23 08:24:08,975 - pyiron_log - INFO - run job: murn_job_0_92 id: 883, status: collect
2026-07-23 08:24:10,027 - pyiron_log - INFO - collect_errors() is not yet implemented for SPHInX
2026-07-23 08:24:10,027 - pyiron_log - INFO - collect_warnings() is not yet             implemented for SPHInX
2026-07-23 08:24:10,315 - pyiron_log - INFO - update master: 881 883 modal
2026-07-23 08:24:10,319 - pyiron_log - INFO - murn_job: finished job murn_job_0_92
2026-07-23 08:24:12,675 - pyiron_log - INFO - murn_job: run job murn_job_0_94
2026-07-23 08:24:12,683 - pyiron_log - INFO - run job: murn_job_0_94 id: None, status: initialized
2026-07-23 08:24:18,993 - pyiron_log - INFO - run job: murn_job_0_94 id: 884, status: created
2026-07-23 08:24:19,000 - pyiron_log - INFO - job: murn_job_0_94 id: 884, status: running, run job (modal)
2026-07-23 08:24:24,158 - pyiron_log - INFO - job: murn_job_0_94 id: 884, status: running, output: mkfifo: cannot create fifo 'sxctrl': Operation not supported
mkfifo: cannot create fifo 'sxres': Operation not supported

2026-07-23 08:24:24,165 - pyiron_log - INFO - run job: murn_job_0_94 id: 884, status: collect
2026-07-23 08:24:25,245 - pyiron_log - INFO - collect_errors() is not yet implemented for SPHInX
2026-07-23 08:24:25,245 - pyiron_log - INFO - collect_warnings() is not yet             implemented for SPHInX
2026-07-23 08:24:25,574 - pyiron_log - INFO - update master: 881 884 modal
2026-07-23 08:24:25,578 - pyiron_log - INFO - murn_job: finished job murn_job_0_94
2026-07-23 08:24:27,953 - pyiron_log - INFO - murn_job: run job murn_job_0_96
2026-07-23 08:24:27,961 - pyiron_log - INFO - run job: murn_job_0_96 id: None, status: initialized
2026-07-23 08:24:34,658 - pyiron_log - INFO - run job: murn_job_0_96 id: 885, status: created
2026-07-23 08:24:34,668 - pyiron_log - INFO - job: murn_job_0_96 id: 885, status: running, run job (modal)
2026-07-23 08:24:39,379 - pyiron_log - INFO - job: murn_job_0_96 id: 885, status: running, output: mkfifo: cannot create fifo 'sxctrl': Operation not supported
mkfifo: cannot create fifo 'sxres': Operation not supported

2026-07-23 08:24:39,387 - pyiron_log - INFO - run job: murn_job_0_96 id: 885, status: collect
2026-07-23 08:24:40,490 - pyiron_log - INFO - collect_errors() is not yet implemented for SPHInX
2026-07-23 08:24:40,490 - pyiron_log - INFO - collect_warnings() is not yet             implemented for SPHInX
2026-07-23 08:24:40,783 - pyiron_log - INFO - update master: 881 885 modal
2026-07-23 08:24:40,786 - pyiron_log - INFO - murn_job: finished job murn_job_0_96
2026-07-23 08:24:43,088 - pyiron_log - INFO - murn_job: run job murn_job_0_98
2026-07-23 08:24:43,096 - pyiron_log - INFO - run job: murn_job_0_98 id: None, status: initialized
2026-07-23 08:24:50,285 - pyiron_log - INFO - run job: murn_job_0_98 id: 886, status: created
2026-07-23 08:24:50,292 - pyiron_log - INFO - job: murn_job_0_98 id: 886, status: running, run job (modal)
2026-07-23 08:24:55,203 - pyiron_log - INFO - job: murn_job_0_98 id: 886, status: running, output: mkfifo: cannot create fifo 'sxctrl': Operation not supported
mkfifo: cannot create fifo 'sxres': Operation not supported

2026-07-23 08:24:55,215 - pyiron_log - INFO - run job: murn_job_0_98 id: 886, status: collect
2026-07-23 08:24:56,529 - pyiron_log - INFO - collect_errors() is not yet implemented for SPHInX
2026-07-23 08:24:56,530 - pyiron_log - INFO - collect_warnings() is not yet             implemented for SPHInX
2026-07-23 08:24:56,896 - pyiron_log - INFO - update master: 881 886 modal
2026-07-23 08:24:56,900 - pyiron_log - INFO - murn_job: finished job murn_job_0_98
2026-07-23 08:24:59,713 - pyiron_log - INFO - murn_job: run job murn_job_1_0
2026-07-23 08:24:59,719 - pyiron_log - INFO - run job: murn_job_1_0 id: None, status: initialized
2026-07-23 08:25:07,222 - pyiron_log - INFO - run job: murn_job_1_0 id: 887, status: created
2026-07-23 08:25:07,230 - pyiron_log - INFO - job: murn_job_1_0 id: 887, status: running, run job (modal)
2026-07-23 08:25:12,805 - pyiron_log - INFO - job: murn_job_1_0 id: 887, status: running, output: mkfifo: cannot create fifo 'sxctrl': Operation not supported
mkfifo: cannot create fifo 'sxres': Operation not supported

2026-07-23 08:25:12,817 - pyiron_log - INFO - run job: murn_job_1_0 id: 887, status: collect
2026-07-23 08:25:14,141 - pyiron_log - INFO - collect_errors() is not yet implemented for SPHInX
2026-07-23 08:25:14,141 - pyiron_log - INFO - collect_warnings() is not yet             implemented for SPHInX
2026-07-23 08:25:14,502 - pyiron_log - INFO - update master: 881 887 modal
2026-07-23 08:25:14,506 - pyiron_log - INFO - murn_job: finished job murn_job_1_0
2026-07-23 08:25:17,530 - pyiron_log - INFO - murn_job: run job murn_job_1_02
2026-07-23 08:25:17,536 - pyiron_log - INFO - run job: murn_job_1_02 id: None, status: initialized
2026-07-23 08:25:27,893 - pyiron_log - INFO - run job: murn_job_1_02 id: 888, status: created
2026-07-23 08:25:27,903 - pyiron_log - INFO - job: murn_job_1_02 id: 888, status: running, run job (modal)
2026-07-23 08:25:35,111 - pyiron_log - INFO - job: murn_job_1_02 id: 888, status: running, output: mkfifo: cannot create fifo 'sxctrl': Operation not supported
mkfifo: cannot create fifo 'sxres': Operation not supported

2026-07-23 08:25:35,121 - pyiron_log - INFO - run job: murn_job_1_02 id: 888, status: collect
2026-07-23 08:25:36,672 - pyiron_log - INFO - collect_errors() is not yet implemented for SPHInX
2026-07-23 08:25:36,672 - pyiron_log - INFO - collect_warnings() is not yet             implemented for SPHInX
2026-07-23 08:25:37,072 - pyiron_log - INFO - update master: 881 888 modal
2026-07-23 08:25:37,075 - pyiron_log - INFO - murn_job: finished job murn_job_1_02
2026-07-23 08:25:40,058 - pyiron_log - INFO - murn_job: run job murn_job_1_04
2026-07-23 08:25:40,063 - pyiron_log - INFO - run job: murn_job_1_04 id: None, status: initialized
2026-07-23 08:25:49,266 - pyiron_log - INFO - run job: murn_job_1_04 id: 889, status: created
2026-07-23 08:25:49,276 - pyiron_log - INFO - job: murn_job_1_04 id: 889, status: running, run job (modal)
2026-07-23 08:25:55,201 - pyiron_log - INFO - job: murn_job_1_04 id: 889, status: running, output: mkfifo: cannot create fifo 'sxctrl': Operation not supported
mkfifo: cannot create fifo 'sxres': Operation not supported

2026-07-23 08:25:55,214 - pyiron_log - INFO - run job: murn_job_1_04 id: 889, status: collect
2026-07-23 08:25:57,040 - pyiron_log - INFO - collect_errors() is not yet implemented for SPHInX
2026-07-23 08:25:57,041 - pyiron_log - INFO - collect_warnings() is not yet             implemented for SPHInX
2026-07-23 08:25:57,565 - pyiron_log - INFO - update master: 881 889 modal
2026-07-23 08:25:57,570 - pyiron_log - INFO - murn_job: finished job murn_job_1_04
2026-07-23 08:26:00,888 - pyiron_log - INFO - murn_job: run job murn_job_1_06
2026-07-23 08:26:00,893 - pyiron_log - INFO - run job: murn_job_1_06 id: None, status: initialized
2026-07-23 08:26:09,773 - pyiron_log - INFO - run job: murn_job_1_06 id: 890, status: created
2026-07-23 08:26:09,785 - pyiron_log - INFO - job: murn_job_1_06 id: 890, status: running, run job (modal)
2026-07-23 08:26:15,921 - pyiron_log - INFO - job: murn_job_1_06 id: 890, status: running, output: mkfifo: cannot create fifo 'sxctrl': Operation not supported
mkfifo: cannot create fifo 'sxres': Operation not supported

2026-07-23 08:26:15,932 - pyiron_log - INFO - run job: murn_job_1_06 id: 890, status: collect
2026-07-23 08:26:17,407 - pyiron_log - INFO - collect_errors() is not yet implemented for SPHInX
2026-07-23 08:26:17,407 - pyiron_log - INFO - collect_warnings() is not yet             implemented for SPHInX
2026-07-23 08:26:17,851 - pyiron_log - INFO - update master: 881 890 modal
2026-07-23 08:26:17,854 - pyiron_log - INFO - murn_job: finished job murn_job_1_06
2026-07-23 08:26:21,190 - pyiron_log - INFO - murn_job: run job murn_job_1_08
2026-07-23 08:26:21,198 - pyiron_log - INFO - run job: murn_job_1_08 id: None, status: initialized
2026-07-23 08:26:29,706 - pyiron_log - INFO - run job: murn_job_1_08 id: 891, status: created
2026-07-23 08:26:29,716 - pyiron_log - INFO - job: murn_job_1_08 id: 891, status: running, run job (modal)
2026-07-23 08:26:35,665 - pyiron_log - INFO - job: murn_job_1_08 id: 891, status: running, output: mkfifo: cannot create fifo 'sxctrl': Operation not supported
mkfifo: cannot create fifo 'sxres': Operation not supported

2026-07-23 08:26:35,678 - pyiron_log - INFO - run job: murn_job_1_08 id: 891, status: collect
2026-07-23 08:26:37,167 - pyiron_log - INFO - collect_errors() is not yet implemented for SPHInX
2026-07-23 08:26:37,168 - pyiron_log - INFO - collect_warnings() is not yet             implemented for SPHInX
2026-07-23 08:26:37,571 - pyiron_log - INFO - update master: 881 891 modal
2026-07-23 08:26:37,575 - pyiron_log - INFO - murn_job: finished job murn_job_1_08
2026-07-23 08:26:41,137 - pyiron_log - INFO - murn_job: run job murn_job_1_1
2026-07-23 08:26:41,144 - pyiron_log - INFO - run job: murn_job_1_1 id: None, status: initialized
2026-07-23 08:26:49,985 - pyiron_log - INFO - run job: murn_job_1_1 id: 892, status: created
2026-07-23 08:26:49,998 - pyiron_log - INFO - job: murn_job_1_1 id: 892, status: running, run job (modal)
2026-07-23 08:26:56,433 - pyiron_log - INFO - job: murn_job_1_1 id: 892, status: running, output: mkfifo: cannot create fifo 'sxctrl': Operation not supported
mkfifo: cannot create fifo 'sxres': Operation not supported

2026-07-23 08:26:56,444 - pyiron_log - INFO - run job: murn_job_1_1 id: 892, status: collect
2026-07-23 08:26:57,947 - pyiron_log - INFO - collect_errors() is not yet implemented for SPHInX
2026-07-23 08:26:57,948 - pyiron_log - INFO - collect_warnings() is not yet             implemented for SPHInX
2026-07-23 08:26:58,357 - pyiron_log - INFO - update master: 881 892 modal
2026-07-23 08:26:58,361 - pyiron_log - INFO - murn_job: finished job murn_job_1_1
2026-07-23 08:26:58,368 - pyiron_log - INFO - run job: murn_job id: 881, status: collect
2026-07-23 08:26:58,370 - pyiron_log - INFO - job: murn_job id: 881, status: collect, finished
2026-07-23 08:27:13,867 - pyiron_log - INFO - job: murn_job id: 881, status: finished, parallel master
2026-07-23 08:27:13,869 - pyiron_log - INFO - update master: None 881 modal
2026-07-23 08:27:13,994 - pyiron_log - INFO - run job: calc_potential id: None, status: initialized
2026-07-23 08:27:17,657 - pyiron_log - INFO - run job: calc_potential id: 893, status: created
2026-07-23 08:27:17,673 - pyiron_log - INFO - job: calc_potential id: 893, status: running, run job (modal)
2026-07-23 08:27:23,162 - pyiron_log - INFO - job: calc_potential id: 893, status: running, output: mkfifo: cannot create fifo 'sxctrl': Operation not supported
mkfifo: cannot create fifo 'sxres': Operation not supported

2026-07-23 08:27:23,172 - pyiron_log - INFO - run job: calc_potential id: 893, status: collect
2026-07-23 08:27:24,785 - pyiron_log - INFO - collect_errors() is not yet implemented for SPHInX
2026-07-23 08:27:24,786 - pyiron_log - INFO - collect_warnings() is not yet             implemented for SPHInX
2026-07-23 08:27:25,235 - pyiron_log - INFO - update master: None 893 modal
2026-07-23 08:27:25,652 - pyiron_log - INFO - run job: calc_energy_og id: None, status: initialized
2026-07-23 08:27:47,569 - pyiron_log - INFO - run job: calc_energy_og id: 894, status: created
2026-07-23 08:27:47,579 - pyiron_log - INFO - job: calc_energy_og id: 894, status: running, run job (modal)
2026-07-23 08:49:57,770 - pyiron_log - INFO - job: calc_energy_og id: 894, status: running, output: mkfifo: cannot create fifo 'sxctrl': Operation not supported
mkfifo: cannot create fifo 'sxres': Operation not supported

2026-07-23 08:49:57,853 - pyiron_log - INFO - run job: calc_energy_og id: 894, status: collect
2026-07-23 08:49:59,371 - pyiron_log - INFO - collect_errors() is not yet implemented for SPHInX
2026-07-23 08:49:59,372 - pyiron_log - INFO - collect_warnings() is not yet             implemented for SPHInX
2026-07-23 08:49:59,812 - pyiron_log - INFO - update master: None 894 modal
2026-07-23 08:50:03,764 - pyiron_log - INFO - run job: relax_defect id: None, status: initialized
2026-07-23 08:50:03,904 - pyiron_log - INFO - run job: relax_defect id: 895, status: created
2026-07-23 09:59:48,397 - pyiron_log - INFO - run job: calc_energy_defect id: None, status: initialized
2026-07-23 10:00:04,432 - pyiron_log - INFO - run job: calc_energy_defect id: 896, status: created
2026-07-23 10:00:04,442 - pyiron_log - INFO - job: calc_energy_defect id: 896, status: running, run job (modal)
2026-07-23 11:17:30,786 - pyiron_log - INFO - job: calc_energy_defect id: 896, status: running, output: mkfifo: cannot create fifo 'sxctrl': Operation not supported
mkfifo: cannot create fifo 'sxres': Operation not supported

2026-07-23 11:17:30,798 - pyiron_log - INFO - run job: calc_energy_defect id: 896, status: collect
2026-07-23 11:17:32,354 - pyiron_log - INFO - collect_errors() is not yet implemented for SPHInX
2026-07-23 11:17:32,355 - pyiron_log - INFO - collect_warnings() is not yet             implemented for SPHInX
2026-07-23 11:17:32,711 - pyiron_log - INFO - update master: None 896 modal
2026-07-23 11:17:37,284 - pyiron_log - INFO - run job: murn_job id: None, status: initialized
2026-07-23 11:17:38,972 - pyiron_log - INFO - run job: murn_job id: 897, status: created
2026-07-23 11:17:38,976 - pyiron_log - INFO - job: murn_job id: 897 run parallel master (modal)
2026-07-23 11:17:42,988 - pyiron_log - INFO - murn_job: run job murn_job_0_9
2026-07-23 11:17:42,997 - pyiron_log - INFO - run job: murn_job_0_9 id: None, status: initialized
2026-07-23 11:17:50,587 - pyiron_log - INFO - run job: murn_job_0_9 id: 898, status: created
2026-07-23 11:17:50,599 - pyiron_log - INFO - job: murn_job_0_9 id: 898, status: running, run job (modal)
2026-07-23 11:17:54,867 - pyiron_log - INFO - job: murn_job_0_9 id: 898, status: running, output: mkfifo: cannot create fifo 'sxctrl': Operation not supported
mkfifo: cannot create fifo 'sxres': Operation not supported

2026-07-23 11:17:54,883 - pyiron_log - INFO - run job: murn_job_0_9 id: 898, status: collect
2026-07-23 11:17:56,602 - pyiron_log - INFO - collect_errors() is not yet implemented for SPHInX
2026-07-23 11:17:56,603 - pyiron_log - INFO - collect_warnings() is not yet             implemented for SPHInX
2026-07-23 11:17:57,027 - pyiron_log - INFO - update master: 897 898 modal
2026-07-23 11:17:57,032 - pyiron_log - INFO - murn_job: finished job murn_job_0_9
2026-07-23 11:17:59,648 - pyiron_log - INFO - murn_job: run job murn_job_0_92
2026-07-23 11:17:59,653 - pyiron_log - INFO - run job: murn_job_0_92 id: None, status: initialized
2026-07-23 11:18:07,321 - pyiron_log - INFO - run job: murn_job_0_92 id: 899, status: created
2026-07-23 11:18:07,331 - pyiron_log - INFO - job: murn_job_0_92 id: 899, status: running, run job (modal)
2026-07-23 11:18:13,776 - pyiron_log - INFO - job: murn_job_0_92 id: 899, status: running, output: mkfifo: cannot create fifo 'sxctrl': Operation not supported
mkfifo: cannot create fifo 'sxres': Operation not supported

2026-07-23 11:18:13,787 - pyiron_log - INFO - run job: murn_job_0_92 id: 899, status: collect
2026-07-23 11:18:15,116 - pyiron_log - INFO - collect_errors() is not yet implemented for SPHInX
2026-07-23 11:18:15,116 - pyiron_log - INFO - collect_warnings() is not yet             implemented for SPHInX
2026-07-23 11:18:15,478 - pyiron_log - INFO - update master: 897 899 modal
2026-07-23 11:18:15,482 - pyiron_log - INFO - murn_job: finished job murn_job_0_92
2026-07-23 11:18:18,675 - pyiron_log - INFO - murn_job: run job murn_job_0_94
2026-07-23 11:18:18,685 - pyiron_log - INFO - run job: murn_job_0_94 id: None, status: initialized
2026-07-23 11:18:26,437 - pyiron_log - INFO - run job: murn_job_0_94 id: 900, status: created
2026-07-23 11:18:26,448 - pyiron_log - INFO - job: murn_job_0_94 id: 900, status: running, run job (modal)
2026-07-23 11:18:32,601 - pyiron_log - INFO - job: murn_job_0_94 id: 900, status: running, output: mkfifo: cannot create fifo 'sxctrl': Operation not supported
mkfifo: cannot create fifo 'sxres': Operation not supported

2026-07-23 11:18:32,617 - pyiron_log - INFO - run job: murn_job_0_94 id: 900, status: collect
2026-07-23 11:18:33,979 - pyiron_log - INFO - collect_errors() is not yet implemented for SPHInX
2026-07-23 11:18:33,980 - pyiron_log - INFO - collect_warnings() is not yet             implemented for SPHInX
2026-07-23 11:18:34,332 - pyiron_log - INFO - update master: 897 900 modal
2026-07-23 11:18:34,336 - pyiron_log - INFO - murn_job: finished job murn_job_0_94
2026-07-23 11:18:37,046 - pyiron_log - INFO - murn_job: run job murn_job_0_96
2026-07-23 11:18:37,056 - pyiron_log - INFO - run job: murn_job_0_96 id: None, status: initialized
2026-07-23 11:18:44,851 - pyiron_log - INFO - run job: murn_job_0_96 id: 901, status: created
2026-07-23 11:18:44,866 - pyiron_log - INFO - job: murn_job_0_96 id: 901, status: running, run job (modal)
2026-07-23 11:18:50,497 - pyiron_log - INFO - job: murn_job_0_96 id: 901, status: running, output: mkfifo: cannot create fifo 'sxctrl': Operation not supported
mkfifo: cannot create fifo 'sxres': Operation not supported

2026-07-23 11:18:50,507 - pyiron_log - INFO - run job: murn_job_0_96 id: 901, status: collect
2026-07-23 11:18:51,825 - pyiron_log - INFO - collect_errors() is not yet implemented for SPHInX
2026-07-23 11:18:51,825 - pyiron_log - INFO - collect_warnings() is not yet             implemented for SPHInX
2026-07-23 11:18:52,217 - pyiron_log - INFO - update master: 897 901 modal
2026-07-23 11:18:52,222 - pyiron_log - INFO - murn_job: finished job murn_job_0_96
2026-07-23 11:18:55,420 - pyiron_log - INFO - murn_job: run job murn_job_0_98
2026-07-23 11:18:55,427 - pyiron_log - INFO - run job: murn_job_0_98 id: None, status: initialized
2026-07-23 11:19:03,584 - pyiron_log - INFO - run job: murn_job_0_98 id: 902, status: created
2026-07-23 11:19:03,595 - pyiron_log - INFO - job: murn_job_0_98 id: 902, status: running, run job (modal)
2026-07-23 11:19:09,236 - pyiron_log - INFO - job: murn_job_0_98 id: 902, status: running, output: mkfifo: cannot create fifo 'sxctrl': Operation not supported
mkfifo: cannot create fifo 'sxres': Operation not supported

2026-07-23 11:19:09,247 - pyiron_log - INFO - run job: murn_job_0_98 id: 902, status: collect
2026-07-23 11:19:10,655 - pyiron_log - INFO - collect_errors() is not yet implemented for SPHInX
2026-07-23 11:19:10,655 - pyiron_log - INFO - collect_warnings() is not yet             implemented for SPHInX
2026-07-23 11:19:11,039 - pyiron_log - INFO - update master: 897 902 modal
2026-07-23 11:19:11,044 - pyiron_log - INFO - murn_job: finished job murn_job_0_98
2026-07-23 11:19:13,784 - pyiron_log - INFO - murn_job: run job murn_job_1_0
2026-07-23 11:19:13,790 - pyiron_log - INFO - run job: murn_job_1_0 id: None, status: initialized
2026-07-23 11:19:21,878 - pyiron_log - INFO - run job: murn_job_1_0 id: 903, status: created
2026-07-23 11:19:21,889 - pyiron_log - INFO - job: murn_job_1_0 id: 903, status: running, run job (modal)
2026-07-23 11:19:28,059 - pyiron_log - INFO - job: murn_job_1_0 id: 903, status: running, output: mkfifo: cannot create fifo 'sxctrl': Operation not supported
mkfifo: cannot create fifo 'sxres': Operation not supported

2026-07-23 11:19:28,076 - pyiron_log - INFO - run job: murn_job_1_0 id: 903, status: collect
2026-07-23 11:19:29,399 - pyiron_log - INFO - collect_errors() is not yet implemented for SPHInX
2026-07-23 11:19:29,400 - pyiron_log - INFO - collect_warnings() is not yet             implemented for SPHInX
2026-07-23 11:19:29,750 - pyiron_log - INFO - update master: 897 903 modal
2026-07-23 11:19:29,753 - pyiron_log - INFO - murn_job: finished job murn_job_1_0
2026-07-23 11:19:32,882 - pyiron_log - INFO - murn_job: run job murn_job_1_02
2026-07-23 11:19:32,888 - pyiron_log - INFO - run job: murn_job_1_02 id: None, status: initialized
2026-07-23 11:19:40,841 - pyiron_log - INFO - run job: murn_job_1_02 id: 904, status: created
2026-07-23 11:19:40,851 - pyiron_log - INFO - job: murn_job_1_02 id: 904, status: running, run job (modal)
2026-07-23 11:19:47,238 - pyiron_log - INFO - job: murn_job_1_02 id: 904, status: running, output: mkfifo: cannot create fifo 'sxctrl': Operation not supported
mkfifo: cannot create fifo 'sxres': Operation not supported

2026-07-23 11:19:47,254 - pyiron_log - INFO - run job: murn_job_1_02 id: 904, status: collect
2026-07-23 11:19:48,594 - pyiron_log - INFO - collect_errors() is not yet implemented for SPHInX
2026-07-23 11:19:48,594 - pyiron_log - INFO - collect_warnings() is not yet             implemented for SPHInX
2026-07-23 11:19:48,958 - pyiron_log - INFO - update master: 897 904 modal
2026-07-23 11:19:48,963 - pyiron_log - INFO - murn_job: finished job murn_job_1_02
2026-07-23 11:19:51,614 - pyiron_log - INFO - murn_job: run job murn_job_1_04
2026-07-23 11:19:51,621 - pyiron_log - INFO - run job: murn_job_1_04 id: None, status: initialized
2026-07-23 11:19:59,562 - pyiron_log - INFO - run job: murn_job_1_04 id: 905, status: created
2026-07-23 11:19:59,577 - pyiron_log - INFO - job: murn_job_1_04 id: 905, status: running, run job (modal)
2026-07-23 11:20:05,878 - pyiron_log - INFO - job: murn_job_1_04 id: 905, status: running, output: mkfifo: cannot create fifo 'sxctrl': Operation not supported
mkfifo: cannot create fifo 'sxres': Operation not supported

2026-07-23 11:20:05,887 - pyiron_log - INFO - run job: murn_job_1_04 id: 905, status: collect
2026-07-23 11:20:07,340 - pyiron_log - INFO - collect_errors() is not yet implemented for SPHInX
2026-07-23 11:20:07,341 - pyiron_log - INFO - collect_warnings() is not yet             implemented for SPHInX
2026-07-23 11:20:07,805 - pyiron_log - INFO - update master: 897 905 modal
2026-07-23 11:20:07,810 - pyiron_log - INFO - murn_job: finished job murn_job_1_04
2026-07-23 11:20:10,903 - pyiron_log - INFO - murn_job: run job murn_job_1_06
2026-07-23 11:20:10,909 - pyiron_log - INFO - run job: murn_job_1_06 id: None, status: initialized
2026-07-23 11:20:18,772 - pyiron_log - INFO - run job: murn_job_1_06 id: 906, status: created
2026-07-23 11:20:18,782 - pyiron_log - INFO - job: murn_job_1_06 id: 906, status: running, run job (modal)
2026-07-23 11:20:25,232 - pyiron_log - INFO - job: murn_job_1_06 id: 906, status: running, output: mkfifo: cannot create fifo 'sxctrl': Operation not supported
mkfifo: cannot create fifo 'sxres': Operation not supported

2026-07-23 11:20:25,246 - pyiron_log - INFO - run job: murn_job_1_06 id: 906, status: collect
2026-07-23 11:20:26,570 - pyiron_log - INFO - collect_errors() is not yet implemented for SPHInX
2026-07-23 11:20:26,570 - pyiron_log - INFO - collect_warnings() is not yet             implemented for SPHInX
2026-07-23 11:20:26,918 - pyiron_log - INFO - update master: 897 906 modal
2026-07-23 11:20:26,922 - pyiron_log - INFO - murn_job: finished job murn_job_1_06
2026-07-23 11:20:29,756 - pyiron_log - INFO - murn_job: run job murn_job_1_08
2026-07-23 11:20:29,763 - pyiron_log - INFO - run job: murn_job_1_08 id: None, status: initialized
2026-07-23 11:20:37,874 - pyiron_log - INFO - run job: murn_job_1_08 id: 907, status: created
2026-07-23 11:20:37,884 - pyiron_log - INFO - job: murn_job_1_08 id: 907, status: running, run job (modal)
2026-07-23 11:20:44,233 - pyiron_log - INFO - job: murn_job_1_08 id: 907, status: running, output: mkfifo: cannot create fifo 'sxctrl': Operation not supported
mkfifo: cannot create fifo 'sxres': Operation not supported

2026-07-23 11:20:44,242 - pyiron_log - INFO - run job: murn_job_1_08 id: 907, status: collect
2026-07-23 11:20:45,593 - pyiron_log - INFO - collect_errors() is not yet implemented for SPHInX
2026-07-23 11:20:45,593 - pyiron_log - INFO - collect_warnings() is not yet             implemented for SPHInX
2026-07-23 11:20:45,997 - pyiron_log - INFO - update master: 897 907 modal
2026-07-23 11:20:46,001 - pyiron_log - INFO - murn_job: finished job murn_job_1_08
2026-07-23 11:20:49,264 - pyiron_log - INFO - murn_job: run job murn_job_1_1
2026-07-23 11:20:49,270 - pyiron_log - INFO - run job: murn_job_1_1 id: None, status: initialized
2026-07-23 11:20:57,259 - pyiron_log - INFO - run job: murn_job_1_1 id: 908, status: created
2026-07-23 11:20:57,272 - pyiron_log - INFO - job: murn_job_1_1 id: 908, status: running, run job (modal)
2026-07-23 11:21:03,961 - pyiron_log - INFO - job: murn_job_1_1 id: 908, status: running, output: mkfifo: cannot create fifo 'sxctrl': Operation not supported
mkfifo: cannot create fifo 'sxres': Operation not supported

2026-07-23 11:21:03,971 - pyiron_log - INFO - run job: murn_job_1_1 id: 908, status: collect
2026-07-23 11:21:05,362 - pyiron_log - INFO - collect_errors() is not yet implemented for SPHInX
2026-07-23 11:21:05,363 - pyiron_log - INFO - collect_warnings() is not yet             implemented for SPHInX
2026-07-23 11:21:05,727 - pyiron_log - INFO - update master: 897 908 modal
2026-07-23 11:21:05,731 - pyiron_log - INFO - murn_job: finished job murn_job_1_1
2026-07-23 11:21:05,739 - pyiron_log - INFO - run job: murn_job id: 897, status: collect
2026-07-23 11:21:05,741 - pyiron_log - INFO - job: murn_job id: 897, status: collect, finished
2026-07-23 11:21:19,957 - pyiron_log - INFO - job: murn_job id: 897, status: finished, parallel master
2026-07-23 11:21:19,959 - pyiron_log - INFO - update master: None 897 modal
2026-07-23 11:21:20,058 - pyiron_log - INFO - run job: calc_potential id: None, status: initialized
2026-07-23 11:21:23,540 - pyiron_log - INFO - run job: calc_potential id: 909, status: created
2026-07-23 11:21:23,552 - pyiron_log - INFO - job: calc_potential id: 909, status: running, run job (modal)
2026-07-23 11:21:29,440 - pyiron_log - INFO - job: calc_potential id: 909, status: running, output: mkfifo: cannot create fifo 'sxctrl': Operation not supported
mkfifo: cannot create fifo 'sxres': Operation not supported

2026-07-23 11:21:29,455 - pyiron_log - INFO - run job: calc_potential id: 909, status: collect
2026-07-23 11:21:31,019 - pyiron_log - INFO - collect_errors() is not yet implemented for SPHInX
2026-07-23 11:21:31,020 - pyiron_log - INFO - collect_warnings() is not yet             implemented for SPHInX
2026-07-23 11:21:31,411 - pyiron_log - INFO - update master: None 909 modal
2026-07-23 11:21:31,782 - pyiron_log - INFO - run job: calc_energy_og id: None, status: initialized
2026-07-23 11:21:51,694 - pyiron_log - INFO - run job: calc_energy_og id: 910, status: created
2026-07-23 11:21:51,705 - pyiron_log - INFO - job: calc_energy_og id: 910, status: running, run job (modal)
2026-07-23 11:44:49,536 - pyiron_log - INFO - job: calc_energy_og id: 910, status: running, output: mkfifo: cannot create fifo 'sxctrl': Operation not supported
mkfifo: cannot create fifo 'sxres': Operation not supported

2026-07-23 11:44:49,551 - pyiron_log - INFO - run job: calc_energy_og id: 910, status: collect
2026-07-23 11:44:51,358 - pyiron_log - INFO - collect_errors() is not yet implemented for SPHInX
2026-07-23 11:44:51,358 - pyiron_log - INFO - collect_warnings() is not yet             implemented for SPHInX
2026-07-23 11:44:51,816 - pyiron_log - INFO - update master: None 910 modal
2026-07-23 11:44:52,324 - pyiron_log - INFO - run job: relax_defect id: None, status: initialized
2026-07-23 11:44:52,484 - pyiron_log - INFO - run job: relax_defect id: 911, status: created
2026-07-23 12:39:22,636 - pyiron_log - INFO - Job 911 intercept signal 2, job is shutting down
2026-07-26 07:35:21,912 - pyiron_log - INFO - run job: murn_job id: None, status: initialized
2026-07-26 07:35:23,370 - pyiron_log - INFO - run job: murn_job id: 912, status: created
2026-07-26 07:35:23,374 - pyiron_log - INFO - job: murn_job id: 912 run parallel master (modal)
2026-07-26 07:35:26,996 - pyiron_log - INFO - murn_job: run job murn_job_0_9
2026-07-26 07:35:27,013 - pyiron_log - INFO - run job: murn_job_0_9 id: None, status: initialized
2026-07-26 07:35:35,367 - pyiron_log - INFO - run job: murn_job_0_9 id: 913, status: created
2026-07-26 07:35:35,378 - pyiron_log - INFO - job: murn_job_0_9 id: 913, status: running, run job (modal)
2026-07-26 07:35:39,660 - pyiron_log - INFO - job: murn_job_0_9 id: 913, status: running, output: mkfifo: cannot create fifo 'sxctrl': Operation not supported
mkfifo: cannot create fifo 'sxres': Operation not supported

2026-07-26 07:35:39,678 - pyiron_log - INFO - run job: murn_job_0_9 id: 913, status: collect
2026-07-26 07:35:41,280 - pyiron_log - INFO - collect_errors() is not yet implemented for SPHInX
2026-07-26 07:35:41,281 - pyiron_log - INFO - collect_warnings() is not yet             implemented for SPHInX
2026-07-26 07:35:41,711 - pyiron_log - INFO - update master: 912 913 modal
2026-07-26 07:35:41,715 - pyiron_log - INFO - murn_job: finished job murn_job_0_9
2026-07-26 07:35:44,501 - pyiron_log - INFO - murn_job: run job murn_job_0_92
2026-07-26 07:35:44,509 - pyiron_log - INFO - run job: murn_job_0_92 id: None, status: initialized
2026-07-26 07:36:00,283 - pyiron_log - INFO - run job: murn_job_0_92 id: 914, status: created
2026-07-26 07:36:00,294 - pyiron_log - INFO - job: murn_job_0_92 id: 914, status: running, run job (modal)
2026-07-26 07:36:07,789 - pyiron_log - INFO - job: murn_job_0_92 id: 914, status: running, output: mkfifo: cannot create fifo 'sxctrl': Operation not supported
mkfifo: cannot create fifo 'sxres': Operation not supported

2026-07-26 07:36:07,798 - pyiron_log - INFO - run job: murn_job_0_92 id: 914, status: collect
2026-07-26 07:36:09,608 - pyiron_log - INFO - collect_errors() is not yet implemented for SPHInX
2026-07-26 07:36:09,608 - pyiron_log - INFO - collect_warnings() is not yet             implemented for SPHInX
2026-07-26 07:36:10,077 - pyiron_log - INFO - update master: 912 914 modal
2026-07-26 07:36:10,081 - pyiron_log - INFO - murn_job: finished job murn_job_0_92
2026-07-26 07:36:14,186 - pyiron_log - INFO - murn_job: run job murn_job_0_94
2026-07-26 07:36:14,200 - pyiron_log - INFO - run job: murn_job_0_94 id: None, status: initialized
2026-07-26 07:36:21,730 - pyiron_log - INFO - run job: murn_job_0_94 id: 915, status: created
2026-07-26 07:36:21,740 - pyiron_log - INFO - job: murn_job_0_94 id: 915, status: running, run job (modal)
2026-07-26 07:36:26,787 - pyiron_log - INFO - job: murn_job_0_94 id: 915, status: running, output: mkfifo: cannot create fifo 'sxctrl': Operation not supported
mkfifo: cannot create fifo 'sxres': Operation not supported

2026-07-26 07:36:26,796 - pyiron_log - INFO - run job: murn_job_0_94 id: 915, status: collect
2026-07-26 07:36:28,273 - pyiron_log - INFO - collect_errors() is not yet implemented for SPHInX
2026-07-26 07:36:28,274 - pyiron_log - INFO - collect_warnings() is not yet             implemented for SPHInX
2026-07-26 07:36:28,801 - pyiron_log - INFO - update master: 912 915 modal
2026-07-26 07:36:28,805 - pyiron_log - INFO - murn_job: finished job murn_job_0_94
2026-07-26 07:36:31,291 - pyiron_log - INFO - murn_job: run job murn_job_0_96
2026-07-26 07:36:31,299 - pyiron_log - INFO - run job: murn_job_0_96 id: None, status: initialized
2026-07-26 07:36:38,045 - pyiron_log - INFO - run job: murn_job_0_96 id: 916, status: created
2026-07-26 07:36:38,052 - pyiron_log - INFO - job: murn_job_0_96 id: 916, status: running, run job (modal)
2026-07-26 07:36:42,691 - pyiron_log - INFO - job: murn_job_0_96 id: 916, status: running, output: mkfifo: cannot create fifo 'sxctrl': Operation not supported
mkfifo: cannot create fifo 'sxres': Operation not supported

2026-07-26 07:36:42,707 - pyiron_log - INFO - run job: murn_job_0_96 id: 916, status: collect
2026-07-26 07:36:44,193 - pyiron_log - INFO - collect_errors() is not yet implemented for SPHInX
2026-07-26 07:36:44,193 - pyiron_log - INFO - collect_warnings() is not yet             implemented for SPHInX
2026-07-26 07:36:44,565 - pyiron_log - INFO - update master: 912 916 modal
2026-07-26 07:36:44,568 - pyiron_log - INFO - murn_job: finished job murn_job_0_96
2026-07-26 07:36:46,723 - pyiron_log - INFO - murn_job: run job murn_job_0_98
2026-07-26 07:36:46,741 - pyiron_log - INFO - run job: murn_job_0_98 id: None, status: initialized
2026-07-26 07:36:53,469 - pyiron_log - INFO - run job: murn_job_0_98 id: 917, status: created
2026-07-26 07:36:53,499 - pyiron_log - INFO - job: murn_job_0_98 id: 917, status: running, run job (modal)
2026-07-26 07:36:58,031 - pyiron_log - INFO - job: murn_job_0_98 id: 917, status: running, output: mkfifo: cannot create fifo 'sxctrl': Operation not supported
mkfifo: cannot create fifo 'sxres': Operation not supported

2026-07-26 07:36:58,044 - pyiron_log - INFO - run job: murn_job_0_98 id: 917, status: collect
2026-07-26 07:36:59,826 - pyiron_log - INFO - collect_errors() is not yet implemented for SPHInX
2026-07-26 07:36:59,827 - pyiron_log - INFO - collect_warnings() is not yet             implemented for SPHInX
2026-07-26 07:37:00,385 - pyiron_log - INFO - update master: 912 917 modal
2026-07-26 07:37:00,388 - pyiron_log - INFO - murn_job: finished job murn_job_0_98
2026-07-26 07:37:03,106 - pyiron_log - INFO - murn_job: run job murn_job_1_0
2026-07-26 07:37:03,111 - pyiron_log - INFO - run job: murn_job_1_0 id: None, status: initialized
2026-07-26 07:37:10,927 - pyiron_log - INFO - run job: murn_job_1_0 id: 918, status: created
2026-07-26 07:37:10,935 - pyiron_log - INFO - job: murn_job_1_0 id: 918, status: running, run job (modal)
2026-07-26 07:37:16,444 - pyiron_log - INFO - job: murn_job_1_0 id: 918, status: running, output: mkfifo: cannot create fifo 'sxctrl': Operation not supported
mkfifo: cannot create fifo 'sxres': Operation not supported

2026-07-26 07:37:16,452 - pyiron_log - INFO - run job: murn_job_1_0 id: 918, status: collect
2026-07-26 07:37:17,557 - pyiron_log - INFO - collect_errors() is not yet implemented for SPHInX
2026-07-26 07:37:17,557 - pyiron_log - INFO - collect_warnings() is not yet             implemented for SPHInX
2026-07-26 07:37:17,925 - pyiron_log - INFO - update master: 912 918 modal
2026-07-26 07:37:17,930 - pyiron_log - INFO - murn_job: finished job murn_job_1_0
2026-07-26 07:37:20,437 - pyiron_log - INFO - murn_job: run job murn_job_1_02
2026-07-26 07:37:20,443 - pyiron_log - INFO - run job: murn_job_1_02 id: None, status: initialized
2026-07-26 07:37:28,988 - pyiron_log - INFO - run job: murn_job_1_02 id: 919, status: created
2026-07-26 07:37:29,000 - pyiron_log - INFO - job: murn_job_1_02 id: 919, status: running, run job (modal)
2026-07-26 07:37:35,565 - pyiron_log - INFO - job: murn_job_1_02 id: 919, status: running, output: mkfifo: cannot create fifo 'sxctrl': Operation not supported
mkfifo: cannot create fifo 'sxres': Operation not supported

2026-07-26 07:37:35,580 - pyiron_log - INFO - run job: murn_job_1_02 id: 919, status: collect
2026-07-26 07:37:37,129 - pyiron_log - INFO - collect_errors() is not yet implemented for SPHInX
2026-07-26 07:37:37,130 - pyiron_log - INFO - collect_warnings() is not yet             implemented for SPHInX
2026-07-26 07:37:37,517 - pyiron_log - INFO - update master: 912 919 modal
2026-07-26 07:37:37,521 - pyiron_log - INFO - murn_job: finished job murn_job_1_02
2026-07-26 07:37:40,644 - pyiron_log - INFO - murn_job: run job murn_job_1_04
2026-07-26 07:37:40,653 - pyiron_log - INFO - run job: murn_job_1_04 id: None, status: initialized
2026-07-26 07:37:49,262 - pyiron_log - INFO - run job: murn_job_1_04 id: 920, status: created
2026-07-26 07:37:49,278 - pyiron_log - INFO - job: murn_job_1_04 id: 920, status: running, run job (modal)
2026-07-26 07:37:54,850 - pyiron_log - INFO - job: murn_job_1_04 id: 920, status: running, output: mkfifo: cannot create fifo 'sxctrl': Operation not supported
mkfifo: cannot create fifo 'sxres': Operation not supported

2026-07-26 07:37:54,860 - pyiron_log - INFO - run job: murn_job_1_04 id: 920, status: collect
2026-07-26 07:37:56,270 - pyiron_log - INFO - collect_errors() is not yet implemented for SPHInX
2026-07-26 07:37:56,270 - pyiron_log - INFO - collect_warnings() is not yet             implemented for SPHInX
2026-07-26 07:37:56,732 - pyiron_log - INFO - update master: 912 920 modal
2026-07-26 07:37:56,737 - pyiron_log - INFO - murn_job: finished job murn_job_1_04
2026-07-26 07:38:00,617 - pyiron_log - INFO - murn_job: run job murn_job_1_06
2026-07-26 07:38:00,623 - pyiron_log - INFO - run job: murn_job_1_06 id: None, status: initialized
2026-07-26 07:38:12,964 - pyiron_log - INFO - run job: murn_job_1_06 id: 921, status: created
2026-07-26 07:38:12,977 - pyiron_log - INFO - job: murn_job_1_06 id: 921, status: running, run job (modal)
2026-07-26 07:38:20,153 - pyiron_log - INFO - job: murn_job_1_06 id: 921, status: running, output: mkfifo: cannot create fifo 'sxctrl': Operation not supported
mkfifo: cannot create fifo 'sxres': Operation not supported

2026-07-26 07:38:20,167 - pyiron_log - INFO - run job: murn_job_1_06 id: 921, status: collect
2026-07-26 07:38:21,867 - pyiron_log - INFO - collect_errors() is not yet implemented for SPHInX
2026-07-26 07:38:21,868 - pyiron_log - INFO - collect_warnings() is not yet             implemented for SPHInX
2026-07-26 07:38:22,283 - pyiron_log - INFO - update master: 912 921 modal
2026-07-26 07:38:22,288 - pyiron_log - INFO - murn_job: finished job murn_job_1_06
2026-07-26 07:38:25,842 - pyiron_log - INFO - murn_job: run job murn_job_1_08
2026-07-26 07:38:25,848 - pyiron_log - INFO - run job: murn_job_1_08 id: None, status: initialized
2026-07-26 07:38:34,788 - pyiron_log - INFO - run job: murn_job_1_08 id: 922, status: created
2026-07-26 07:38:34,798 - pyiron_log - INFO - job: murn_job_1_08 id: 922, status: running, run job (modal)
2026-07-26 07:38:40,019 - pyiron_log - INFO - job: murn_job_1_08 id: 922, status: running, output: mkfifo: cannot create fifo 'sxctrl': Operation not supported
mkfifo: cannot create fifo 'sxres': Operation not supported

2026-07-26 07:38:40,027 - pyiron_log - INFO - run job: murn_job_1_08 id: 922, status: collect
2026-07-26 07:38:41,300 - pyiron_log - INFO - collect_errors() is not yet implemented for SPHInX
2026-07-26 07:38:41,301 - pyiron_log - INFO - collect_warnings() is not yet             implemented for SPHInX
2026-07-26 07:38:41,697 - pyiron_log - INFO - update master: 912 922 modal
2026-07-26 07:38:41,701 - pyiron_log - INFO - murn_job: finished job murn_job_1_08
2026-07-26 07:38:44,677 - pyiron_log - INFO - murn_job: run job murn_job_1_1
2026-07-26 07:38:44,685 - pyiron_log - INFO - run job: murn_job_1_1 id: None, status: initialized
2026-07-26 07:38:51,851 - pyiron_log - INFO - run job: murn_job_1_1 id: 923, status: created
2026-07-26 07:38:51,862 - pyiron_log - INFO - job: murn_job_1_1 id: 923, status: running, run job (modal)
2026-07-26 07:38:57,597 - pyiron_log - INFO - job: murn_job_1_1 id: 923, status: running, output: mkfifo: cannot create fifo 'sxctrl': Operation not supported
mkfifo: cannot create fifo 'sxres': Operation not supported

2026-07-26 07:38:57,607 - pyiron_log - INFO - run job: murn_job_1_1 id: 923, status: collect
2026-07-26 07:38:59,238 - pyiron_log - INFO - collect_errors() is not yet implemented for SPHInX
2026-07-26 07:38:59,239 - pyiron_log - INFO - collect_warnings() is not yet             implemented for SPHInX
2026-07-26 07:38:59,645 - pyiron_log - INFO - update master: 912 923 modal
2026-07-26 07:38:59,650 - pyiron_log - INFO - murn_job: finished job murn_job_1_1
2026-07-26 07:38:59,659 - pyiron_log - INFO - run job: murn_job id: 912, status: collect
2026-07-26 07:38:59,660 - pyiron_log - INFO - job: murn_job id: 912, status: collect, finished
2026-07-26 07:39:11,841 - pyiron_log - INFO - job: murn_job id: 912, status: finished, parallel master
2026-07-26 07:39:11,843 - pyiron_log - INFO - update master: None 912 modal
2026-07-26 07:39:11,930 - pyiron_log - INFO - run job: calc_potential id: None, status: initialized
2026-07-26 07:39:14,976 - pyiron_log - INFO - run job: calc_potential id: 924, status: created
2026-07-26 07:39:14,988 - pyiron_log - INFO - job: calc_potential id: 924, status: running, run job (modal)
2026-07-26 07:39:20,491 - pyiron_log - INFO - job: calc_potential id: 924, status: running, output: mkfifo: cannot create fifo 'sxctrl': Operation not supported
mkfifo: cannot create fifo 'sxres': Operation not supported

2026-07-26 07:39:20,501 - pyiron_log - INFO - run job: calc_potential id: 924, status: collect
2026-07-26 07:39:21,744 - pyiron_log - INFO - collect_errors() is not yet implemented for SPHInX
2026-07-26 07:39:21,745 - pyiron_log - INFO - collect_warnings() is not yet             implemented for SPHInX
2026-07-26 07:39:22,214 - pyiron_log - INFO - update master: None 924 modal
2026-07-26 07:39:22,620 - pyiron_log - INFO - run job: calc_energy_og id: None, status: initialized
2026-07-26 07:39:44,208 - pyiron_log - INFO - run job: calc_energy_og id: 925, status: created
2026-07-26 07:39:44,218 - pyiron_log - INFO - job: calc_energy_og id: 925, status: running, run job (modal)
2026-07-26 08:03:26,554 - pyiron_log - INFO - job: calc_energy_og id: 925, status: running, output: mkfifo: cannot create fifo 'sxctrl': Operation not supported
mkfifo: cannot create fifo 'sxres': Operation not supported

2026-07-26 08:03:26,566 - pyiron_log - INFO - run job: calc_energy_og id: 925, status: collect
2026-07-26 08:03:28,560 - pyiron_log - INFO - collect_errors() is not yet implemented for SPHInX
2026-07-26 08:03:28,561 - pyiron_log - INFO - collect_warnings() is not yet             implemented for SPHInX
2026-07-26 08:03:29,017 - pyiron_log - INFO - update master: None 925 modal
2026-07-26 08:03:29,772 - pyiron_log - INFO - run job: relax_defect id: None, status: initialized
2026-07-26 08:03:29,964 - pyiron_log - INFO - run job: relax_defect id: 926, status: created
2026-07-26 09:14:58,863 - pyiron_log - INFO - run job: calc_energy_defect id: None, status: initialized
2026-07-26 09:15:15,476 - pyiron_log - INFO - run job: calc_energy_defect id: 927, status: created
2026-07-26 09:15:15,487 - pyiron_log - INFO - job: calc_energy_defect id: 927, status: running, run job (modal)
2026-07-26 10:32:56,773 - pyiron_log - INFO - job: calc_energy_defect id: 927, status: running, output: mkfifo: cannot create fifo 'sxctrl': Operation not supported
mkfifo: cannot create fifo 'sxres': Operation not supported

2026-07-26 10:32:56,787 - pyiron_log - INFO - run job: calc_energy_defect id: 927, status: collect
2026-07-26 10:32:58,414 - pyiron_log - INFO - collect_errors() is not yet implemented for SPHInX
2026-07-26 10:32:58,414 - pyiron_log - INFO - collect_warnings() is not yet             implemented for SPHInX
2026-07-26 10:32:58,802 - pyiron_log - INFO - update master: None 927 modal
2026-07-26 10:33:02,527 - pyiron_log - INFO - run job: calc_energy_og id: None, status: initialized
2026-07-26 10:33:22,505 - pyiron_log - INFO - run job: calc_energy_og id: 928, status: created
2026-07-26 10:33:22,518 - pyiron_log - INFO - job: calc_energy_og id: 928, status: running, run job (modal)
2026-07-26 10:56:35,497 - pyiron_log - INFO - job: calc_energy_og id: 928, status: running, output: mkfifo: cannot create fifo 'sxctrl': Operation not supported
mkfifo: cannot create fifo 'sxres': Operation not supported

2026-07-26 10:56:35,509 - pyiron_log - INFO - run job: calc_energy_og id: 928, status: collect
2026-07-26 10:56:37,173 - pyiron_log - INFO - collect_errors() is not yet implemented for SPHInX
2026-07-26 10:56:37,174 - pyiron_log - INFO - collect_warnings() is not yet             implemented for SPHInX
2026-07-26 10:56:37,623 - pyiron_log - INFO - update master: None 928 modal
2026-07-26 10:56:38,048 - pyiron_log - INFO - run job: calc_potential id: None, status: initialized
2026-07-26 10:56:41,836 - pyiron_log - INFO - run job: calc_potential id: 929, status: created
2026-07-26 10:56:41,850 - pyiron_log - INFO - job: calc_potential id: 929, status: running, run job (modal)
2026-07-26 10:56:48,158 - pyiron_log - INFO - job: calc_potential id: 929, status: running, output: mkfifo: cannot create fifo 'sxctrl': Operation not supported
mkfifo: cannot create fifo 'sxres': Operation not supported

2026-07-26 10:56:48,174 - pyiron_log - INFO - run job: calc_potential id: 929, status: collect
2026-07-26 10:56:49,337 - pyiron_log - INFO - collect_errors() is not yet implemented for SPHInX
2026-07-26 10:56:49,337 - pyiron_log - INFO - collect_warnings() is not yet             implemented for SPHInX
2026-07-26 10:56:49,690 - pyiron_log - INFO - update master: None 929 modal
2026-07-26 10:56:50,008 - pyiron_log - INFO - run job: relax_defect id: None, status: initialized
2026-07-26 10:57:13,026 - pyiron_log - INFO - run job: relax_defect id: 930, status: created
2026-07-26 10:57:13,040 - pyiron_log - INFO - job: relax_defect id: 930, status: running, run job (modal)
2026-07-26 13:43:26,400 - pyiron_log - INFO - job: relax_defect id: 930, status: running, output: mkfifo: cannot create fifo 'sxctrl': Operation not supported
mkfifo: cannot create fifo 'sxres': Operation not supported

2026-07-26 13:43:26,416 - pyiron_log - INFO - run job: relax_defect id: 930, status: collect
2026-07-26 13:43:28,270 - pyiron_log - INFO - collect_errors() is not yet implemented for SPHInX
2026-07-26 13:43:28,270 - pyiron_log - INFO - collect_warnings() is not yet             implemented for SPHInX
2026-07-26 13:43:28,723 - pyiron_log - INFO - update master: None 930 modal
2026-07-26 13:43:30,122 - pyiron_log - WARNING - Could not access indices, returning None!
2026-07-26 13:43:30,532 - pyiron_log - WARNING - Could not access indices, returning None!
2026-07-26 13:43:31,336 - pyiron_log - INFO - run job: calc_energy_defect id: None, status: initialized
2026-07-26 13:43:51,322 - pyiron_log - INFO - run job: calc_energy_defect id: 931, status: created
2026-07-26 13:43:51,334 - pyiron_log - INFO - job: calc_energy_defect id: 931, status: running, run job (modal)
2026-07-26 15:14:23,792 - pyiron_log - INFO - job: calc_energy_defect id: 931, status: running, output: mkfifo: cannot create fifo 'sxctrl': Operation not supported
mkfifo: cannot create fifo 'sxres': Operation not supported

2026-07-26 15:14:23,806 - pyiron_log - INFO - run job: calc_energy_defect id: 931, status: collect
2026-07-26 15:14:25,571 - pyiron_log - INFO - collect_errors() is not yet implemented for SPHInX
2026-07-26 15:14:25,572 - pyiron_log - INFO - collect_warnings() is not yet             implemented for SPHInX
2026-07-26 15:14:26,027 - pyiron_log - INFO - update master: None 931 modal
2026-07-26 15:14:27,695 - pyiron_log - INFO - run job: murn_job id: None, status: initialized
2026-07-26 15:14:29,699 - pyiron_log - INFO - run job: murn_job id: 932, status: created
2026-07-26 15:14:29,705 - pyiron_log - INFO - job: murn_job id: 932 run parallel master (modal)
2026-07-26 15:14:34,099 - pyiron_log - INFO - murn_job: run job murn_job_0_9
2026-07-26 15:14:34,110 - pyiron_log - INFO - run job: murn_job_0_9 id: None, status: initialized
2026-07-26 15:14:44,478 - pyiron_log - INFO - run job: murn_job_0_9 id: 933, status: created
2026-07-26 15:14:44,494 - pyiron_log - INFO - job: murn_job_0_9 id: 933, status: running, run job (modal)
2026-07-26 15:14:49,412 - pyiron_log - INFO - job: murn_job_0_9 id: 933, status: running, output: mkfifo: cannot create fifo 'sxctrl': Operation not supported
mkfifo: cannot create fifo 'sxres': Operation not supported

2026-07-26 15:14:49,429 - pyiron_log - INFO - run job: murn_job_0_9 id: 933, status: collect
2026-07-26 15:14:51,283 - pyiron_log - INFO - collect_errors() is not yet implemented for SPHInX
2026-07-26 15:14:51,284 - pyiron_log - INFO - collect_warnings() is not yet             implemented for SPHInX
2026-07-26 15:14:51,815 - pyiron_log - INFO - update master: 932 933 modal
2026-07-26 15:14:51,820 - pyiron_log - INFO - murn_job: finished job murn_job_0_9
2026-07-26 15:14:55,493 - pyiron_log - INFO - murn_job: run job murn_job_0_92
2026-07-26 15:14:55,501 - pyiron_log - INFO - run job: murn_job_0_92 id: None, status: initialized
2026-07-26 15:15:05,659 - pyiron_log - INFO - run job: murn_job_0_92 id: 934, status: created
2026-07-26 15:15:05,675 - pyiron_log - INFO - job: murn_job_0_92 id: 934, status: running, run job (modal)
2026-07-26 15:15:12,679 - pyiron_log - INFO - job: murn_job_0_92 id: 934, status: running, output: mkfifo: cannot create fifo 'sxctrl': Operation not supported
mkfifo: cannot create fifo 'sxres': Operation not supported

2026-07-26 15:15:12,692 - pyiron_log - INFO - run job: murn_job_0_92 id: 934, status: collect
2026-07-26 15:15:14,198 - pyiron_log - INFO - collect_errors() is not yet implemented for SPHInX
2026-07-26 15:15:14,199 - pyiron_log - INFO - collect_warnings() is not yet             implemented for SPHInX
2026-07-26 15:15:14,731 - pyiron_log - INFO - update master: 932 934 modal
2026-07-26 15:15:14,736 - pyiron_log - INFO - murn_job: finished job murn_job_0_92
2026-07-26 15:15:18,508 - pyiron_log - INFO - murn_job: run job murn_job_0_94
2026-07-26 15:15:18,521 - pyiron_log - INFO - run job: murn_job_0_94 id: None, status: initialized
2026-07-26 15:15:28,924 - pyiron_log - INFO - run job: murn_job_0_94 id: 935, status: created
2026-07-26 15:15:28,946 - pyiron_log - INFO - job: murn_job_0_94 id: 935, status: running, run job (modal)
2026-07-26 15:15:36,341 - pyiron_log - INFO - job: murn_job_0_94 id: 935, status: running, output: mkfifo: cannot create fifo 'sxctrl': Operation not supported
mkfifo: cannot create fifo 'sxres': Operation not supported

2026-07-26 15:15:36,353 - pyiron_log - INFO - run job: murn_job_0_94 id: 935, status: collect
2026-07-26 15:15:37,869 - pyiron_log - INFO - collect_errors() is not yet implemented for SPHInX
2026-07-26 15:15:37,870 - pyiron_log - INFO - collect_warnings() is not yet             implemented for SPHInX
2026-07-26 15:15:38,401 - pyiron_log - INFO - update master: 932 935 modal
2026-07-26 15:15:38,407 - pyiron_log - INFO - murn_job: finished job murn_job_0_94
2026-07-26 15:15:42,190 - pyiron_log - INFO - murn_job: run job murn_job_0_96
2026-07-26 15:15:42,201 - pyiron_log - INFO - run job: murn_job_0_96 id: None, status: initialized
2026-07-26 15:15:52,203 - pyiron_log - INFO - run job: murn_job_0_96 id: 936, status: created
2026-07-26 15:15:52,216 - pyiron_log - INFO - job: murn_job_0_96 id: 936, status: running, run job (modal)
2026-07-26 15:15:58,085 - pyiron_log - INFO - job: murn_job_0_96 id: 936, status: running, output: mkfifo: cannot create fifo 'sxctrl': Operation not supported
mkfifo: cannot create fifo 'sxres': Operation not supported

2026-07-26 15:15:58,095 - pyiron_log - INFO - run job: murn_job_0_96 id: 936, status: collect
2026-07-26 15:15:59,499 - pyiron_log - INFO - collect_errors() is not yet implemented for SPHInX
2026-07-26 15:15:59,499 - pyiron_log - INFO - collect_warnings() is not yet             implemented for SPHInX
2026-07-26 15:15:59,900 - pyiron_log - INFO - update master: 932 936 modal
2026-07-26 15:15:59,905 - pyiron_log - INFO - murn_job: finished job murn_job_0_96
2026-07-26 15:16:04,550 - pyiron_log - INFO - murn_job: run job murn_job_0_98
2026-07-26 15:16:04,561 - pyiron_log - INFO - run job: murn_job_0_98 id: None, status: initialized
2026-07-26 15:16:16,321 - pyiron_log - INFO - run job: murn_job_0_98 id: 937, status: created
2026-07-26 15:16:16,337 - pyiron_log - INFO - job: murn_job_0_98 id: 937, status: running, run job (modal)
2026-07-26 15:16:22,790 - pyiron_log - INFO - job: murn_job_0_98 id: 937, status: running, output: mkfifo: cannot create fifo 'sxctrl': Operation not supported
mkfifo: cannot create fifo 'sxres': Operation not supported

2026-07-26 15:16:22,804 - pyiron_log - INFO - run job: murn_job_0_98 id: 937, status: collect
2026-07-26 15:16:24,486 - pyiron_log - INFO - collect_errors() is not yet implemented for SPHInX
2026-07-26 15:16:24,487 - pyiron_log - INFO - collect_warnings() is not yet             implemented for SPHInX
2026-07-26 15:16:24,949 - pyiron_log - INFO - update master: 932 937 modal
2026-07-26 15:16:24,954 - pyiron_log - INFO - murn_job: finished job murn_job_0_98
2026-07-26 15:16:29,453 - pyiron_log - INFO - murn_job: run job murn_job_1_0
2026-07-26 15:16:29,461 - pyiron_log - INFO - run job: murn_job_1_0 id: None, status: initialized
2026-07-26 15:16:43,211 - pyiron_log - INFO - run job: murn_job_1_0 id: 938, status: created
2026-07-26 15:16:43,251 - pyiron_log - INFO - job: murn_job_1_0 id: 938, status: running, run job (modal)
2026-07-26 15:16:51,664 - pyiron_log - INFO - job: murn_job_1_0 id: 938, status: running, output: mkfifo: cannot create fifo 'sxctrl': Operation not supported
mkfifo: cannot create fifo 'sxres': Operation not supported

2026-07-26 15:16:51,678 - pyiron_log - INFO - run job: murn_job_1_0 id: 938, status: collect
2026-07-26 15:16:53,145 - pyiron_log - INFO - collect_errors() is not yet implemented for SPHInX
2026-07-26 15:16:53,145 - pyiron_log - INFO - collect_warnings() is not yet             implemented for SPHInX
2026-07-26 15:16:53,568 - pyiron_log - INFO - update master: 932 938 modal
2026-07-26 15:16:53,573 - pyiron_log - INFO - murn_job: finished job murn_job_1_0
2026-07-26 15:16:57,927 - pyiron_log - INFO - murn_job: run job murn_job_1_02
2026-07-26 15:16:57,936 - pyiron_log - INFO - run job: murn_job_1_02 id: None, status: initialized
2026-07-26 15:17:08,450 - pyiron_log - INFO - run job: murn_job_1_02 id: 939, status: created
2026-07-26 15:17:08,464 - pyiron_log - INFO - job: murn_job_1_02 id: 939, status: running, run job (modal)
2026-07-26 15:17:15,494 - pyiron_log - INFO - job: murn_job_1_02 id: 939, status: running, output: mkfifo: cannot create fifo 'sxctrl': Operation not supported
mkfifo: cannot create fifo 'sxres': Operation not supported

2026-07-26 15:17:15,503 - pyiron_log - INFO - run job: murn_job_1_02 id: 939, status: collect
2026-07-26 15:17:17,100 - pyiron_log - INFO - collect_errors() is not yet implemented for SPHInX
2026-07-26 15:17:17,100 - pyiron_log - INFO - collect_warnings() is not yet             implemented for SPHInX
2026-07-26 15:17:17,778 - pyiron_log - INFO - update master: 932 939 modal
2026-07-26 15:17:17,783 - pyiron_log - INFO - murn_job: finished job murn_job_1_02
2026-07-26 15:17:22,136 - pyiron_log - INFO - murn_job: run job murn_job_1_04
2026-07-26 15:17:22,143 - pyiron_log - INFO - run job: murn_job_1_04 id: None, status: initialized
2026-07-26 15:17:32,924 - pyiron_log - INFO - run job: murn_job_1_04 id: 940, status: created
2026-07-26 15:17:32,940 - pyiron_log - INFO - job: murn_job_1_04 id: 940, status: running, run job (modal)
2026-07-26 15:17:39,658 - pyiron_log - INFO - job: murn_job_1_04 id: 940, status: running, output: mkfifo: cannot create fifo 'sxctrl': Operation not supported
mkfifo: cannot create fifo 'sxres': Operation not supported

2026-07-26 15:17:39,669 - pyiron_log - INFO - run job: murn_job_1_04 id: 940, status: collect
2026-07-26 15:17:41,069 - pyiron_log - INFO - collect_errors() is not yet implemented for SPHInX
2026-07-26 15:17:41,070 - pyiron_log - INFO - collect_warnings() is not yet             implemented for SPHInX
2026-07-26 15:17:41,512 - pyiron_log - INFO - update master: 932 940 modal
2026-07-26 15:17:41,517 - pyiron_log - INFO - murn_job: finished job murn_job_1_04
2026-07-26 15:17:45,392 - pyiron_log - INFO - murn_job: run job murn_job_1_06
2026-07-26 15:17:45,401 - pyiron_log - INFO - run job: murn_job_1_06 id: None, status: initialized
2026-07-26 15:17:55,443 - pyiron_log - INFO - run job: murn_job_1_06 id: 941, status: created
2026-07-26 15:17:55,457 - pyiron_log - INFO - job: murn_job_1_06 id: 941, status: running, run job (modal)
2026-07-26 15:18:02,866 - pyiron_log - INFO - job: murn_job_1_06 id: 941, status: running, output: mkfifo: cannot create fifo 'sxctrl': Operation not supported
mkfifo: cannot create fifo 'sxres': Operation not supported

2026-07-26 15:18:02,878 - pyiron_log - INFO - run job: murn_job_1_06 id: 941, status: collect
2026-07-26 15:18:04,741 - pyiron_log - INFO - collect_errors() is not yet implemented for SPHInX
2026-07-26 15:18:04,741 - pyiron_log - INFO - collect_warnings() is not yet             implemented for SPHInX
2026-07-26 15:18:05,406 - pyiron_log - INFO - update master: 932 941 modal
2026-07-26 15:18:05,415 - pyiron_log - INFO - murn_job: finished job murn_job_1_06
2026-07-26 15:18:09,437 - pyiron_log - INFO - murn_job: run job murn_job_1_08
2026-07-26 15:18:09,448 - pyiron_log - INFO - run job: murn_job_1_08 id: None, status: initialized
2026-07-26 15:18:19,530 - pyiron_log - INFO - run job: murn_job_1_08 id: 942, status: created
2026-07-26 15:18:19,544 - pyiron_log - INFO - job: murn_job_1_08 id: 942, status: running, run job (modal)
2026-07-26 15:18:26,214 - pyiron_log - INFO - job: murn_job_1_08 id: 942, status: running, output: mkfifo: cannot create fifo 'sxctrl': Operation not supported
mkfifo: cannot create fifo 'sxres': Operation not supported

2026-07-26 15:18:26,224 - pyiron_log - INFO - run job: murn_job_1_08 id: 942, status: collect
2026-07-26 15:18:28,032 - pyiron_log - INFO - collect_errors() is not yet implemented for SPHInX
2026-07-26 15:18:28,033 - pyiron_log - INFO - collect_warnings() is not yet             implemented for SPHInX
2026-07-26 15:18:28,783 - pyiron_log - INFO - update master: 932 942 modal
2026-07-26 15:18:28,789 - pyiron_log - INFO - murn_job: finished job murn_job_1_08
2026-07-26 15:18:33,614 - pyiron_log - INFO - murn_job: run job murn_job_1_1
2026-07-26 15:18:33,624 - pyiron_log - INFO - run job: murn_job_1_1 id: None, status: initialized
2026-07-26 15:18:44,484 - pyiron_log - INFO - run job: murn_job_1_1 id: 943, status: created
2026-07-26 15:18:44,498 - pyiron_log - INFO - job: murn_job_1_1 id: 943, status: running, run job (modal)
2026-07-26 15:18:51,606 - pyiron_log - INFO - job: murn_job_1_1 id: 943, status: running, output: mkfifo: cannot create fifo 'sxctrl': Operation not supported
mkfifo: cannot create fifo 'sxres': Operation not supported

2026-07-26 15:18:51,615 - pyiron_log - INFO - run job: murn_job_1_1 id: 943, status: collect
2026-07-26 15:18:53,427 - pyiron_log - INFO - collect_errors() is not yet implemented for SPHInX
2026-07-26 15:18:53,428 - pyiron_log - INFO - collect_warnings() is not yet             implemented for SPHInX
2026-07-26 15:18:54,087 - pyiron_log - INFO - update master: 932 943 modal
2026-07-26 15:18:54,093 - pyiron_log - INFO - murn_job: finished job murn_job_1_1
2026-07-26 15:18:54,107 - pyiron_log - INFO - run job: murn_job id: 932, status: collect
2026-07-26 15:18:54,108 - pyiron_log - INFO - job: murn_job id: 932, status: collect, finished
2026-07-26 15:19:13,720 - pyiron_log - INFO - job: murn_job id: 932, status: finished, parallel master
2026-07-26 15:19:13,722 - pyiron_log - INFO - update master: None 932 modal
2026-07-26 15:19:17,290 - pyiron_log - INFO - run job: calc_potential id: None, status: initialized
2026-07-26 15:19:17,486 - pyiron_log - INFO - run job: calc_potential id: 944, status: created
2026-07-26 15:19:36,618 - pyiron_log - INFO - run job: calc_energy_og id: None, status: initialized
2026-07-26 15:19:36,803 - pyiron_log - INFO - run job: calc_energy_og id: 945, status: created
2026-07-26 15:59:21,480 - pyiron_log - INFO - run job: relax_defect id: None, status: initialized
2026-07-26 15:59:42,576 - pyiron_log - INFO - run job: relax_defect id: 946, status: created
2026-07-26 15:59:42,587 - pyiron_log - INFO - job: relax_defect id: 946, status: running, run job (modal)
2026-07-26 18:50:46,662 - pyiron_log - INFO - job: relax_defect id: 946, status: running, output: mkfifo: cannot create fifo 'sxctrl': Operation not supported
mkfifo: cannot create fifo 'sxres': Operation not supported

2026-07-26 18:50:46,674 - pyiron_log - INFO - run job: relax_defect id: 946, status: collect
2026-07-26 18:50:48,426 - pyiron_log - INFO - collect_errors() is not yet implemented for SPHInX
2026-07-26 18:50:48,427 - pyiron_log - INFO - collect_warnings() is not yet             implemented for SPHInX
2026-07-26 18:50:48,838 - pyiron_log - INFO - update master: None 946 modal
2026-07-26 18:50:50,018 - pyiron_log - WARNING - Could not access indices, returning None!
2026-07-26 18:50:50,354 - pyiron_log - WARNING - Could not access indices, returning None!
2026-07-26 18:50:51,155 - pyiron_log - INFO - run job: calc_energy_defect id: None, status: initialized
2026-07-26 18:50:51,320 - pyiron_log - INFO - run job: calc_energy_defect id: 947, status: created
2026-07-26 19:57:35,221 - pyiron_log - INFO - run job: murn_job id: None, status: initialized
2026-07-26 19:57:35,478 - pyiron_log - INFO - run job: murn_job id: 948, status: created
2026-07-26 19:57:35,482 - pyiron_log - INFO - job: murn_job id: 948 run parallel master (modal)
2026-07-26 19:57:35,836 - pyiron_log - INFO - murn_job: run job murn_job_0_9
2026-07-26 19:57:35,842 - pyiron_log - INFO - run job: murn_job_0_9 id: None, status: initialized
2026-07-26 19:57:35,991 - pyiron_log - INFO - run job: murn_job_0_9 id: 949, status: created
2026-07-26 19:57:45,565 - pyiron_log - INFO - murn_job: finished job murn_job_0_9
2026-07-26 19:57:45,979 - pyiron_log - INFO - murn_job: run job murn_job_0_92
2026-07-26 19:57:45,985 - pyiron_log - INFO - run job: murn_job_0_92 id: None, status: initialized
2026-07-26 19:57:46,137 - pyiron_log - INFO - run job: murn_job_0_92 id: 950, status: created
2026-07-26 19:57:56,088 - pyiron_log - INFO - murn_job: finished job murn_job_0_92
2026-07-26 19:57:56,544 - pyiron_log - INFO - murn_job: run job murn_job_0_94
2026-07-26 19:57:56,551 - pyiron_log - INFO - run job: murn_job_0_94 id: None, status: initialized
2026-07-26 19:57:56,722 - pyiron_log - INFO - run job: murn_job_0_94 id: 951, status: created
2026-07-26 19:58:06,005 - pyiron_log - INFO - murn_job: finished job murn_job_0_94
2026-07-26 19:58:06,410 - pyiron_log - INFO - murn_job: run job murn_job_0_96
2026-07-26 19:58:06,417 - pyiron_log - INFO - run job: murn_job_0_96 id: None, status: initialized
2026-07-26 19:58:06,574 - pyiron_log - INFO - run job: murn_job_0_96 id: 952, status: created
2026-07-26 19:58:15,005 - pyiron_log - INFO - murn_job: finished job murn_job_0_96
2026-07-26 19:58:15,342 - pyiron_log - INFO - murn_job: run job murn_job_0_98
2026-07-26 19:58:15,352 - pyiron_log - INFO - run job: murn_job_0_98 id: None, status: initialized
2026-07-26 19:58:15,475 - pyiron_log - INFO - run job: murn_job_0_98 id: 953, status: created
2026-07-26 19:58:25,351 - pyiron_log - INFO - murn_job: finished job murn_job_0_98
2026-07-26 19:58:25,790 - pyiron_log - INFO - murn_job: run job murn_job_1_0
2026-07-26 19:58:25,797 - pyiron_log - INFO - run job: murn_job_1_0 id: None, status: initialized
2026-07-26 19:58:25,959 - pyiron_log - INFO - run job: murn_job_1_0 id: 954, status: created
2026-07-26 19:58:35,444 - pyiron_log - INFO - murn_job: finished job murn_job_1_0
2026-07-26 19:58:35,968 - pyiron_log - INFO - murn_job: run job murn_job_1_02
2026-07-26 19:58:35,980 - pyiron_log - INFO - run job: murn_job_1_02 id: None, status: initialized
2026-07-26 19:58:36,153 - pyiron_log - INFO - run job: murn_job_1_02 id: 955, status: created
2026-07-26 19:58:45,988 - pyiron_log - INFO - murn_job: finished job murn_job_1_02
2026-07-26 19:58:46,405 - pyiron_log - INFO - murn_job: run job murn_job_1_04
2026-07-26 19:58:46,412 - pyiron_log - INFO - run job: murn_job_1_04 id: None, status: initialized
2026-07-26 19:58:46,571 - pyiron_log - INFO - run job: murn_job_1_04 id: 956, status: created
2026-07-26 19:58:54,003 - pyiron_log - INFO - murn_job: finished job murn_job_1_04
2026-07-26 19:58:54,345 - pyiron_log - INFO - murn_job: run job murn_job_1_06
2026-07-26 19:58:54,350 - pyiron_log - INFO - run job: murn_job_1_06 id: None, status: initialized
2026-07-26 19:58:54,478 - pyiron_log - INFO - run job: murn_job_1_06 id: 957, status: created
2026-07-26 19:59:03,266 - pyiron_log - INFO - murn_job: finished job murn_job_1_06
2026-07-26 19:59:03,716 - pyiron_log - INFO - murn_job: run job murn_job_1_08
2026-07-26 19:59:03,723 - pyiron_log - INFO - run job: murn_job_1_08 id: None, status: initialized
2026-07-26 19:59:03,904 - pyiron_log - INFO - run job: murn_job_1_08 id: 958, status: created
2026-07-26 19:59:12,925 - pyiron_log - INFO - murn_job: finished job murn_job_1_08
2026-07-26 19:59:13,396 - pyiron_log - INFO - murn_job: run job murn_job_1_1
2026-07-26 19:59:13,402 - pyiron_log - INFO - run job: murn_job_1_1 id: None, status: initialized
2026-07-26 19:59:13,575 - pyiron_log - INFO - run job: murn_job_1_1 id: 959, status: created
2026-07-26 19:59:23,003 - pyiron_log - INFO - murn_job: finished job murn_job_1_1
2026-07-26 19:59:23,014 - pyiron_log - INFO - run job: murn_job id: 948, status: collect
2026-07-26 19:59:23,015 - pyiron_log - INFO - job: murn_job id: 948, status: collect, finished
2026-07-26 19:59:24,318 - pyiron_log - INFO - job: murn_job id: 948, status: finished, parallel master
2026-07-26 19:59:24,320 - pyiron_log - INFO - update master: None 948 modal
2026-07-26 19:59:28,026 - pyiron_log - INFO - run job: calc_potential id: None, status: initialized
2026-07-26 19:59:28,202 - pyiron_log - INFO - run job: calc_potential id: 960, status: created
2026-07-26 19:59:45,402 - pyiron_log - INFO - run job: relax_defect id: None, status: initialized
2026-07-26 19:59:45,579 - pyiron_log - INFO - run job: relax_defect id: 961, status: created
2026-07-26 21:12:37,214 - pyiron_log - INFO - run job: calc_energy_og id: None, status: initialized
2026-07-26 21:12:37,339 - pyiron_log - INFO - run job: calc_energy_og id: 962, status: created
2026-07-26 21:45:27,982 - pyiron_log - INFO - run job: calc_energy_defect id: None, status: initialized
2026-07-26 21:45:28,137 - pyiron_log - INFO - run job: calc_energy_defect id: 963, status: created
2026-07-26 22:57:26,144 - pyiron_log - INFO - run job: murn_job id: None, status: initialized
2026-07-26 22:57:26,404 - pyiron_log - INFO - run job: murn_job id: 964, status: created
2026-07-26 22:57:26,408 - pyiron_log - INFO - job: murn_job id: 964 run parallel master (modal)
2026-07-26 22:57:26,788 - pyiron_log - INFO - murn_job: run job murn_job_0_9
2026-07-26 22:57:26,793 - pyiron_log - INFO - run job: murn_job_0_9 id: None, status: initialized
2026-07-26 22:57:26,929 - pyiron_log - INFO - run job: murn_job_0_9 id: 965, status: created
2026-07-26 22:57:35,874 - pyiron_log - INFO - murn_job: finished job murn_job_0_9
2026-07-26 22:57:36,288 - pyiron_log - INFO - murn_job: run job murn_job_0_92
2026-07-26 22:57:36,294 - pyiron_log - INFO - run job: murn_job_0_92 id: None, status: initialized
2026-07-26 22:57:36,444 - pyiron_log - INFO - run job: murn_job_0_92 id: 966, status: created
2026-07-26 22:57:45,782 - pyiron_log - INFO - murn_job: finished job murn_job_0_92
2026-07-26 22:57:46,191 - pyiron_log - INFO - murn_job: run job murn_job_0_94
2026-07-26 22:57:46,197 - pyiron_log - INFO - run job: murn_job_0_94 id: None, status: initialized
2026-07-26 22:57:46,357 - pyiron_log - INFO - run job: murn_job_0_94 id: 967, status: created
2026-07-26 22:57:55,860 - pyiron_log - INFO - murn_job: finished job murn_job_0_94
2026-07-26 22:57:56,392 - pyiron_log - INFO - murn_job: run job murn_job_0_96
2026-07-26 22:57:56,399 - pyiron_log - INFO - run job: murn_job_0_96 id: None, status: initialized
2026-07-26 22:57:56,567 - pyiron_log - INFO - run job: murn_job_0_96 id: 968, status: created
2026-07-26 22:58:05,602 - pyiron_log - INFO - murn_job: finished job murn_job_0_96
2026-07-26 22:58:05,940 - pyiron_log - INFO - murn_job: run job murn_job_0_98
2026-07-26 22:58:05,946 - pyiron_log - INFO - run job: murn_job_0_98 id: None, status: initialized
2026-07-26 22:58:06,073 - pyiron_log - INFO - run job: murn_job_0_98 id: 969, status: created
2026-07-26 22:58:16,038 - pyiron_log - INFO - murn_job: finished job murn_job_0_98
2026-07-26 22:58:16,516 - pyiron_log - INFO - murn_job: run job murn_job_1_0
2026-07-26 22:58:16,523 - pyiron_log - INFO - run job: murn_job_1_0 id: None, status: initialized
2026-07-26 22:58:16,710 - pyiron_log - INFO - run job: murn_job_1_0 id: 970, status: created
2026-07-26 22:58:26,417 - pyiron_log - INFO - murn_job: finished job murn_job_1_0
2026-07-26 22:58:26,913 - pyiron_log - INFO - murn_job: run job murn_job_1_02
2026-07-26 22:58:26,921 - pyiron_log - INFO - run job: murn_job_1_02 id: None, status: initialized
2026-07-26 22:58:27,111 - pyiron_log - INFO - run job: murn_job_1_02 id: 971, status: created
2026-07-26 22:58:36,835 - pyiron_log - INFO - murn_job: finished job murn_job_1_02
2026-07-26 22:58:37,303 - pyiron_log - INFO - murn_job: run job murn_job_1_04
2026-07-26 22:58:37,312 - pyiron_log - INFO - run job: murn_job_1_04 id: None, status: initialized
2026-07-26 22:58:37,484 - pyiron_log - INFO - run job: murn_job_1_04 id: 972, status: created
2026-07-26 22:58:45,186 - pyiron_log - INFO - murn_job: finished job murn_job_1_04
2026-07-26 22:58:45,516 - pyiron_log - INFO - murn_job: run job murn_job_1_06
2026-07-26 22:58:45,521 - pyiron_log - INFO - run job: murn_job_1_06 id: None, status: initialized
2026-07-26 22:58:45,643 - pyiron_log - INFO - run job: murn_job_1_06 id: 973, status: created
2026-07-26 22:58:54,347 - pyiron_log - INFO - murn_job: finished job murn_job_1_06
2026-07-26 22:58:54,800 - pyiron_log - INFO - murn_job: run job murn_job_1_08
2026-07-26 22:58:54,807 - pyiron_log - INFO - run job: murn_job_1_08 id: None, status: initialized
2026-07-26 22:58:54,989 - pyiron_log - INFO - run job: murn_job_1_08 id: 974, status: created
2026-07-26 22:59:04,011 - pyiron_log - INFO - murn_job: finished job murn_job_1_08
2026-07-26 22:59:04,473 - pyiron_log - INFO - murn_job: run job murn_job_1_1
2026-07-26 22:59:04,481 - pyiron_log - INFO - run job: murn_job_1_1 id: None, status: initialized
2026-07-26 22:59:04,666 - pyiron_log - INFO - run job: murn_job_1_1 id: 975, status: created
2026-07-26 22:59:14,049 - pyiron_log - INFO - murn_job: finished job murn_job_1_1
2026-07-26 22:59:14,060 - pyiron_log - INFO - run job: murn_job id: 964, status: collect
2026-07-26 22:59:14,062 - pyiron_log - INFO - job: murn_job id: 964, status: collect, finished
2026-07-26 22:59:15,360 - pyiron_log - INFO - job: murn_job id: 964, status: finished, parallel master
2026-07-26 22:59:15,363 - pyiron_log - INFO - update master: None 964 modal
2026-07-27 10:46:45,661 - pyiron_log - INFO - run job: calc_energy_og id: None, status: initialized
2026-07-27 10:47:19,017 - pyiron_log - INFO - run job: calc_energy_og id: 976, status: created
2026-07-27 10:47:19,032 - pyiron_log - INFO - job: calc_energy_og id: 976, status: running, run job (modal)
2026-07-27 11:11:13,177 - pyiron_log - INFO - job: calc_energy_og id: 976, status: running, output: mkfifo: cannot create fifo 'sxctrl': Operation not supported
mkfifo: cannot create fifo 'sxres': Operation not supported

2026-07-27 11:11:13,194 - pyiron_log - INFO - run job: calc_energy_og id: 976, status: collect
2026-07-27 11:11:15,158 - pyiron_log - INFO - collect_errors() is not yet implemented for SPHInX
2026-07-27 11:11:15,159 - pyiron_log - INFO - collect_warnings() is not yet             implemented for SPHInX
2026-07-27 11:11:15,712 - pyiron_log - INFO - update master: None 976 modal
2026-07-27 11:11:16,401 - pyiron_log - INFO - run job: calc_potential id: None, status: initialized
2026-07-27 11:11:21,026 - pyiron_log - INFO - run job: calc_potential id: 977, status: created
2026-07-27 11:11:21,041 - pyiron_log - INFO - job: calc_potential id: 977, status: running, run job (modal)
2026-07-27 11:15:40,824 - pyiron_log - INFO - run job: calc_energy_og id: None, status: initialized
2026-07-27 11:16:06,241 - pyiron_log - INFO - run job: calc_energy_og id: 978, status: created
2026-07-27 11:16:06,251 - pyiron_log - INFO - job: calc_energy_og id: 978, status: running, run job (modal)
2026-07-27 11:39:02,477 - pyiron_log - INFO - job: calc_energy_og id: 978, status: running, output: mkfifo: cannot create fifo 'sxctrl': Operation not supported
mkfifo: cannot create fifo 'sxres': Operation not supported

2026-07-27 11:39:02,490 - pyiron_log - INFO - run job: calc_energy_og id: 978, status: collect
2026-07-27 11:39:04,031 - pyiron_log - INFO - collect_errors() is not yet implemented for SPHInX
2026-07-27 11:39:04,032 - pyiron_log - INFO - collect_warnings() is not yet             implemented for SPHInX
2026-07-27 11:39:04,492 - pyiron_log - INFO - update master: None 978 modal
2026-07-27 11:39:04,973 - pyiron_log - INFO - run job: calc_potential id: None, status: initialized
2026-07-27 11:39:09,008 - pyiron_log - INFO - run job: calc_potential id: 979, status: created
2026-07-27 11:39:09,020 - pyiron_log - INFO - job: calc_potential id: 979, status: running, run job (modal)
2026-07-27 11:39:15,732 - pyiron_log - INFO - job: calc_potential id: 979, status: running, output: mkfifo: cannot create fifo 'sxctrl': Operation not supported
mkfifo: cannot create fifo 'sxres': Operation not supported

2026-07-27 11:39:15,744 - pyiron_log - INFO - run job: calc_potential id: 979, status: collect
2026-07-27 11:39:17,224 - pyiron_log - INFO - collect_errors() is not yet implemented for SPHInX
2026-07-27 11:39:17,224 - pyiron_log - INFO - collect_warnings() is not yet             implemented for SPHInX
2026-07-27 11:39:17,643 - pyiron_log - INFO - update master: None 979 modal
2026-07-27 11:39:18,171 - pyiron_log - INFO - run job: relax_defect id: None, status: initialized
2026-07-27 11:39:37,038 - pyiron_log - INFO - run job: relax_defect id: 980, status: created
2026-07-27 11:39:37,049 - pyiron_log - INFO - job: relax_defect id: 980, status: running, run job (modal)
2026-07-27 14:24:09,756 - pyiron_log - INFO - job: relax_defect id: 980, status: running, output: mkfifo: cannot create fifo 'sxctrl': Operation not supported
mkfifo: cannot create fifo 'sxres': Operation not supported

2026-07-27 14:24:09,772 - pyiron_log - INFO - run job: relax_defect id: 980, status: collect
2026-07-27 14:24:11,676 - pyiron_log - INFO - collect_errors() is not yet implemented for SPHInX
2026-07-27 14:24:11,677 - pyiron_log - INFO - collect_warnings() is not yet             implemented for SPHInX
2026-07-27 14:24:12,132 - pyiron_log - INFO - update master: None 980 modal
2026-07-27 14:24:13,479 - pyiron_log - WARNING - Could not access indices, returning None!
2026-07-27 14:24:13,924 - pyiron_log - WARNING - Could not access indices, returning None!
2026-07-27 14:24:14,851 - pyiron_log - INFO - run job: calc_energy_defect id: None, status: initialized
2026-07-27 14:24:35,689 - pyiron_log - INFO - run job: calc_energy_defect id: 981, status: created
2026-07-27 14:24:35,700 - pyiron_log - INFO - job: calc_energy_defect id: 981, status: running, run job (modal)
2026-07-27 15:55:25,832 - pyiron_log - INFO - job: calc_energy_defect id: 981, status: running, output: mkfifo: cannot create fifo 'sxctrl': Operation not supported
mkfifo: cannot create fifo 'sxres': Operation not supported

2026-07-27 15:55:25,844 - pyiron_log - INFO - run job: calc_energy_defect id: 981, status: collect
2026-07-27 15:55:27,645 - pyiron_log - INFO - collect_errors() is not yet implemented for SPHInX
2026-07-27 15:55:27,646 - pyiron_log - INFO - collect_warnings() is not yet             implemented for SPHInX
2026-07-27 15:55:28,091 - pyiron_log - INFO - update master: None 981 modal
2026-07-27 15:55:29,774 - pyiron_log - INFO - run job: murn_job id: None, status: initialized
2026-07-27 15:55:31,803 - pyiron_log - INFO - run job: murn_job id: 982, status: created
2026-07-27 15:55:31,808 - pyiron_log - INFO - job: murn_job id: 982 run parallel master (modal)
2026-07-27 15:55:36,286 - pyiron_log - INFO - murn_job: run job murn_job_0_9
2026-07-27 15:55:36,293 - pyiron_log - INFO - run job: murn_job_0_9 id: None, status: initialized
2026-07-27 15:55:46,787 - pyiron_log - INFO - run job: murn_job_0_9 id: 983, status: created
2026-07-27 15:55:46,803 - pyiron_log - INFO - job: murn_job_0_9 id: 983, status: running, run job (modal)
2026-07-27 15:55:51,514 - pyiron_log - INFO - job: murn_job_0_9 id: 983, status: running, output: mkfifo: cannot create fifo 'sxctrl': Operation not supported
mkfifo: cannot create fifo 'sxres': Operation not supported

2026-07-27 15:55:51,529 - pyiron_log - INFO - run job: murn_job_0_9 id: 983, status: collect
2026-07-27 15:55:52,874 - pyiron_log - INFO - collect_errors() is not yet implemented for SPHInX
2026-07-27 15:55:52,874 - pyiron_log - INFO - collect_warnings() is not yet             implemented for SPHInX
2026-07-27 15:55:53,331 - pyiron_log - INFO - update master: 982 983 modal
2026-07-27 15:55:53,335 - pyiron_log - INFO - murn_job: finished job murn_job_0_9
2026-07-27 15:55:57,116 - pyiron_log - INFO - murn_job: run job murn_job_0_92
2026-07-27 15:55:57,127 - pyiron_log - INFO - run job: murn_job_0_92 id: None, status: initialized
2026-07-27 15:56:07,476 - pyiron_log - INFO - run job: murn_job_0_92 id: 984, status: created
2026-07-27 15:56:07,491 - pyiron_log - INFO - job: murn_job_0_92 id: 984, status: running, run job (modal)
2026-07-27 15:56:14,388 - pyiron_log - INFO - job: murn_job_0_92 id: 984, status: running, output: mkfifo: cannot create fifo 'sxctrl': Operation not supported
mkfifo: cannot create fifo 'sxres': Operation not supported

2026-07-27 15:56:14,401 - pyiron_log - INFO - run job: murn_job_0_92 id: 984, status: collect
2026-07-27 15:56:15,745 - pyiron_log - INFO - collect_errors() is not yet implemented for SPHInX
2026-07-27 15:56:15,746 - pyiron_log - INFO - collect_warnings() is not yet             implemented for SPHInX
2026-07-27 15:56:16,149 - pyiron_log - INFO - update master: 982 984 modal
2026-07-27 15:56:16,154 - pyiron_log - INFO - murn_job: finished job murn_job_0_92
2026-07-27 15:56:18,913 - pyiron_log - INFO - murn_job: run job murn_job_0_94
2026-07-27 15:56:18,920 - pyiron_log - INFO - run job: murn_job_0_94 id: None, status: initialized
2026-07-27 15:56:29,367 - pyiron_log - INFO - run job: murn_job_0_94 id: 985, status: created
2026-07-27 15:56:29,380 - pyiron_log - INFO - job: murn_job_0_94 id: 985, status: running, run job (modal)
2026-07-27 15:56:36,595 - pyiron_log - INFO - job: murn_job_0_94 id: 985, status: running, output: mkfifo: cannot create fifo 'sxctrl': Operation not supported
mkfifo: cannot create fifo 'sxres': Operation not supported

2026-07-27 15:56:36,611 - pyiron_log - INFO - run job: murn_job_0_94 id: 985, status: collect
2026-07-27 15:56:38,455 - pyiron_log - INFO - collect_errors() is not yet implemented for SPHInX
2026-07-27 15:56:38,456 - pyiron_log - INFO - collect_warnings() is not yet             implemented for SPHInX
2026-07-27 15:56:38,951 - pyiron_log - INFO - update master: 982 985 modal
2026-07-27 15:56:38,958 - pyiron_log - INFO - murn_job: finished job murn_job_0_94
2026-07-27 15:56:42,277 - pyiron_log - INFO - murn_job: run job murn_job_0_96
2026-07-27 15:56:42,287 - pyiron_log - INFO - run job: murn_job_0_96 id: None, status: initialized
2026-07-27 15:56:51,648 - pyiron_log - INFO - run job: murn_job_0_96 id: 986, status: created
2026-07-27 15:56:51,663 - pyiron_log - INFO - job: murn_job_0_96 id: 986, status: running, run job (modal)
2026-07-27 15:56:58,072 - pyiron_log - INFO - job: murn_job_0_96 id: 986, status: running, output: mkfifo: cannot create fifo 'sxctrl': Operation not supported
mkfifo: cannot create fifo 'sxres': Operation not supported

2026-07-27 15:56:58,084 - pyiron_log - INFO - run job: murn_job_0_96 id: 986, status: collect
2026-07-27 15:56:59,913 - pyiron_log - INFO - collect_errors() is not yet implemented for SPHInX
2026-07-27 15:56:59,914 - pyiron_log - INFO - collect_warnings() is not yet             implemented for SPHInX
2026-07-27 15:57:00,438 - pyiron_log - INFO - update master: 982 986 modal
2026-07-27 15:57:00,443 - pyiron_log - INFO - murn_job: finished job murn_job_0_96
2026-07-27 15:57:04,020 - pyiron_log - INFO - murn_job: run job murn_job_0_98
2026-07-27 15:57:04,028 - pyiron_log - INFO - run job: murn_job_0_98 id: None, status: initialized
2026-07-27 15:57:12,889 - pyiron_log - INFO - run job: murn_job_0_98 id: 987, status: created
2026-07-27 15:57:12,900 - pyiron_log - INFO - job: murn_job_0_98 id: 987, status: running, run job (modal)
2026-07-27 15:57:19,200 - pyiron_log - INFO - job: murn_job_0_98 id: 987, status: running, output: mkfifo: cannot create fifo 'sxctrl': Operation not supported
mkfifo: cannot create fifo 'sxres': Operation not supported

2026-07-27 15:57:19,214 - pyiron_log - INFO - run job: murn_job_0_98 id: 987, status: collect
2026-07-27 15:57:21,170 - pyiron_log - INFO - collect_errors() is not yet implemented for SPHInX
2026-07-27 15:57:21,171 - pyiron_log - INFO - collect_warnings() is not yet             implemented for SPHInX
2026-07-27 15:57:21,732 - pyiron_log - INFO - update master: 982 987 modal
2026-07-27 15:57:21,738 - pyiron_log - INFO - murn_job: finished job murn_job_0_98
2026-07-27 15:57:25,544 - pyiron_log - INFO - murn_job: run job murn_job_1_0
2026-07-27 15:57:25,555 - pyiron_log - INFO - run job: murn_job_1_0 id: None, status: initialized
2026-07-27 15:57:36,287 - pyiron_log - INFO - run job: murn_job_1_0 id: 988, status: created
2026-07-27 15:57:36,302 - pyiron_log - INFO - job: murn_job_1_0 id: 988, status: running, run job (modal)
2026-07-27 15:57:42,572 - pyiron_log - INFO - job: murn_job_1_0 id: 988, status: running, output: mkfifo: cannot create fifo 'sxctrl': Operation not supported
mkfifo: cannot create fifo 'sxres': Operation not supported

2026-07-27 15:57:42,584 - pyiron_log - INFO - run job: murn_job_1_0 id: 988, status: collect
2026-07-27 15:57:44,247 - pyiron_log - INFO - collect_errors() is not yet implemented for SPHInX
2026-07-27 15:57:44,248 - pyiron_log - INFO - collect_warnings() is not yet             implemented for SPHInX
2026-07-27 15:57:44,803 - pyiron_log - INFO - update master: 982 988 modal
2026-07-27 15:57:44,811 - pyiron_log - INFO - murn_job: finished job murn_job_1_0
2026-07-27 15:57:48,770 - pyiron_log - INFO - murn_job: run job murn_job_1_02
2026-07-27 15:57:48,782 - pyiron_log - INFO - run job: murn_job_1_02 id: None, status: initialized
2026-07-27 15:57:59,467 - pyiron_log - INFO - run job: murn_job_1_02 id: 989, status: created
2026-07-27 15:57:59,481 - pyiron_log - INFO - job: murn_job_1_02 id: 989, status: running, run job (modal)
2026-07-27 15:58:07,138 - pyiron_log - INFO - job: murn_job_1_02 id: 989, status: running, output: mkfifo: cannot create fifo 'sxctrl': Operation not supported
mkfifo: cannot create fifo 'sxres': Operation not supported

2026-07-27 15:58:07,149 - pyiron_log - INFO - run job: murn_job_1_02 id: 989, status: collect
2026-07-27 15:58:08,574 - pyiron_log - INFO - collect_errors() is not yet implemented for SPHInX
2026-07-27 15:58:08,574 - pyiron_log - INFO - collect_warnings() is not yet             implemented for SPHInX
2026-07-27 15:58:09,003 - pyiron_log - INFO - update master: 982 989 modal
2026-07-27 15:58:09,012 - pyiron_log - INFO - murn_job: finished job murn_job_1_02
2026-07-27 15:58:12,207 - pyiron_log - INFO - murn_job: run job murn_job_1_04
2026-07-27 15:58:12,219 - pyiron_log - INFO - run job: murn_job_1_04 id: None, status: initialized
2026-07-27 15:58:23,310 - pyiron_log - INFO - run job: murn_job_1_04 id: 990, status: created
2026-07-27 15:58:23,329 - pyiron_log - INFO - job: murn_job_1_04 id: 990, status: running, run job (modal)
2026-07-27 15:58:31,890 - pyiron_log - INFO - job: murn_job_1_04 id: 990, status: running, output: mkfifo: cannot create fifo 'sxctrl': Operation not supported
mkfifo: cannot create fifo 'sxres': Operation not supported

2026-07-27 15:58:31,902 - pyiron_log - INFO - run job: murn_job_1_04 id: 990, status: collect
2026-07-27 15:58:33,810 - pyiron_log - INFO - collect_errors() is not yet implemented for SPHInX
2026-07-27 15:58:33,811 - pyiron_log - INFO - collect_warnings() is not yet             implemented for SPHInX
2026-07-27 15:58:34,317 - pyiron_log - INFO - update master: 982 990 modal
2026-07-27 15:58:34,322 - pyiron_log - INFO - murn_job: finished job murn_job_1_04
2026-07-27 15:58:37,405 - pyiron_log - INFO - murn_job: run job murn_job_1_06
2026-07-27 15:58:37,411 - pyiron_log - INFO - run job: murn_job_1_06 id: None, status: initialized
2026-07-27 15:58:47,226 - pyiron_log - INFO - run job: murn_job_1_06 id: 991, status: created
2026-07-27 15:58:47,243 - pyiron_log - INFO - job: murn_job_1_06 id: 991, status: running, run job (modal)
2026-07-27 15:58:55,205 - pyiron_log - INFO - job: murn_job_1_06 id: 991, status: running, output: mkfifo: cannot create fifo 'sxctrl': Operation not supported
mkfifo: cannot create fifo 'sxres': Operation not supported

2026-07-27 15:58:55,220 - pyiron_log - INFO - run job: murn_job_1_06 id: 991, status: collect
2026-07-27 15:58:57,054 - pyiron_log - INFO - collect_errors() is not yet implemented for SPHInX
2026-07-27 15:58:57,054 - pyiron_log - INFO - collect_warnings() is not yet             implemented for SPHInX
2026-07-27 15:58:57,557 - pyiron_log - INFO - update master: 982 991 modal
2026-07-27 15:58:57,564 - pyiron_log - INFO - murn_job: finished job murn_job_1_06
2026-07-27 15:59:01,137 - pyiron_log - INFO - murn_job: run job murn_job_1_08
2026-07-27 15:59:01,148 - pyiron_log - INFO - run job: murn_job_1_08 id: None, status: initialized
2026-07-27 15:59:09,189 - pyiron_log - INFO - run job: murn_job_1_08 id: 992, status: created
2026-07-27 15:59:09,201 - pyiron_log - INFO - job: murn_job_1_08 id: 992, status: running, run job (modal)
2026-07-27 15:59:16,299 - pyiron_log - INFO - job: murn_job_1_08 id: 992, status: running, output: mkfifo: cannot create fifo 'sxctrl': Operation not supported
mkfifo: cannot create fifo 'sxres': Operation not supported

2026-07-27 15:59:16,317 - pyiron_log - INFO - run job: murn_job_1_08 id: 992, status: collect
2026-07-27 15:59:18,172 - pyiron_log - INFO - collect_errors() is not yet implemented for SPHInX
2026-07-27 15:59:18,173 - pyiron_log - INFO - collect_warnings() is not yet             implemented for SPHInX
2026-07-27 15:59:18,710 - pyiron_log - INFO - update master: 982 992 modal
2026-07-27 15:59:18,715 - pyiron_log - INFO - murn_job: finished job murn_job_1_08
2026-07-27 15:59:22,489 - pyiron_log - INFO - murn_job: run job murn_job_1_1
2026-07-27 15:59:22,497 - pyiron_log - INFO - run job: murn_job_1_1 id: None, status: initialized
2026-07-27 15:59:32,507 - pyiron_log - INFO - run job: murn_job_1_1 id: 993, status: created
2026-07-27 15:59:32,519 - pyiron_log - INFO - job: murn_job_1_1 id: 993, status: running, run job (modal)
2026-07-27 15:59:39,342 - pyiron_log - INFO - job: murn_job_1_1 id: 993, status: running, output: mkfifo: cannot create fifo 'sxctrl': Operation not supported
mkfifo: cannot create fifo 'sxres': Operation not supported

2026-07-27 15:59:39,361 - pyiron_log - INFO - run job: murn_job_1_1 id: 993, status: collect
2026-07-27 15:59:41,255 - pyiron_log - INFO - collect_errors() is not yet implemented for SPHInX
2026-07-27 15:59:41,256 - pyiron_log - INFO - collect_warnings() is not yet             implemented for SPHInX
2026-07-27 15:59:41,774 - pyiron_log - INFO - update master: 982 993 modal
2026-07-27 15:59:41,780 - pyiron_log - INFO - murn_job: finished job murn_job_1_1
2026-07-27 15:59:41,791 - pyiron_log - INFO - run job: murn_job id: 982, status: collect
2026-07-27 15:59:41,793 - pyiron_log - INFO - job: murn_job id: 982, status: collect, finished
2026-07-27 16:00:00,629 - pyiron_log - INFO - job: murn_job id: 982, status: finished, parallel master
2026-07-27 16:00:00,631 - pyiron_log - INFO - update master: None 982 modal
2026-07-27 16:00:04,016 - pyiron_log - INFO - run job: calc_potential id: None, status: initialized
2026-07-27 16:00:04,196 - pyiron_log - INFO - run job: calc_potential id: 994, status: created
2026-07-27 16:00:21,599 - pyiron_log - INFO - run job: calc_energy_og id: None, status: initialized
2026-07-27 16:00:21,784 - pyiron_log - INFO - run job: calc_energy_og id: 995, status: created
2026-07-27 16:38:17,103 - pyiron_log - INFO - run job: relax_defect id: None, status: initialized
2026-07-27 16:38:40,921 - pyiron_log - INFO - run job: relax_defect id: 996, status: created
2026-07-27 16:38:40,932 - pyiron_log - INFO - job: relax_defect id: 996, status: running, run job (modal)
2026-07-27 19:24:02,113 - pyiron_log - INFO - job: relax_defect id: 996, status: running, output: mkfifo: cannot create fifo 'sxctrl': Operation not supported
mkfifo: cannot create fifo 'sxres': Operation not supported

2026-07-27 19:24:02,134 - pyiron_log - INFO - run job: relax_defect id: 996, status: collect
2026-07-27 19:24:03,907 - pyiron_log - INFO - collect_errors() is not yet implemented for SPHInX
2026-07-27 19:24:03,908 - pyiron_log - INFO - collect_warnings() is not yet             implemented for SPHInX
2026-07-27 19:24:04,306 - pyiron_log - INFO - update master: None 996 modal
2026-07-27 19:24:05,500 - pyiron_log - WARNING - Could not access indices, returning None!
2026-07-27 19:24:05,838 - pyiron_log - WARNING - Could not access indices, returning None!
2026-07-27 19:24:06,692 - pyiron_log - INFO - run job: calc_energy_defect id: None, status: initialized
2026-07-27 19:24:06,847 - pyiron_log - INFO - run job: calc_energy_defect id: 997, status: created
2026-07-27 20:35:00,324 - pyiron_log - INFO - run job: murn_job id: None, status: initialized
2026-07-27 20:35:00,580 - pyiron_log - INFO - run job: murn_job id: 998, status: created
2026-07-27 20:35:00,584 - pyiron_log - INFO - job: murn_job id: 998 run parallel master (modal)
2026-07-27 20:35:00,955 - pyiron_log - INFO - murn_job: run job murn_job_0_9
2026-07-27 20:35:00,961 - pyiron_log - INFO - run job: murn_job_0_9 id: None, status: initialized
2026-07-27 20:35:01,098 - pyiron_log - INFO - run job: murn_job_0_9 id: 999, status: created
2026-07-27 20:35:10,585 - pyiron_log - INFO - murn_job: finished job murn_job_0_9
2026-07-27 20:35:11,028 - pyiron_log - INFO - murn_job: run job murn_job_0_92
2026-07-27 20:35:11,040 - pyiron_log - INFO - run job: murn_job_0_92 id: None, status: initialized
2026-07-27 20:35:11,201 - pyiron_log - INFO - run job: murn_job_0_92 id: 1000, status: created
2026-07-27 20:35:20,636 - pyiron_log - INFO - murn_job: finished job murn_job_0_92
2026-07-27 20:35:21,113 - pyiron_log - INFO - murn_job: run job murn_job_0_94
2026-07-27 20:35:21,120 - pyiron_log - INFO - run job: murn_job_0_94 id: None, status: initialized
2026-07-27 20:35:21,294 - pyiron_log - INFO - run job: murn_job_0_94 id: 1001, status: created
2026-07-27 20:35:30,729 - pyiron_log - INFO - murn_job: finished job murn_job_0_94
2026-07-27 20:35:31,142 - pyiron_log - INFO - murn_job: run job murn_job_0_96
2026-07-27 20:35:31,149 - pyiron_log - INFO - run job: murn_job_0_96 id: None, status: initialized
2026-07-27 20:35:31,332 - pyiron_log - INFO - run job: murn_job_0_96 id: 1002, status: created
2026-07-27 20:35:40,321 - pyiron_log - INFO - murn_job: finished job murn_job_0_96
2026-07-27 20:35:40,664 - pyiron_log - INFO - murn_job: run job murn_job_0_98
2026-07-27 20:35:40,673 - pyiron_log - INFO - run job: murn_job_0_98 id: None, status: initialized
2026-07-27 20:35:40,797 - pyiron_log - INFO - run job: murn_job_0_98 id: 1003, status: created
2026-07-27 20:35:50,712 - pyiron_log - INFO - murn_job: finished job murn_job_0_98
2026-07-27 20:35:51,186 - pyiron_log - INFO - murn_job: run job murn_job_1_0
2026-07-27 20:35:51,193 - pyiron_log - INFO - run job: murn_job_1_0 id: None, status: initialized
2026-07-27 20:35:51,360 - pyiron_log - INFO - run job: murn_job_1_0 id: 1004, status: created
2026-07-27 20:36:00,982 - pyiron_log - INFO - murn_job: finished job murn_job_1_0
2026-07-27 20:36:01,452 - pyiron_log - INFO - murn_job: run job murn_job_1_02
2026-07-27 20:36:01,464 - pyiron_log - INFO - run job: murn_job_1_02 id: None, status: initialized
2026-07-27 20:36:01,647 - pyiron_log - INFO - run job: murn_job_1_02 id: 1005, status: created
2026-07-27 20:36:11,301 - pyiron_log - INFO - murn_job: finished job murn_job_1_02
2026-07-27 20:36:11,730 - pyiron_log - INFO - murn_job: run job murn_job_1_04
2026-07-27 20:36:11,742 - pyiron_log - INFO - run job: murn_job_1_04 id: None, status: initialized
2026-07-27 20:36:11,906 - pyiron_log - INFO - run job: murn_job_1_04 id: 1006, status: created
2026-07-27 20:36:19,798 - pyiron_log - INFO - murn_job: finished job murn_job_1_04
2026-07-27 20:36:20,121 - pyiron_log - INFO - murn_job: run job murn_job_1_06
2026-07-27 20:36:20,127 - pyiron_log - INFO - run job: murn_job_1_06 id: None, status: initialized
2026-07-27 20:36:20,255 - pyiron_log - INFO - run job: murn_job_1_06 id: 1007, status: created
2026-07-27 20:36:28,961 - pyiron_log - INFO - murn_job: finished job murn_job_1_06
2026-07-27 20:36:29,413 - pyiron_log - INFO - murn_job: run job murn_job_1_08
2026-07-27 20:36:29,423 - pyiron_log - INFO - run job: murn_job_1_08 id: None, status: initialized
2026-07-27 20:36:29,606 - pyiron_log - INFO - run job: murn_job_1_08 id: 1008, status: created
2026-07-27 20:36:38,672 - pyiron_log - INFO - murn_job: finished job murn_job_1_08
2026-07-27 20:36:39,140 - pyiron_log - INFO - murn_job: run job murn_job_1_1
2026-07-27 20:36:39,149 - pyiron_log - INFO - run job: murn_job_1_1 id: None, status: initialized
2026-07-27 20:36:39,326 - pyiron_log - INFO - run job: murn_job_1_1 id: 1009, status: created
2026-07-27 20:36:48,345 - pyiron_log - INFO - murn_job: finished job murn_job_1_1
2026-07-27 20:36:48,356 - pyiron_log - INFO - run job: murn_job id: 998, status: collect
2026-07-27 20:36:48,357 - pyiron_log - INFO - job: murn_job id: 998, status: collect, finished
2026-07-27 20:36:49,669 - pyiron_log - INFO - job: murn_job id: 998, status: finished, parallel master
2026-07-27 20:36:49,671 - pyiron_log - INFO - update master: None 998 modal
2026-07-27 20:36:53,206 - pyiron_log - INFO - run job: calc_potential id: None, status: initialized
2026-07-27 20:36:53,458 - pyiron_log - INFO - run job: calc_potential id: 1010, status: created
2026-07-27 20:37:10,832 - pyiron_log - INFO - run job: relax_defect id: None, status: initialized
2026-07-27 20:37:11,012 - pyiron_log - INFO - run job: relax_defect id: 1011, status: created
2026-07-27 21:48:29,651 - pyiron_log - INFO - run job: calc_energy_og id: None, status: initialized
2026-07-27 21:48:29,844 - pyiron_log - INFO - run job: calc_energy_og id: 1012, status: created
2026-07-27 22:25:35,358 - pyiron_log - INFO - run job: calc_energy_defect id: None, status: initialized
2026-07-27 22:25:35,488 - pyiron_log - INFO - run job: calc_energy_defect id: 1013, status: created
2026-07-27 23:39:48,974 - pyiron_log - INFO - run job: murn_job id: None, status: initialized
2026-07-27 23:39:49,231 - pyiron_log - INFO - run job: murn_job id: 1014, status: created
2026-07-27 23:39:49,235 - pyiron_log - INFO - job: murn_job id: 1014 run parallel master (modal)
2026-07-27 23:39:49,581 - pyiron_log - INFO - murn_job: run job murn_job_0_9
2026-07-27 23:39:49,585 - pyiron_log - INFO - run job: murn_job_0_9 id: None, status: initialized
2026-07-27 23:39:49,720 - pyiron_log - INFO - run job: murn_job_0_9 id: 1015, status: created
2026-07-27 23:39:58,764 - pyiron_log - INFO - murn_job: finished job murn_job_0_9
2026-07-27 23:39:59,185 - pyiron_log - INFO - murn_job: run job murn_job_0_92
2026-07-27 23:39:59,192 - pyiron_log - INFO - run job: murn_job_0_92 id: None, status: initialized
2026-07-27 23:39:59,340 - pyiron_log - INFO - run job: murn_job_0_92 id: 1016, status: created
2026-07-27 23:40:08,717 - pyiron_log - INFO - murn_job: finished job murn_job_0_92
2026-07-27 23:40:09,151 - pyiron_log - INFO - murn_job: run job murn_job_0_94
2026-07-27 23:40:09,157 - pyiron_log - INFO - run job: murn_job_0_94 id: None, status: initialized
2026-07-27 23:40:09,325 - pyiron_log - INFO - run job: murn_job_0_94 id: 1017, status: created
2026-07-27 23:40:18,940 - pyiron_log - INFO - murn_job: finished job murn_job_0_94
2026-07-27 23:40:19,388 - pyiron_log - INFO - murn_job: run job murn_job_0_96
2026-07-27 23:40:19,394 - pyiron_log - INFO - run job: murn_job_0_96 id: None, status: initialized
2026-07-27 23:40:19,567 - pyiron_log - INFO - run job: murn_job_0_96 id: 1018, status: created
2026-07-27 23:40:29,547 - pyiron_log - INFO - murn_job: finished job murn_job_0_96
2026-07-27 23:40:30,043 - pyiron_log - INFO - murn_job: run job murn_job_0_98
2026-07-27 23:40:30,051 - pyiron_log - INFO - run job: murn_job_0_98 id: None, status: initialized
2026-07-27 23:40:30,236 - pyiron_log - INFO - run job: murn_job_0_98 id: 1019, status: created
2026-07-27 23:40:41,258 - pyiron_log - INFO - murn_job: finished job murn_job_0_98
2026-07-27 23:40:41,614 - pyiron_log - INFO - murn_job: run job murn_job_1_0
2026-07-27 23:40:41,619 - pyiron_log - INFO - run job: murn_job_1_0 id: None, status: initialized
2026-07-27 23:40:41,742 - pyiron_log - INFO - run job: murn_job_1_0 id: 1020, status: created
2026-07-27 23:40:51,950 - pyiron_log - INFO - murn_job: finished job murn_job_1_0
2026-07-27 23:40:52,427 - pyiron_log - INFO - murn_job: run job murn_job_1_02
2026-07-27 23:40:52,438 - pyiron_log - INFO - run job: murn_job_1_02 id: None, status: initialized
2026-07-27 23:40:52,622 - pyiron_log - INFO - run job: murn_job_1_02 id: 1021, status: created
2026-07-27 23:41:03,091 - pyiron_log - INFO - murn_job: finished job murn_job_1_02
2026-07-27 23:41:03,643 - pyiron_log - INFO - murn_job: run job murn_job_1_04
2026-07-27 23:41:03,650 - pyiron_log - INFO - run job: murn_job_1_04 id: None, status: initialized
2026-07-27 23:41:03,886 - pyiron_log - INFO - run job: murn_job_1_04 id: 1022, status: created
2026-07-27 23:41:12,708 - pyiron_log - INFO - murn_job: finished job murn_job_1_04
2026-07-27 23:41:13,201 - pyiron_log - INFO - murn_job: run job murn_job_1_06
2026-07-27 23:41:13,208 - pyiron_log - INFO - run job: murn_job_1_06 id: None, status: initialized
2026-07-27 23:41:13,393 - pyiron_log - INFO - run job: murn_job_1_06 id: 1023, status: created
2026-07-27 23:41:21,954 - pyiron_log - INFO - murn_job: finished job murn_job_1_06
2026-07-27 23:41:22,322 - pyiron_log - INFO - murn_job: run job murn_job_1_08
2026-07-27 23:41:22,332 - pyiron_log - INFO - run job: murn_job_1_08 id: None, status: initialized
2026-07-27 23:41:22,454 - pyiron_log - INFO - run job: murn_job_1_08 id: 1024, status: created
2026-07-27 23:41:31,474 - pyiron_log - INFO - murn_job: finished job murn_job_1_08
2026-07-27 23:41:31,970 - pyiron_log - INFO - murn_job: run job murn_job_1_1
2026-07-27 23:41:31,981 - pyiron_log - INFO - run job: murn_job_1_1 id: None, status: initialized
2026-07-27 23:41:32,181 - pyiron_log - INFO - run job: murn_job_1_1 id: 1025, status: created
2026-07-27 23:41:42,659 - pyiron_log - INFO - murn_job: finished job murn_job_1_1
2026-07-27 23:41:42,673 - pyiron_log - INFO - run job: murn_job id: 1014, status: collect
2026-07-27 23:41:42,675 - pyiron_log - INFO - job: murn_job id: 1014, status: collect, finished
2026-07-27 23:41:44,168 - pyiron_log - INFO - job: murn_job id: 1014, status: finished, parallel master
2026-07-27 23:41:44,170 - pyiron_log - INFO - update master: None 1014 modal
2026-07-28 00:02:23,952 - pyiron_log - INFO - run job: calc_potential id: None, status: initialized
2026-07-28 00:02:26,564 - pyiron_log - INFO - run job: calc_potential id: 1026, status: created
2026-07-28 00:02:26,576 - pyiron_log - INFO - job: calc_potential id: 1026, status: running, run job (modal)
2026-07-28 00:02:32,148 - pyiron_log - INFO - job: calc_potential id: 1026, status: running, output: mkfifo: cannot create fifo 'sxctrl': Operation not supported
mkfifo: cannot create fifo 'sxres': Operation not supported

2026-07-28 00:02:32,158 - pyiron_log - INFO - run job: calc_potential id: 1026, status: collect
2026-07-28 00:02:33,414 - pyiron_log - INFO - collect_errors() is not yet implemented for SPHInX
2026-07-28 00:02:33,414 - pyiron_log - INFO - collect_warnings() is not yet             implemented for SPHInX
2026-07-28 00:02:33,774 - pyiron_log - INFO - update master: None 1026 modal
2026-07-28 00:02:34,296 - pyiron_log - INFO - run job: relax_defect_1 id: None, status: initialized
2026-07-28 00:02:34,454 - pyiron_log - INFO - run job: relax_defect_1 id: 1027, status: created
2026-07-28 00:37:02,541 - pyiron_log - INFO - run job: calc_energy_og id: None, status: initialized
2026-07-28 00:37:25,147 - pyiron_log - INFO - run job: calc_energy_og id: 1028, status: created
2026-07-28 00:37:25,165 - pyiron_log - INFO - job: calc_energy_og id: 1028, status: running, run job (modal)
2026-07-28 01:00:21,313 - pyiron_log - INFO - job: calc_energy_og id: 1028, status: running, output: mkfifo: cannot create fifo 'sxctrl': Operation not supported
mkfifo: cannot create fifo 'sxres': Operation not supported

2026-07-28 01:00:21,325 - pyiron_log - INFO - run job: calc_energy_og id: 1028, status: collect
2026-07-28 01:00:22,718 - pyiron_log - INFO - collect_errors() is not yet implemented for SPHInX
2026-07-28 01:00:22,718 - pyiron_log - INFO - collect_warnings() is not yet             implemented for SPHInX
2026-07-28 01:00:23,089 - pyiron_log - INFO - update master: None 1028 modal
2026-07-28 01:00:23,474 - pyiron_log - INFO - run job: murn_job id: None, status: initialized
2026-07-28 01:00:25,363 - pyiron_log - INFO - run job: murn_job id: 1029, status: created
2026-07-28 01:00:25,368 - pyiron_log - INFO - job: murn_job id: 1029 run parallel master (modal)
2026-07-28 01:00:28,639 - pyiron_log - INFO - murn_job: run job murn_job_0_9
2026-07-28 01:00:28,647 - pyiron_log - INFO - run job: murn_job_0_9 id: None, status: initialized
2026-07-28 01:00:37,708 - pyiron_log - INFO - run job: murn_job_0_9 id: 1030, status: created
2026-07-28 01:00:37,723 - pyiron_log - INFO - job: murn_job_0_9 id: 1030, status: running, run job (modal)
2026-07-28 01:00:42,670 - pyiron_log - INFO - job: murn_job_0_9 id: 1030, status: running, output: mkfifo: cannot create fifo 'sxctrl': Operation not supported
mkfifo: cannot create fifo 'sxres': Operation not supported

2026-07-28 01:00:42,689 - pyiron_log - INFO - run job: murn_job_0_9 id: 1030, status: collect
2026-07-28 01:00:44,151 - pyiron_log - INFO - collect_errors() is not yet implemented for SPHInX
2026-07-28 01:00:44,151 - pyiron_log - INFO - collect_warnings() is not yet             implemented for SPHInX
2026-07-28 01:00:44,504 - pyiron_log - INFO - update master: 1029 1030 modal
2026-07-28 01:00:44,508 - pyiron_log - INFO - murn_job: finished job murn_job_0_9
2026-07-28 01:00:47,139 - pyiron_log - INFO - murn_job: run job murn_job_0_92
2026-07-28 01:00:47,149 - pyiron_log - INFO - run job: murn_job_0_92 id: None, status: initialized
2026-07-28 01:00:56,143 - pyiron_log - INFO - run job: murn_job_0_92 id: 1031, status: created
2026-07-28 01:00:56,157 - pyiron_log - INFO - job: murn_job_0_92 id: 1031, status: running, run job (modal)
2026-07-28 01:01:03,466 - pyiron_log - INFO - job: murn_job_0_92 id: 1031, status: running, output: mkfifo: cannot create fifo 'sxctrl': Operation not supported
mkfifo: cannot create fifo 'sxres': Operation not supported

2026-07-28 01:01:03,482 - pyiron_log - INFO - run job: murn_job_0_92 id: 1031, status: collect
2026-07-28 01:01:05,265 - pyiron_log - INFO - collect_errors() is not yet implemented for SPHInX
2026-07-28 01:01:05,266 - pyiron_log - INFO - collect_warnings() is not yet             implemented for SPHInX
2026-07-28 01:01:05,745 - pyiron_log - INFO - update master: 1029 1031 modal
2026-07-28 01:01:05,751 - pyiron_log - INFO - murn_job: finished job murn_job_0_92
2026-07-28 01:01:09,224 - pyiron_log - INFO - murn_job: run job murn_job_0_94
2026-07-28 01:01:09,236 - pyiron_log - INFO - run job: murn_job_0_94 id: None, status: initialized
2026-07-28 01:01:16,727 - pyiron_log - INFO - run job: murn_job_0_94 id: 1032, status: created
2026-07-28 01:01:16,739 - pyiron_log - INFO - job: murn_job_0_94 id: 1032, status: running, run job (modal)
2026-07-28 01:01:23,557 - pyiron_log - INFO - job: murn_job_0_94 id: 1032, status: running, output: mkfifo: cannot create fifo 'sxctrl': Operation not supported
mkfifo: cannot create fifo 'sxres': Operation not supported

2026-07-28 01:01:23,576 - pyiron_log - INFO - run job: murn_job_0_94 id: 1032, status: collect
2026-07-28 01:01:25,219 - pyiron_log - INFO - collect_errors() is not yet implemented for SPHInX
2026-07-28 01:01:25,220 - pyiron_log - INFO - collect_warnings() is not yet             implemented for SPHInX
2026-07-28 01:01:25,723 - pyiron_log - INFO - update master: 1029 1032 modal
2026-07-28 01:01:25,731 - pyiron_log - INFO - murn_job: finished job murn_job_0_94
2026-07-28 01:01:29,978 - pyiron_log - INFO - murn_job: run job murn_job_0_96
2026-07-28 01:01:29,985 - pyiron_log - INFO - run job: murn_job_0_96 id: None, status: initialized
2026-07-28 01:01:40,450 - pyiron_log - INFO - run job: murn_job_0_96 id: 1033, status: created
2026-07-28 01:01:40,467 - pyiron_log - INFO - job: murn_job_0_96 id: 1033, status: running, run job (modal)
2026-07-28 01:01:46,008 - pyiron_log - INFO - job: murn_job_0_96 id: 1033, status: running, output: mkfifo: cannot create fifo 'sxctrl': Operation not supported
mkfifo: cannot create fifo 'sxres': Operation not supported

2026-07-28 01:01:46,018 - pyiron_log - INFO - run job: murn_job_0_96 id: 1033, status: collect
2026-07-28 01:01:47,561 - pyiron_log - INFO - collect_errors() is not yet implemented for SPHInX
2026-07-28 01:01:47,562 - pyiron_log - INFO - collect_warnings() is not yet             implemented for SPHInX
2026-07-28 01:01:48,012 - pyiron_log - INFO - update master: 1029 1033 modal
2026-07-28 01:01:48,017 - pyiron_log - INFO - murn_job: finished job murn_job_0_96
2026-07-28 01:01:51,711 - pyiron_log - INFO - murn_job: run job murn_job_0_98
2026-07-28 01:01:51,718 - pyiron_log - INFO - run job: murn_job_0_98 id: None, status: initialized
2026-07-28 01:02:01,615 - pyiron_log - INFO - run job: murn_job_0_98 id: 1034, status: created
2026-07-28 01:02:01,628 - pyiron_log - INFO - job: murn_job_0_98 id: 1034, status: running, run job (modal)
2026-07-28 01:02:08,160 - pyiron_log - INFO - job: murn_job_0_98 id: 1034, status: running, output: mkfifo: cannot create fifo 'sxctrl': Operation not supported
mkfifo: cannot create fifo 'sxres': Operation not supported

2026-07-28 01:02:08,171 - pyiron_log - INFO - run job: murn_job_0_98 id: 1034, status: collect
2026-07-28 01:02:09,745 - pyiron_log - INFO - collect_errors() is not yet implemented for SPHInX
2026-07-28 01:02:09,745 - pyiron_log - INFO - collect_warnings() is not yet             implemented for SPHInX
2026-07-28 01:02:10,177 - pyiron_log - INFO - update master: 1029 1034 modal
2026-07-28 01:02:10,184 - pyiron_log - INFO - murn_job: finished job murn_job_0_98
2026-07-28 01:02:12,921 - pyiron_log - INFO - murn_job: run job murn_job_1_0
2026-07-28 01:02:12,931 - pyiron_log - INFO - run job: murn_job_1_0 id: None, status: initialized
2026-07-28 01:02:22,300 - pyiron_log - INFO - run job: murn_job_1_0 id: 1035, status: created
2026-07-28 01:02:22,316 - pyiron_log - INFO - job: murn_job_1_0 id: 1035, status: running, run job (modal)
2026-07-28 01:02:29,992 - pyiron_log - INFO - job: murn_job_1_0 id: 1035, status: running, output: mkfifo: cannot create fifo 'sxctrl': Operation not supported
mkfifo: cannot create fifo 'sxres': Operation not supported

2026-07-28 01:02:30,006 - pyiron_log - INFO - run job: murn_job_1_0 id: 1035, status: collect
2026-07-28 01:02:31,819 - pyiron_log - INFO - collect_errors() is not yet implemented for SPHInX
2026-07-28 01:02:31,819 - pyiron_log - INFO - collect_warnings() is not yet             implemented for SPHInX
2026-07-28 01:02:32,310 - pyiron_log - INFO - update master: 1029 1035 modal
2026-07-28 01:02:32,315 - pyiron_log - INFO - murn_job: finished job murn_job_1_0
2026-07-28 01:02:36,374 - pyiron_log - INFO - murn_job: run job murn_job_1_02
2026-07-28 01:02:36,382 - pyiron_log - INFO - run job: murn_job_1_02 id: None, status: initialized
2026-07-28 01:02:44,986 - pyiron_log - INFO - run job: murn_job_1_02 id: 1036, status: created
2026-07-28 01:02:44,999 - pyiron_log - INFO - job: murn_job_1_02 id: 1036, status: running, run job (modal)
2026-07-28 01:02:52,455 - pyiron_log - INFO - job: murn_job_1_02 id: 1036, status: running, output: mkfifo: cannot create fifo 'sxctrl': Operation not supported
mkfifo: cannot create fifo 'sxres': Operation not supported

2026-07-28 01:02:52,471 - pyiron_log - INFO - run job: murn_job_1_02 id: 1036, status: collect
2026-07-28 01:02:54,113 - pyiron_log - INFO - collect_errors() is not yet implemented for SPHInX
2026-07-28 01:02:54,114 - pyiron_log - INFO - collect_warnings() is not yet             implemented for SPHInX
2026-07-28 01:02:54,634 - pyiron_log - INFO - update master: 1029 1036 modal
2026-07-28 01:02:54,639 - pyiron_log - INFO - murn_job: finished job murn_job_1_02
2026-07-28 01:02:58,360 - pyiron_log - INFO - murn_job: run job murn_job_1_04
2026-07-28 01:02:58,373 - pyiron_log - INFO - run job: murn_job_1_04 id: None, status: initialized
2026-07-28 01:03:08,268 - pyiron_log - INFO - run job: murn_job_1_04 id: 1037, status: created
2026-07-28 01:03:08,280 - pyiron_log - INFO - job: murn_job_1_04 id: 1037, status: running, run job (modal)
2026-07-28 01:03:14,631 - pyiron_log - INFO - job: murn_job_1_04 id: 1037, status: running, output: mkfifo: cannot create fifo 'sxctrl': Operation not supported
mkfifo: cannot create fifo 'sxres': Operation not supported

2026-07-28 01:03:14,642 - pyiron_log - INFO - run job: murn_job_1_04 id: 1037, status: collect
2026-07-28 01:03:16,168 - pyiron_log - INFO - collect_errors() is not yet implemented for SPHInX
2026-07-28 01:03:16,169 - pyiron_log - INFO - collect_warnings() is not yet             implemented for SPHInX
2026-07-28 01:03:16,649 - pyiron_log - INFO - update master: 1029 1037 modal
2026-07-28 01:03:16,654 - pyiron_log - INFO - murn_job: finished job murn_job_1_04
2026-07-28 01:03:20,253 - pyiron_log - INFO - murn_job: run job murn_job_1_06
2026-07-28 01:03:20,261 - pyiron_log - INFO - run job: murn_job_1_06 id: None, status: initialized
2026-07-28 01:03:30,136 - pyiron_log - INFO - run job: murn_job_1_06 id: 1038, status: created
2026-07-28 01:03:30,149 - pyiron_log - INFO - job: murn_job_1_06 id: 1038, status: running, run job (modal)
2026-07-28 01:03:37,887 - pyiron_log - INFO - job: murn_job_1_06 id: 1038, status: running, output: mkfifo: cannot create fifo 'sxctrl': Operation not supported
mkfifo: cannot create fifo 'sxres': Operation not supported

2026-07-28 01:03:37,904 - pyiron_log - INFO - run job: murn_job_1_06 id: 1038, status: collect
2026-07-28 01:03:39,438 - pyiron_log - INFO - collect_errors() is not yet implemented for SPHInX
2026-07-28 01:03:39,438 - pyiron_log - INFO - collect_warnings() is not yet             implemented for SPHInX
2026-07-28 01:03:39,754 - pyiron_log - INFO - update master: 1029 1038 modal
2026-07-28 01:03:39,758 - pyiron_log - INFO - murn_job: finished job murn_job_1_06
2026-07-28 01:03:42,394 - pyiron_log - INFO - murn_job: run job murn_job_1_08
2026-07-28 01:03:42,399 - pyiron_log - INFO - run job: murn_job_1_08 id: None, status: initialized
2026-07-28 01:03:51,515 - pyiron_log - INFO - run job: murn_job_1_08 id: 1039, status: created
2026-07-28 01:03:51,534 - pyiron_log - INFO - job: murn_job_1_08 id: 1039, status: running, run job (modal)
2026-07-28 01:03:58,961 - pyiron_log - INFO - job: murn_job_1_08 id: 1039, status: running, output: mkfifo: cannot create fifo 'sxctrl': Operation not supported
mkfifo: cannot create fifo 'sxres': Operation not supported

2026-07-28 01:03:58,978 - pyiron_log - INFO - run job: murn_job_1_08 id: 1039, status: collect
2026-07-28 01:04:00,725 - pyiron_log - INFO - collect_errors() is not yet implemented for SPHInX
2026-07-28 01:04:00,726 - pyiron_log - INFO - collect_warnings() is not yet             implemented for SPHInX
2026-07-28 01:04:01,206 - pyiron_log - INFO - update master: 1029 1039 modal
2026-07-28 01:04:01,211 - pyiron_log - INFO - murn_job: finished job murn_job_1_08
2026-07-28 01:04:04,770 - pyiron_log - INFO - murn_job: run job murn_job_1_1
2026-07-28 01:04:04,781 - pyiron_log - INFO - run job: murn_job_1_1 id: None, status: initialized
2026-07-28 01:04:12,470 - pyiron_log - INFO - run job: murn_job_1_1 id: 1040, status: created
2026-07-28 01:04:12,479 - pyiron_log - INFO - job: murn_job_1_1 id: 1040, status: running, run job (modal)
2026-07-28 01:04:20,320 - pyiron_log - INFO - job: murn_job_1_1 id: 1040, status: running, output: mkfifo: cannot create fifo 'sxctrl': Operation not supported
mkfifo: cannot create fifo 'sxres': Operation not supported

2026-07-28 01:04:20,331 - pyiron_log - INFO - run job: murn_job_1_1 id: 1040, status: collect
2026-07-28 01:04:22,021 - pyiron_log - INFO - collect_errors() is not yet implemented for SPHInX
2026-07-28 01:04:22,022 - pyiron_log - INFO - collect_warnings() is not yet             implemented for SPHInX
2026-07-28 01:04:22,486 - pyiron_log - INFO - update master: 1029 1040 modal
2026-07-28 01:04:22,491 - pyiron_log - INFO - murn_job: finished job murn_job_1_1
2026-07-28 01:04:22,500 - pyiron_log - INFO - run job: murn_job id: 1029, status: collect
2026-07-28 01:04:22,501 - pyiron_log - INFO - job: murn_job id: 1029, status: collect, finished
2026-07-28 01:04:38,757 - pyiron_log - INFO - job: murn_job id: 1029, status: finished, parallel master
2026-07-28 01:04:38,759 - pyiron_log - INFO - update master: None 1029 modal
2026-07-28 01:04:38,790 - pyiron_log - INFO - run job: relax_defect_2 id: None, status: initialized
2026-07-28 01:04:38,997 - pyiron_log - INFO - run job: relax_defect_2 id: 1041, status: created
2026-07-28 02:14:53,830 - pyiron_log - INFO - run job: calc_energy_defect id: None, status: initialized
2026-07-28 02:15:14,583 - pyiron_log - INFO - run job: calc_energy_defect id: 1042, status: created
2026-07-28 02:15:14,595 - pyiron_log - INFO - job: calc_energy_defect id: 1042, status: running, run job (modal)
2026-07-28 03:33:36,739 - pyiron_log - INFO - job: calc_energy_defect id: 1042, status: running, output: mkfifo: cannot create fifo 'sxctrl': Operation not supported
mkfifo: cannot create fifo 'sxres': Operation not supported

2026-07-28 03:33:36,749 - pyiron_log - INFO - run job: calc_energy_defect id: 1042, status: collect
2026-07-28 03:33:38,434 - pyiron_log - INFO - collect_errors() is not yet implemented for SPHInX
2026-07-28 03:33:38,434 - pyiron_log - INFO - collect_warnings() is not yet             implemented for SPHInX
2026-07-28 03:33:38,827 - pyiron_log - INFO - update master: None 1042 modal
2026-07-28 03:33:43,002 - pyiron_log - INFO - run job: calc_potential id: None, status: initialized
2026-07-28 03:33:48,109 - pyiron_log - INFO - run job: calc_potential id: 1043, status: created
2026-07-28 03:33:48,123 - pyiron_log - INFO - job: calc_potential id: 1043, status: running, run job (modal)
2026-07-28 03:33:55,225 - pyiron_log - INFO - job: calc_potential id: 1043, status: running, output: mkfifo: cannot create fifo 'sxctrl': Operation not supported
mkfifo: cannot create fifo 'sxres': Operation not supported

2026-07-28 03:33:55,238 - pyiron_log - INFO - run job: calc_potential id: 1043, status: collect
2026-07-28 03:33:56,790 - pyiron_log - INFO - collect_errors() is not yet implemented for SPHInX
2026-07-28 03:33:56,790 - pyiron_log - INFO - collect_warnings() is not yet             implemented for SPHInX
2026-07-28 03:33:57,253 - pyiron_log - INFO - update master: None 1043 modal
2026-07-28 03:33:57,623 - pyiron_log - INFO - run job: relax_defect_1 id: None, status: initialized
2026-07-28 03:34:18,210 - pyiron_log - INFO - run job: relax_defect_1 id: 1044, status: created
2026-07-28 03:34:18,221 - pyiron_log - INFO - job: relax_defect_1 id: 1044, status: running, run job (modal)
2026-07-28 04:36:40,938 - pyiron_log - INFO - job: relax_defect_1 id: 1044, status: running, output: mkfifo: cannot create fifo 'sxctrl': Operation not supported
mkfifo: cannot create fifo 'sxres': Operation not supported

2026-07-28 04:36:40,949 - pyiron_log - INFO - run job: relax_defect_1 id: 1044, status: collect
2026-07-28 04:36:42,840 - pyiron_log - INFO - collect_errors() is not yet implemented for SPHInX
2026-07-28 04:36:42,840 - pyiron_log - INFO - collect_warnings() is not yet             implemented for SPHInX
2026-07-28 04:36:43,309 - pyiron_log - INFO - update master: None 1044 modal
2026-07-28 04:36:44,679 - pyiron_log - WARNING - Could not access indices, returning None!
2026-07-28 04:36:45,071 - pyiron_log - WARNING - Could not access indices, returning None!
2026-07-28 04:36:48,770 - pyiron_log - INFO - run job: calc_potential id: None, status: initialized
2026-07-28 04:36:48,995 - pyiron_log - INFO - run job: calc_potential id: 1045, status: created
2026-07-28 04:37:05,542 - pyiron_log - INFO - run job: murn_job id: None, status: initialized
2026-07-28 04:37:05,864 - pyiron_log - INFO - run job: murn_job id: 1046, status: created
2026-07-28 04:37:05,868 - pyiron_log - INFO - job: murn_job id: 1046 run parallel master (modal)
2026-07-28 04:37:06,661 - pyiron_log - INFO - murn_job: run job murn_job_0_9
2026-07-28 04:37:06,668 - pyiron_log - INFO - run job: murn_job_0_9 id: None, status: initialized
2026-07-28 04:37:06,845 - pyiron_log - INFO - run job: murn_job_0_9 id: 1047, status: created
2026-07-28 04:37:16,109 - pyiron_log - INFO - murn_job: finished job murn_job_0_9
2026-07-28 04:37:16,445 - pyiron_log - INFO - murn_job: run job murn_job_0_92
2026-07-28 04:37:16,455 - pyiron_log - INFO - run job: murn_job_0_92 id: None, status: initialized
2026-07-28 04:37:16,592 - pyiron_log - INFO - run job: murn_job_0_92 id: 1048, status: created
2026-07-28 04:37:26,513 - pyiron_log - INFO - murn_job: finished job murn_job_0_92
2026-07-28 04:37:26,967 - pyiron_log - INFO - murn_job: run job murn_job_0_94
2026-07-28 04:37:26,974 - pyiron_log - INFO - run job: murn_job_0_94 id: None, status: initialized
2026-07-28 04:37:27,138 - pyiron_log - INFO - run job: murn_job_0_94 id: 1049, status: created
2026-07-28 04:37:36,730 - pyiron_log - INFO - murn_job: finished job murn_job_0_94
2026-07-28 04:37:37,184 - pyiron_log - INFO - murn_job: run job murn_job_0_96
2026-07-28 04:37:37,195 - pyiron_log - INFO - run job: murn_job_0_96 id: None, status: initialized
2026-07-28 04:37:37,363 - pyiron_log - INFO - run job: murn_job_0_96 id: 1050, status: created
2026-07-28 04:37:47,009 - pyiron_log - INFO - murn_job: finished job murn_job_0_96
2026-07-28 04:37:47,434 - pyiron_log - INFO - murn_job: run job murn_job_0_98
2026-07-28 04:37:47,440 - pyiron_log - INFO - run job: murn_job_0_98 id: None, status: initialized
2026-07-28 04:37:47,608 - pyiron_log - INFO - run job: murn_job_0_98 id: 1051, status: created
2026-07-28 04:37:56,904 - pyiron_log - INFO - murn_job: finished job murn_job_0_98
2026-07-28 04:37:57,260 - pyiron_log - INFO - murn_job: run job murn_job_1_0
2026-07-28 04:37:57,270 - pyiron_log - INFO - run job: murn_job_1_0 id: None, status: initialized
2026-07-28 04:37:57,394 - pyiron_log - INFO - run job: murn_job_1_0 id: 1052, status: created
2026-07-28 04:38:07,756 - pyiron_log - INFO - murn_job: finished job murn_job_1_0
2026-07-28 04:38:08,234 - pyiron_log - INFO - murn_job: run job murn_job_1_02
2026-07-28 04:38:08,245 - pyiron_log - INFO - run job: murn_job_1_02 id: None, status: initialized
2026-07-28 04:38:08,433 - pyiron_log - INFO - run job: murn_job_1_02 id: 1053, status: created
2026-07-28 04:38:18,073 - pyiron_log - INFO - murn_job: finished job murn_job_1_02
2026-07-28 04:38:18,557 - pyiron_log - INFO - murn_job: run job murn_job_1_04
2026-07-28 04:38:18,564 - pyiron_log - INFO - run job: murn_job_1_04 id: None, status: initialized
2026-07-28 04:38:18,827 - pyiron_log - INFO - run job: murn_job_1_04 id: 1054, status: created
2026-07-28 04:38:27,219 - pyiron_log - INFO - murn_job: finished job murn_job_1_04
2026-07-28 04:38:27,688 - pyiron_log - INFO - murn_job: run job murn_job_1_06
2026-07-28 04:38:27,698 - pyiron_log - INFO - run job: murn_job_1_06 id: None, status: initialized
2026-07-28 04:38:27,881 - pyiron_log - INFO - run job: murn_job_1_06 id: 1055, status: created
2026-07-28 04:38:36,305 - pyiron_log - INFO - murn_job: finished job murn_job_1_06
2026-07-28 04:38:36,635 - pyiron_log - INFO - murn_job: run job murn_job_1_08
2026-07-28 04:38:36,641 - pyiron_log - INFO - run job: murn_job_1_08 id: None, status: initialized
2026-07-28 04:38:36,764 - pyiron_log - INFO - run job: murn_job_1_08 id: 1056, status: created
2026-07-28 04:38:45,742 - pyiron_log - INFO - murn_job: finished job murn_job_1_08
2026-07-28 04:38:46,199 - pyiron_log - INFO - murn_job: run job murn_job_1_1
2026-07-28 04:38:46,205 - pyiron_log - INFO - run job: murn_job_1_1 id: None, status: initialized
2026-07-28 04:38:46,381 - pyiron_log - INFO - run job: murn_job_1_1 id: 1057, status: created
2026-07-28 04:38:56,210 - pyiron_log - INFO - murn_job: finished job murn_job_1_1
2026-07-28 04:38:56,220 - pyiron_log - INFO - run job: murn_job id: 1046, status: collect
2026-07-28 04:38:56,222 - pyiron_log - INFO - job: murn_job id: 1046, status: collect, finished
2026-07-28 04:38:57,654 - pyiron_log - INFO - job: murn_job id: 1046, status: finished, parallel master
2026-07-28 04:38:57,657 - pyiron_log - INFO - update master: None 1046 modal
2026-07-28 04:38:57,724 - pyiron_log - INFO - run job: relax_defect_1 id: None, status: initialized
2026-07-28 04:39:17,801 - pyiron_log - INFO - run job: relax_defect_1 id: 1058, status: created
2026-07-28 04:39:17,812 - pyiron_log - INFO - job: relax_defect_1 id: 1058, status: running, run job (modal)
2026-07-28 05:41:24,220 - pyiron_log - INFO - job: relax_defect_1 id: 1058, status: running, output: mkfifo: cannot create fifo 'sxctrl': Operation not supported
mkfifo: cannot create fifo 'sxres': Operation not supported

2026-07-28 05:41:24,231 - pyiron_log - INFO - run job: relax_defect_1 id: 1058, status: collect
2026-07-28 05:41:25,869 - pyiron_log - INFO - collect_errors() is not yet implemented for SPHInX
2026-07-28 05:41:25,870 - pyiron_log - INFO - collect_warnings() is not yet             implemented for SPHInX
2026-07-28 05:41:26,268 - pyiron_log - INFO - update master: None 1058 modal
2026-07-28 05:41:27,561 - pyiron_log - WARNING - Could not access indices, returning None!
2026-07-28 05:41:27,897 - pyiron_log - WARNING - Could not access indices, returning None!
2026-07-28 05:41:28,477 - pyiron_log - INFO - run job: calc_energy_og id: None, status: initialized
2026-07-28 05:41:28,685 - pyiron_log - INFO - run job: calc_energy_og id: 1059, status: created
2026-07-28 06:14:31,489 - pyiron_log - INFO - run job: relax_defect_2 id: None, status: initialized
2026-07-28 06:14:53,101 - pyiron_log - INFO - run job: relax_defect_2 id: 1060, status: created
2026-07-28 06:14:53,114 - pyiron_log - INFO - job: relax_defect_2 id: 1060, status: running, run job (modal)
2026-07-28 10:03:11,415 - pyiron_log - INFO - job: relax_defect_2 id: 1060, status: running, output: mkfifo: cannot create fifo 'sxctrl': Operation not supported
mkfifo: cannot create fifo 'sxres': Operation not supported

2026-07-28 10:03:11,430 - pyiron_log - INFO - run job: relax_defect_2 id: 1060, status: collect
2026-07-28 10:03:13,930 - pyiron_log - INFO - collect_errors() is not yet implemented for SPHInX
2026-07-28 10:03:13,931 - pyiron_log - INFO - collect_warnings() is not yet             implemented for SPHInX
2026-07-28 10:03:14,591 - pyiron_log - INFO - update master: None 1060 modal
2026-07-28 10:03:16,038 - pyiron_log - WARNING - Could not access indices, returning None!
2026-07-28 10:03:16,453 - pyiron_log - WARNING - Could not access indices, returning None!
2026-07-28 10:03:17,156 - pyiron_log - INFO - run job: calc_energy_defect id: None, status: initialized
2026-07-28 10:03:17,442 - pyiron_log - INFO - run job: calc_energy_defect id: 1061, status: created
2026-07-28 11:10:07,466 - pyiron_log - INFO - run job: calc_potential id: None, status: initialized
2026-07-28 11:10:07,697 - pyiron_log - INFO - run job: calc_potential id: 1062, status: created
2026-07-28 11:10:25,791 - pyiron_log - INFO - run job: relax_defect_1 id: None, status: initialized
2026-07-28 11:10:25,962 - pyiron_log - INFO - run job: relax_defect_1 id: 1063, status: created
2026-07-28 11:12:47,251 - pyiron_log - INFO - Job 1063 intercept signal 2, job is shutting down
2026-07-28 15:16:11,922 - pyiron_log - INFO - run job: calc_potential id: None, status: initialized
2026-07-28 15:16:14,459 - pyiron_log - INFO - run job: calc_potential id: 1064, status: created
2026-07-28 15:16:14,471 - pyiron_log - INFO - job: calc_potential id: 1064, status: running, run job (modal)
2026-07-28 15:16:19,086 - pyiron_log - INFO - job: calc_potential id: 1064, status: running, output: mkfifo: cannot create fifo 'sxctrl': Operation not supported
mkfifo: cannot create fifo 'sxres': Operation not supported

2026-07-28 15:16:19,096 - pyiron_log - INFO - run job: calc_potential id: 1064, status: collect
2026-07-28 15:16:20,186 - pyiron_log - INFO - collect_errors() is not yet implemented for SPHInX
2026-07-28 15:16:20,189 - pyiron_log - INFO - collect_warnings() is not yet             implemented for SPHInX
2026-07-28 15:16:20,503 - pyiron_log - INFO - update master: None 1064 modal
2026-07-28 15:16:20,809 - pyiron_log - INFO - run job: relax_defect_1 id: None, status: initialized
2026-07-28 15:16:36,757 - pyiron_log - INFO - run job: relax_defect_1 id: 1065, status: created
2026-07-28 15:16:36,765 - pyiron_log - INFO - job: relax_defect_1 id: 1065, status: running, run job (modal)
2026-07-28 16:17:36,481 - pyiron_log - INFO - job: relax_defect_1 id: 1065, status: running, output: mkfifo: cannot create fifo 'sxctrl': Operation not supported
mkfifo: cannot create fifo 'sxres': Operation not supported

2026-07-28 16:17:36,500 - pyiron_log - INFO - run job: relax_defect_1 id: 1065, status: collect
2026-07-28 16:17:38,244 - pyiron_log - INFO - collect_errors() is not yet implemented for SPHInX
2026-07-28 16:17:38,244 - pyiron_log - INFO - collect_warnings() is not yet             implemented for SPHInX
2026-07-28 16:17:38,671 - pyiron_log - INFO - update master: None 1065 modal
2026-07-28 16:17:40,047 - pyiron_log - WARNING - Could not access indices, returning None!
2026-07-28 16:17:40,434 - pyiron_log - WARNING - Could not access indices, returning None!
2026-07-28 16:17:41,101 - pyiron_log - INFO - run job: calc_energy_og id: None, status: initialized
2026-07-28 16:18:03,628 - pyiron_log - INFO - run job: calc_energy_og id: 1066, status: created
2026-07-28 16:18:03,640 - pyiron_log - INFO - job: calc_energy_og id: 1066, status: running, run job (modal)
2026-07-28 16:40:21,683 - pyiron_log - INFO - job: calc_energy_og id: 1066, status: running, output: mkfifo: cannot create fifo 'sxctrl': Operation not supported
mkfifo: cannot create fifo 'sxres': Operation not supported

2026-07-28 16:40:21,696 - pyiron_log - INFO - run job: calc_energy_og id: 1066, status: collect
2026-07-28 16:40:23,181 - pyiron_log - INFO - collect_errors() is not yet implemented for SPHInX
2026-07-28 16:40:23,182 - pyiron_log - INFO - collect_warnings() is not yet             implemented for SPHInX
2026-07-28 16:40:23,596 - pyiron_log - INFO - update master: None 1066 modal
2026-07-28 16:40:26,536 - pyiron_log - INFO - run job: calc_potential id: None, status: initialized
2026-07-28 16:40:26,729 - pyiron_log - INFO - run job: calc_potential id: 1067, status: created
2026-07-28 16:40:42,331 - pyiron_log - INFO - run job: relax_defect_1 id: None, status: initialized
2026-07-28 16:40:42,506 - pyiron_log - INFO - run job: relax_defect_1 id: 1068, status: created
2026-07-28 17:12:44,891 - pyiron_log - INFO - run job: calc_energy_og id: None, status: initialized
2026-07-28 17:12:45,015 - pyiron_log - INFO - run job: calc_energy_og id: 1069, status: created
2026-07-28 17:45:02,533 - pyiron_log - INFO - run job: murn_job id: None, status: initialized
2026-07-28 17:45:02,793 - pyiron_log - INFO - run job: murn_job id: 1070, status: created
2026-07-28 17:45:02,797 - pyiron_log - INFO - job: murn_job id: 1070 run parallel master (modal)
2026-07-28 17:45:03,134 - pyiron_log - INFO - murn_job: run job murn_job_0_9
2026-07-28 17:45:03,139 - pyiron_log - INFO - run job: murn_job_0_9 id: None, status: initialized
2026-07-28 17:45:03,274 - pyiron_log - INFO - run job: murn_job_0_9 id: 1071, status: created
2026-07-28 17:45:12,788 - pyiron_log - INFO - murn_job: finished job murn_job_0_9
2026-07-28 17:45:13,184 - pyiron_log - INFO - murn_job: run job murn_job_0_92
2026-07-28 17:45:13,195 - pyiron_log - INFO - run job: murn_job_0_92 id: None, status: initialized
2026-07-28 17:45:13,347 - pyiron_log - INFO - run job: murn_job_0_92 id: 1072, status: created
2026-07-28 17:45:22,827 - pyiron_log - INFO - murn_job: finished job murn_job_0_92
2026-07-28 17:45:23,253 - pyiron_log - INFO - murn_job: run job murn_job_0_94
2026-07-28 17:45:23,261 - pyiron_log - INFO - run job: murn_job_0_94 id: None, status: initialized
2026-07-28 17:45:23,438 - pyiron_log - INFO - run job: murn_job_0_94 id: 1073, status: created
2026-07-28 17:45:32,990 - pyiron_log - INFO - murn_job: finished job murn_job_0_94
2026-07-28 17:45:33,400 - pyiron_log - INFO - murn_job: run job murn_job_0_96
2026-07-28 17:45:33,407 - pyiron_log - INFO - run job: murn_job_0_96 id: None, status: initialized
2026-07-28 17:45:33,558 - pyiron_log - INFO - run job: murn_job_0_96 id: 1074, status: created
2026-07-28 17:45:42,325 - pyiron_log - INFO - murn_job: finished job murn_job_0_96
2026-07-28 17:45:42,988 - pyiron_log - INFO - murn_job: run job murn_job_0_98
2026-07-28 17:45:42,995 - pyiron_log - INFO - run job: murn_job_0_98 id: None, status: initialized
2026-07-28 17:45:43,182 - pyiron_log - INFO - run job: murn_job_0_98 id: 1075, status: created
2026-07-28 17:45:54,598 - pyiron_log - INFO - murn_job: finished job murn_job_0_98
2026-07-28 17:45:55,072 - pyiron_log - INFO - murn_job: run job murn_job_1_0
2026-07-28 17:45:55,079 - pyiron_log - INFO - run job: murn_job_1_0 id: None, status: initialized
2026-07-28 17:45:55,256 - pyiron_log - INFO - run job: murn_job_1_0 id: 1076, status: created
2026-07-28 17:46:06,030 - pyiron_log - INFO - murn_job: finished job murn_job_1_0
2026-07-28 17:46:06,541 - pyiron_log - INFO - murn_job: run job murn_job_1_02
2026-07-28 17:46:06,552 - pyiron_log - INFO - run job: murn_job_1_02 id: None, status: initialized
2026-07-28 17:46:06,744 - pyiron_log - INFO - run job: murn_job_1_02 id: 1077, status: created
2026-07-28 17:46:16,709 - pyiron_log - INFO - murn_job: finished job murn_job_1_02
2026-07-28 17:46:17,184 - pyiron_log - INFO - murn_job: run job murn_job_1_04
2026-07-28 17:46:17,193 - pyiron_log - INFO - run job: murn_job_1_04 id: None, status: initialized
2026-07-28 17:46:17,353 - pyiron_log - INFO - run job: murn_job_1_04 id: 1078, status: created
2026-07-28 17:46:25,554 - pyiron_log - INFO - murn_job: finished job murn_job_1_04
2026-07-28 17:46:25,889 - pyiron_log - INFO - murn_job: run job murn_job_1_06
2026-07-28 17:46:25,897 - pyiron_log - INFO - run job: murn_job_1_06 id: None, status: initialized
2026-07-28 17:46:26,024 - pyiron_log - INFO - run job: murn_job_1_06 id: 1079, status: created
2026-07-28 17:46:35,725 - pyiron_log - INFO - murn_job: finished job murn_job_1_06
2026-07-28 17:46:36,185 - pyiron_log - INFO - murn_job: run job murn_job_1_08
2026-07-28 17:46:36,192 - pyiron_log - INFO - run job: murn_job_1_08 id: None, status: initialized
2026-07-28 17:46:36,376 - pyiron_log - INFO - run job: murn_job_1_08 id: 1080, status: created
2026-07-28 17:46:46,063 - pyiron_log - INFO - murn_job: finished job murn_job_1_08
2026-07-28 17:46:46,555 - pyiron_log - INFO - murn_job: run job murn_job_1_1
2026-07-28 17:46:46,560 - pyiron_log - INFO - run job: murn_job_1_1 id: None, status: initialized
2026-07-28 17:46:46,741 - pyiron_log - INFO - run job: murn_job_1_1 id: 1081, status: created
2026-07-28 17:46:56,603 - pyiron_log - INFO - murn_job: finished job murn_job_1_1
2026-07-28 17:46:56,614 - pyiron_log - INFO - run job: murn_job id: 1070, status: collect
2026-07-28 17:46:56,620 - pyiron_log - INFO - job: murn_job id: 1070, status: collect, finished
2026-07-28 17:46:58,007 - pyiron_log - INFO - job: murn_job id: 1070, status: finished, parallel master
2026-07-28 17:46:58,010 - pyiron_log - INFO - update master: None 1070 modal
2026-07-28 17:46:58,056 - pyiron_log - INFO - run job: relax_defect_2 id: None, status: initialized
2026-07-28 17:46:58,239 - pyiron_log - INFO - run job: relax_defect_2 id: 1082, status: created
2026-07-28 18:57:46,348 - pyiron_log - INFO - run job: calc_energy_defect id: None, status: initialized
2026-07-28 18:57:46,486 - pyiron_log - INFO - run job: calc_energy_defect id: 1083, status: created
2026-07-28 20:17:44,541 - pyiron_log - INFO - run job: calc_potential id: None, status: initialized
2026-07-28 20:17:47,033 - pyiron_log - INFO - run job: calc_potential id: 1084, status: created
2026-07-28 20:17:47,043 - pyiron_log - INFO - job: calc_potential id: 1084, status: running, run job (modal)
2026-07-28 20:17:51,742 - pyiron_log - INFO - job: calc_potential id: 1084, status: running, output: mkfifo: cannot create fifo 'sxctrl': Operation not supported
mkfifo: cannot create fifo 'sxres': Operation not supported

2026-07-28 20:17:51,750 - pyiron_log - INFO - run job: calc_potential id: 1084, status: collect
2026-07-28 20:17:52,835 - pyiron_log - INFO - collect_errors() is not yet implemented for SPHInX
2026-07-28 20:17:52,836 - pyiron_log - INFO - collect_warnings() is not yet             implemented for SPHInX
2026-07-28 20:17:53,168 - pyiron_log - INFO - update master: None 1084 modal
2026-07-28 20:17:53,485 - pyiron_log - INFO - run job: relax_defect_1 id: None, status: initialized
2026-07-28 20:18:09,756 - pyiron_log - INFO - run job: relax_defect_1 id: 1085, status: created
2026-07-28 20:18:09,764 - pyiron_log - INFO - job: relax_defect_1 id: 1085, status: running, run job (modal)
2026-07-28 21:20:33,313 - pyiron_log - INFO - job: relax_defect_1 id: 1085, status: running, output: mkfifo: cannot create fifo 'sxctrl': Operation not supported
mkfifo: cannot create fifo 'sxres': Operation not supported

2026-07-28 21:20:33,324 - pyiron_log - INFO - run job: relax_defect_1 id: 1085, status: collect
2026-07-28 21:20:35,204 - pyiron_log - INFO - collect_errors() is not yet implemented for SPHInX
2026-07-28 21:20:35,205 - pyiron_log - INFO - collect_warnings() is not yet             implemented for SPHInX
2026-07-28 21:20:35,913 - pyiron_log - INFO - update master: None 1085 modal
2026-07-28 21:20:37,549 - pyiron_log - WARNING - Could not access indices, returning None!
2026-07-28 21:20:38,008 - pyiron_log - WARNING - Could not access indices, returning None!
2026-07-28 21:20:38,983 - pyiron_log - INFO - run job: calc_energy_og id: None, status: initialized
2026-07-28 21:21:03,431 - pyiron_log - INFO - run job: calc_energy_og id: 1086, status: created
2026-07-28 21:21:03,443 - pyiron_log - INFO - job: calc_energy_og id: 1086, status: running, run job (modal)
2026-07-28 21:43:52,739 - pyiron_log - INFO - job: calc_energy_og id: 1086, status: running, output: mkfifo: cannot create fifo 'sxctrl': Operation not supported
mkfifo: cannot create fifo 'sxres': Operation not supported

2026-07-28 21:43:52,756 - pyiron_log - INFO - run job: calc_energy_og id: 1086, status: collect
2026-07-28 21:43:54,234 - pyiron_log - INFO - collect_errors() is not yet implemented for SPHInX
2026-07-28 21:43:54,234 - pyiron_log - INFO - collect_warnings() is not yet             implemented for SPHInX
2026-07-28 21:43:54,643 - pyiron_log - INFO - update master: None 1086 modal
2026-07-28 21:43:54,991 - pyiron_log - INFO - run job: relax_defect_2 id: None, status: initialized
2026-07-28 21:44:20,040 - pyiron_log - INFO - run job: relax_defect_2 id: 1087, status: created
2026-07-28 21:44:20,051 - pyiron_log - INFO - job: relax_defect_2 id: 1087, status: running, run job (modal)
2026-07-29 01:35:49,785 - pyiron_log - INFO - job: relax_defect_2 id: 1087, status: running, output: mkfifo: cannot create fifo 'sxctrl': Operation not supported
mkfifo: cannot create fifo 'sxres': Operation not supported

2026-07-29 01:35:49,799 - pyiron_log - INFO - run job: relax_defect_2 id: 1087, status: collect
2026-07-29 01:35:52,082 - pyiron_log - INFO - collect_errors() is not yet implemented for SPHInX
2026-07-29 01:35:52,083 - pyiron_log - INFO - collect_warnings() is not yet             implemented for SPHInX
2026-07-29 01:35:52,539 - pyiron_log - INFO - update master: None 1087 modal
2026-07-29 01:35:53,954 - pyiron_log - WARNING - Could not access indices, returning None!
2026-07-29 01:35:54,452 - pyiron_log - WARNING - Could not access indices, returning None!
2026-07-29 01:35:55,149 - pyiron_log - INFO - run job: calc_energy_defect id: None, status: initialized
2026-07-29 01:36:18,535 - pyiron_log - INFO - run job: calc_energy_defect id: 1088, status: created
2026-07-29 01:36:18,547 - pyiron_log - INFO - job: calc_energy_defect id: 1088, status: running, run job (modal)
2026-07-29 03:10:39,387 - pyiron_log - INFO - job: calc_energy_defect id: 1088, status: running, output: mkfifo: cannot create fifo 'sxctrl': Operation not supported
mkfifo: cannot create fifo 'sxres': Operation not supported

2026-07-29 03:10:39,401 - pyiron_log - INFO - run job: calc_energy_defect id: 1088, status: collect
2026-07-29 03:10:41,706 - pyiron_log - INFO - collect_errors() is not yet implemented for SPHInX
2026-07-29 03:10:41,707 - pyiron_log - INFO - collect_warnings() is not yet             implemented for SPHInX
2026-07-29 03:10:42,197 - pyiron_log - INFO - update master: None 1088 modal
2026-07-29 03:10:42,649 - pyiron_log - INFO - run job: murn_job id: None, status: initialized
2026-07-29 03:10:44,719 - pyiron_log - INFO - run job: murn_job id: 1089, status: created
2026-07-29 03:10:44,724 - pyiron_log - INFO - job: murn_job id: 1089 run parallel master (modal)
2026-07-29 03:10:49,303 - pyiron_log - INFO - murn_job: run job murn_job_0_9
2026-07-29 03:10:49,314 - pyiron_log - INFO - run job: murn_job_0_9 id: None, status: initialized
2026-07-29 03:11:00,128 - pyiron_log - INFO - run job: murn_job_0_9 id: 1090, status: created
2026-07-29 03:11:00,141 - pyiron_log - INFO - job: murn_job_0_9 id: 1090, status: running, run job (modal)
2026-07-29 03:11:04,984 - pyiron_log - INFO - job: murn_job_0_9 id: 1090, status: running, output: mkfifo: cannot create fifo 'sxctrl': Operation not supported
mkfifo: cannot create fifo 'sxres': Operation not supported

2026-07-29 03:11:04,995 - pyiron_log - INFO - run job: murn_job_0_9 id: 1090, status: collect
2026-07-29 03:11:06,435 - pyiron_log - INFO - collect_errors() is not yet implemented for SPHInX
2026-07-29 03:11:06,435 - pyiron_log - INFO - collect_warnings() is not yet             implemented for SPHInX
2026-07-29 03:11:06,792 - pyiron_log - INFO - update master: 1089 1090 modal
2026-07-29 03:11:06,796 - pyiron_log - INFO - murn_job: finished job murn_job_0_9
2026-07-29 03:11:09,847 - pyiron_log - INFO - murn_job: run job murn_job_0_92
2026-07-29 03:11:09,858 - pyiron_log - INFO - run job: murn_job_0_92 id: None, status: initialized
2026-07-29 03:11:20,701 - pyiron_log - INFO - run job: murn_job_0_92 id: 1091, status: created
2026-07-29 03:11:20,715 - pyiron_log - INFO - job: murn_job_0_92 id: 1091, status: running, run job (modal)
2026-07-29 03:11:28,646 - pyiron_log - INFO - job: murn_job_0_92 id: 1091, status: running, output: mkfifo: cannot create fifo 'sxctrl': Operation not supported
mkfifo: cannot create fifo 'sxres': Operation not supported

2026-07-29 03:11:28,664 - pyiron_log - INFO - run job: murn_job_0_92 id: 1091, status: collect
2026-07-29 03:11:30,448 - pyiron_log - INFO - collect_errors() is not yet implemented for SPHInX
2026-07-29 03:11:30,449 - pyiron_log - INFO - collect_warnings() is not yet             implemented for SPHInX
2026-07-29 03:11:30,937 - pyiron_log - INFO - update master: 1089 1091 modal
2026-07-29 03:11:30,942 - pyiron_log - INFO - murn_job: finished job murn_job_0_92
2026-07-29 03:11:34,096 - pyiron_log - INFO - murn_job: run job murn_job_0_94
2026-07-29 03:11:34,106 - pyiron_log - INFO - run job: murn_job_0_94 id: None, status: initialized
2026-07-29 03:11:43,970 - pyiron_log - INFO - run job: murn_job_0_94 id: 1092, status: created
2026-07-29 03:11:43,983 - pyiron_log - INFO - job: murn_job_0_94 id: 1092, status: running, run job (modal)
2026-07-29 03:11:51,495 - pyiron_log - INFO - job: murn_job_0_94 id: 1092, status: running, output: mkfifo: cannot create fifo 'sxctrl': Operation not supported
mkfifo: cannot create fifo 'sxres': Operation not supported

2026-07-29 03:11:51,510 - pyiron_log - INFO - run job: murn_job_0_94 id: 1092, status: collect
2026-07-29 03:11:53,542 - pyiron_log - INFO - collect_errors() is not yet implemented for SPHInX
2026-07-29 03:11:53,543 - pyiron_log - INFO - collect_warnings() is not yet             implemented for SPHInX
2026-07-29 03:11:54,102 - pyiron_log - INFO - update master: 1089 1092 modal
2026-07-29 03:11:54,108 - pyiron_log - INFO - murn_job: finished job murn_job_0_94
2026-07-29 03:11:57,947 - pyiron_log - INFO - murn_job: run job murn_job_0_96
2026-07-29 03:11:57,954 - pyiron_log - INFO - run job: murn_job_0_96 id: None, status: initialized
2026-07-29 03:12:06,472 - pyiron_log - INFO - run job: murn_job_0_96 id: 1093, status: created
2026-07-29 03:12:06,483 - pyiron_log - INFO - job: murn_job_0_96 id: 1093, status: running, run job (modal)
2026-07-29 03:12:12,982 - pyiron_log - INFO - job: murn_job_0_96 id: 1093, status: running, output: mkfifo: cannot create fifo 'sxctrl': Operation not supported
mkfifo: cannot create fifo 'sxres': Operation not supported

2026-07-29 03:12:12,996 - pyiron_log - INFO - run job: murn_job_0_96 id: 1093, status: collect
2026-07-29 03:12:14,959 - pyiron_log - INFO - collect_errors() is not yet implemented for SPHInX
2026-07-29 03:12:14,959 - pyiron_log - INFO - collect_warnings() is not yet             implemented for SPHInX
2026-07-29 03:12:15,477 - pyiron_log - INFO - update master: 1089 1093 modal
2026-07-29 03:12:15,482 - pyiron_log - INFO - murn_job: finished job murn_job_0_96
2026-07-29 03:12:19,565 - pyiron_log - INFO - murn_job: run job murn_job_0_98
2026-07-29 03:12:19,575 - pyiron_log - INFO - run job: murn_job_0_98 id: None, status: initialized
2026-07-29 03:12:32,746 - pyiron_log - INFO - run job: murn_job_0_98 id: 1094, status: created
2026-07-29 03:12:32,765 - pyiron_log - INFO - job: murn_job_0_98 id: 1094, status: running, run job (modal)
2026-07-29 03:12:39,138 - pyiron_log - INFO - job: murn_job_0_98 id: 1094, status: running, output: mkfifo: cannot create fifo 'sxctrl': Operation not supported
mkfifo: cannot create fifo 'sxres': Operation not supported

2026-07-29 03:12:39,154 - pyiron_log - INFO - run job: murn_job_0_98 id: 1094, status: collect
2026-07-29 03:12:41,065 - pyiron_log - INFO - collect_errors() is not yet implemented for SPHInX
2026-07-29 03:12:41,065 - pyiron_log - INFO - collect_warnings() is not yet             implemented for SPHInX
2026-07-29 03:12:41,612 - pyiron_log - INFO - update master: 1089 1094 modal
2026-07-29 03:12:41,617 - pyiron_log - INFO - murn_job: finished job murn_job_0_98
2026-07-29 03:12:45,968 - pyiron_log - INFO - murn_job: run job murn_job_1_0
2026-07-29 03:12:45,975 - pyiron_log - INFO - run job: murn_job_1_0 id: None, status: initialized
2026-07-29 03:12:58,199 - pyiron_log - INFO - run job: murn_job_1_0 id: 1095, status: created
2026-07-29 03:12:58,212 - pyiron_log - INFO - job: murn_job_1_0 id: 1095, status: running, run job (modal)
2026-07-29 03:13:06,121 - pyiron_log - INFO - job: murn_job_1_0 id: 1095, status: running, output: mkfifo: cannot create fifo 'sxctrl': Operation not supported
mkfifo: cannot create fifo 'sxres': Operation not supported

2026-07-29 03:13:06,133 - pyiron_log - INFO - run job: murn_job_1_0 id: 1095, status: collect
2026-07-29 03:13:07,733 - pyiron_log - INFO - collect_errors() is not yet implemented for SPHInX
2026-07-29 03:13:07,734 - pyiron_log - INFO - collect_warnings() is not yet             implemented for SPHInX
2026-07-29 03:13:08,114 - pyiron_log - INFO - update master: 1089 1095 modal
2026-07-29 03:13:08,119 - pyiron_log - INFO - murn_job: finished job murn_job_1_0
2026-07-29 03:13:11,098 - pyiron_log - INFO - murn_job: run job murn_job_1_02
2026-07-29 03:13:11,105 - pyiron_log - INFO - run job: murn_job_1_02 id: None, status: initialized
2026-07-29 03:13:22,344 - pyiron_log - INFO - run job: murn_job_1_02 id: 1096, status: created
2026-07-29 03:13:22,360 - pyiron_log - INFO - job: murn_job_1_02 id: 1096, status: running, run job (modal)
2026-07-29 03:13:30,457 - pyiron_log - INFO - job: murn_job_1_02 id: 1096, status: running, output: mkfifo: cannot create fifo 'sxctrl': Operation not supported
mkfifo: cannot create fifo 'sxres': Operation not supported

2026-07-29 03:13:30,473 - pyiron_log - INFO - run job: murn_job_1_02 id: 1096, status: collect
2026-07-29 03:13:33,006 - pyiron_log - INFO - collect_errors() is not yet implemented for SPHInX
2026-07-29 03:13:33,007 - pyiron_log - INFO - collect_warnings() is not yet             implemented for SPHInX
2026-07-29 03:13:33,700 - pyiron_log - INFO - update master: 1089 1096 modal
2026-07-29 03:13:33,706 - pyiron_log - INFO - murn_job: finished job murn_job_1_02
2026-07-29 03:13:37,944 - pyiron_log - INFO - murn_job: run job murn_job_1_04
2026-07-29 03:13:37,951 - pyiron_log - INFO - run job: murn_job_1_04 id: None, status: initialized
2026-07-29 03:13:47,943 - pyiron_log - INFO - run job: murn_job_1_04 id: 1097, status: created
2026-07-29 03:13:47,956 - pyiron_log - INFO - job: murn_job_1_04 id: 1097, status: running, run job (modal)
2026-07-29 03:13:56,444 - pyiron_log - INFO - job: murn_job_1_04 id: 1097, status: running, output: mkfifo: cannot create fifo 'sxctrl': Operation not supported
mkfifo: cannot create fifo 'sxres': Operation not supported

2026-07-29 03:13:56,460 - pyiron_log - INFO - run job: murn_job_1_04 id: 1097, status: collect
2026-07-29 03:13:59,000 - pyiron_log - INFO - collect_errors() is not yet implemented for SPHInX
2026-07-29 03:13:59,001 - pyiron_log - INFO - collect_warnings() is not yet             implemented for SPHInX
2026-07-29 03:13:59,773 - pyiron_log - INFO - update master: 1089 1097 modal
2026-07-29 03:13:59,778 - pyiron_log - INFO - murn_job: finished job murn_job_1_04
2026-07-29 03:14:04,537 - pyiron_log - INFO - murn_job: run job murn_job_1_06
2026-07-29 03:14:04,546 - pyiron_log - INFO - run job: murn_job_1_06 id: None, status: initialized
2026-07-29 03:14:14,624 - pyiron_log - INFO - run job: murn_job_1_06 id: 1098, status: created
2026-07-29 03:14:14,637 - pyiron_log - INFO - job: murn_job_1_06 id: 1098, status: running, run job (modal)
2026-07-29 03:14:23,301 - pyiron_log - INFO - job: murn_job_1_06 id: 1098, status: running, output: mkfifo: cannot create fifo 'sxctrl': Operation not supported
mkfifo: cannot create fifo 'sxres': Operation not supported

2026-07-29 03:14:23,317 - pyiron_log - INFO - run job: murn_job_1_06 id: 1098, status: collect
2026-07-29 03:14:25,235 - pyiron_log - INFO - collect_errors() is not yet implemented for SPHInX
2026-07-29 03:14:25,236 - pyiron_log - INFO - collect_warnings() is not yet             implemented for SPHInX
2026-07-29 03:14:25,863 - pyiron_log - INFO - update master: 1089 1098 modal
2026-07-29 03:14:25,869 - pyiron_log - INFO - murn_job: finished job murn_job_1_06
2026-07-29 03:14:29,916 - pyiron_log - INFO - murn_job: run job murn_job_1_08
2026-07-29 03:14:29,927 - pyiron_log - INFO - run job: murn_job_1_08 id: None, status: initialized
2026-07-29 03:14:40,666 - pyiron_log - INFO - run job: murn_job_1_08 id: 1099, status: created
2026-07-29 03:14:40,682 - pyiron_log - INFO - job: murn_job_1_08 id: 1099, status: running, run job (modal)
2026-07-29 03:14:48,342 - pyiron_log - INFO - job: murn_job_1_08 id: 1099, status: running, output: mkfifo: cannot create fifo 'sxctrl': Operation not supported
mkfifo: cannot create fifo 'sxres': Operation not supported

2026-07-29 03:14:48,355 - pyiron_log - INFO - run job: murn_job_1_08 id: 1099, status: collect
2026-07-29 03:14:50,722 - pyiron_log - INFO - collect_errors() is not yet implemented for SPHInX
2026-07-29 03:14:50,723 - pyiron_log - INFO - collect_warnings() is not yet             implemented for SPHInX
2026-07-29 03:14:51,502 - pyiron_log - INFO - update master: 1089 1099 modal
2026-07-29 03:14:51,508 - pyiron_log - INFO - murn_job: finished job murn_job_1_08
2026-07-29 03:14:56,158 - pyiron_log - INFO - murn_job: run job murn_job_1_1
2026-07-29 03:14:56,165 - pyiron_log - INFO - run job: murn_job_1_1 id: None, status: initialized
2026-07-29 03:15:09,802 - pyiron_log - INFO - run job: murn_job_1_1 id: 1100, status: created
2026-07-29 03:15:09,818 - pyiron_log - INFO - job: murn_job_1_1 id: 1100, status: running, run job (modal)
2026-07-29 03:15:19,833 - pyiron_log - INFO - job: murn_job_1_1 id: 1100, status: running, output: mkfifo: cannot create fifo 'sxctrl': Operation not supported
mkfifo: cannot create fifo 'sxres': Operation not supported

2026-07-29 03:15:19,849 - pyiron_log - INFO - run job: murn_job_1_1 id: 1100, status: collect
2026-07-29 03:15:21,606 - pyiron_log - INFO - collect_errors() is not yet implemented for SPHInX
2026-07-29 03:15:21,607 - pyiron_log - INFO - collect_warnings() is not yet             implemented for SPHInX
2026-07-29 03:15:22,025 - pyiron_log - INFO - update master: 1089 1100 modal
2026-07-29 03:15:22,029 - pyiron_log - INFO - murn_job: finished job murn_job_1_1
2026-07-29 03:15:22,038 - pyiron_log - INFO - run job: murn_job id: 1089, status: collect
2026-07-29 03:15:22,039 - pyiron_log - INFO - job: murn_job id: 1089, status: collect, finished
2026-07-29 03:15:42,712 - pyiron_log - INFO - job: murn_job id: 1089, status: finished, parallel master
2026-07-29 03:15:42,714 - pyiron_log - INFO - update master: None 1089 modal
2026-07-29 07:59:46,884 - pyiron_log - INFO - run job: calc_potential id: None, status: initialized
2026-07-29 07:59:49,334 - pyiron_log - INFO - run job: calc_potential id: 1101, status: created
2026-07-29 07:59:49,343 - pyiron_log - INFO - job: calc_potential id: 1101, status: running, run job (modal)
2026-07-29 07:59:54,789 - pyiron_log - INFO - job: calc_potential id: 1101, status: running, output: mkfifo: cannot create fifo 'sxctrl': Operation not supported
mkfifo: cannot create fifo 'sxres': Operation not supported

2026-07-29 07:59:54,797 - pyiron_log - INFO - run job: calc_potential id: 1101, status: collect
2026-07-29 07:59:55,852 - pyiron_log - INFO - collect_errors() is not yet implemented for SPHInX
2026-07-29 07:59:55,853 - pyiron_log - INFO - collect_warnings() is not yet             implemented for SPHInX
2026-07-29 07:59:56,185 - pyiron_log - INFO - update master: None 1101 modal
2026-07-29 07:59:56,708 - pyiron_log - INFO - run job: relax_defect_1 id: None, status: initialized
2026-07-29 07:59:56,844 - pyiron_log - INFO - run job: relax_defect_1 id: 1102, status: created
2026-07-29 08:33:34,377 - pyiron_log - INFO - run job: calc_energy_og id: None, status: initialized
2026-07-29 08:33:57,422 - pyiron_log - INFO - run job: calc_energy_og id: 1103, status: created
2026-07-29 08:33:57,436 - pyiron_log - INFO - job: calc_energy_og id: 1103, status: running, run job (modal)
2026-07-29 08:56:45,801 - pyiron_log - INFO - job: calc_energy_og id: 1103, status: running, output: mkfifo: cannot create fifo 'sxctrl': Operation not supported
mkfifo: cannot create fifo 'sxres': Operation not supported

2026-07-29 08:56:45,813 - pyiron_log - INFO - run job: calc_energy_og id: 1103, status: collect
2026-07-29 08:56:47,117 - pyiron_log - INFO - collect_errors() is not yet implemented for SPHInX
2026-07-29 08:56:47,118 - pyiron_log - INFO - collect_warnings() is not yet             implemented for SPHInX
2026-07-29 08:56:47,515 - pyiron_log - INFO - update master: None 1103 modal
2026-07-29 08:56:48,922 - pyiron_log - INFO - run job: murn_job id: None, status: initialized
2026-07-29 08:56:50,927 - pyiron_log - INFO - run job: murn_job id: 1104, status: created
2026-07-29 08:56:50,932 - pyiron_log - INFO - job: murn_job id: 1104 run parallel master (modal)
2026-07-29 08:56:53,963 - pyiron_log - INFO - murn_job: run job murn_job_0_9
2026-07-29 08:56:53,969 - pyiron_log - INFO - run job: murn_job_0_9 id: None, status: initialized
2026-07-29 08:57:03,074 - pyiron_log - INFO - run job: murn_job_0_9 id: 1105, status: created
2026-07-29 08:57:03,086 - pyiron_log - INFO - job: murn_job_0_9 id: 1105, status: running, run job (modal)
2026-07-29 08:57:08,116 - pyiron_log - INFO - job: murn_job_0_9 id: 1105, status: running, output: mkfifo: cannot create fifo 'sxctrl': Operation not supported
mkfifo: cannot create fifo 'sxres': Operation not supported

2026-07-29 08:57:08,128 - pyiron_log - INFO - run job: murn_job_0_9 id: 1105, status: collect
2026-07-29 08:57:09,753 - pyiron_log - INFO - collect_errors() is not yet implemented for SPHInX
2026-07-29 08:57:09,754 - pyiron_log - INFO - collect_warnings() is not yet             implemented for SPHInX
2026-07-29 08:57:10,090 - pyiron_log - INFO - update master: 1104 1105 modal
2026-07-29 08:57:10,095 - pyiron_log - INFO - murn_job: finished job murn_job_0_9
2026-07-29 08:57:12,653 - pyiron_log - INFO - murn_job: run job murn_job_0_92
2026-07-29 08:57:12,664 - pyiron_log - INFO - run job: murn_job_0_92 id: None, status: initialized
2026-07-29 08:57:21,677 - pyiron_log - INFO - run job: murn_job_0_92 id: 1106, status: created
2026-07-29 08:57:21,691 - pyiron_log - INFO - job: murn_job_0_92 id: 1106, status: running, run job (modal)
2026-07-29 08:57:29,042 - pyiron_log - INFO - job: murn_job_0_92 id: 1106, status: running, output: mkfifo: cannot create fifo 'sxctrl': Operation not supported
mkfifo: cannot create fifo 'sxres': Operation not supported

2026-07-29 08:57:29,054 - pyiron_log - INFO - run job: murn_job_0_92 id: 1106, status: collect
2026-07-29 08:57:30,769 - pyiron_log - INFO - collect_errors() is not yet implemented for SPHInX
2026-07-29 08:57:30,770 - pyiron_log - INFO - collect_warnings() is not yet             implemented for SPHInX
2026-07-29 08:57:31,245 - pyiron_log - INFO - update master: 1104 1106 modal
2026-07-29 08:57:31,250 - pyiron_log - INFO - murn_job: finished job murn_job_0_92
2026-07-29 08:57:34,655 - pyiron_log - INFO - murn_job: run job murn_job_0_94
2026-07-29 08:57:34,662 - pyiron_log - INFO - run job: murn_job_0_94 id: None, status: initialized
2026-07-29 08:57:42,583 - pyiron_log - INFO - run job: murn_job_0_94 id: 1107, status: created
2026-07-29 08:57:42,594 - pyiron_log - INFO - job: murn_job_0_94 id: 1107, status: running, run job (modal)
2026-07-29 08:57:49,286 - pyiron_log - INFO - job: murn_job_0_94 id: 1107, status: running, output: mkfifo: cannot create fifo 'sxctrl': Operation not supported
mkfifo: cannot create fifo 'sxres': Operation not supported

2026-07-29 08:57:49,300 - pyiron_log - INFO - run job: murn_job_0_94 id: 1107, status: collect
2026-07-29 08:57:50,991 - pyiron_log - INFO - collect_errors() is not yet implemented for SPHInX
2026-07-29 08:57:50,992 - pyiron_log - INFO - collect_warnings() is not yet             implemented for SPHInX
2026-07-29 08:57:51,511 - pyiron_log - INFO - update master: 1104 1107 modal
2026-07-29 08:57:51,517 - pyiron_log - INFO - murn_job: finished job murn_job_0_94
2026-07-29 08:57:55,092 - pyiron_log - INFO - murn_job: run job murn_job_0_96
2026-07-29 08:57:55,098 - pyiron_log - INFO - run job: murn_job_0_96 id: None, status: initialized
2026-07-29 08:58:05,066 - pyiron_log - INFO - run job: murn_job_0_96 id: 1108, status: created
2026-07-29 08:58:05,078 - pyiron_log - INFO - job: murn_job_0_96 id: 1108, status: running, run job (modal)
2026-07-29 08:58:10,571 - pyiron_log - INFO - job: murn_job_0_96 id: 1108, status: running, output: mkfifo: cannot create fifo 'sxctrl': Operation not supported
mkfifo: cannot create fifo 'sxres': Operation not supported

2026-07-29 08:58:10,585 - pyiron_log - INFO - run job: murn_job_0_96 id: 1108, status: collect
2026-07-29 08:58:11,948 - pyiron_log - INFO - collect_errors() is not yet implemented for SPHInX
2026-07-29 08:58:11,949 - pyiron_log - INFO - collect_warnings() is not yet             implemented for SPHInX
2026-07-29 08:58:12,288 - pyiron_log - INFO - update master: 1104 1108 modal
2026-07-29 08:58:12,293 - pyiron_log - INFO - murn_job: finished job murn_job_0_96
2026-07-29 08:58:15,887 - pyiron_log - INFO - murn_job: run job murn_job_0_98
2026-07-29 08:58:15,894 - pyiron_log - INFO - run job: murn_job_0_98 id: None, status: initialized
2026-07-29 08:58:25,497 - pyiron_log - INFO - run job: murn_job_0_98 id: 1109, status: created
2026-07-29 08:58:25,510 - pyiron_log - INFO - job: murn_job_0_98 id: 1109, status: running, run job (modal)
2026-07-29 08:58:31,754 - pyiron_log - INFO - job: murn_job_0_98 id: 1109, status: running, output: mkfifo: cannot create fifo 'sxctrl': Operation not supported
mkfifo: cannot create fifo 'sxres': Operation not supported

2026-07-29 08:58:31,764 - pyiron_log - INFO - run job: murn_job_0_98 id: 1109, status: collect
2026-07-29 08:58:33,356 - pyiron_log - INFO - collect_errors() is not yet implemented for SPHInX
2026-07-29 08:58:33,357 - pyiron_log - INFO - collect_warnings() is not yet             implemented for SPHInX
2026-07-29 08:58:33,785 - pyiron_log - INFO - update master: 1104 1109 modal
2026-07-29 08:58:33,789 - pyiron_log - INFO - murn_job: finished job murn_job_0_98
2026-07-29 08:58:36,755 - pyiron_log - INFO - murn_job: run job murn_job_1_0
2026-07-29 08:58:36,768 - pyiron_log - INFO - run job: murn_job_1_0 id: None, status: initialized
2026-07-29 08:58:44,947 - pyiron_log - INFO - run job: murn_job_1_0 id: 1110, status: created
2026-07-29 08:58:44,961 - pyiron_log - INFO - job: murn_job_1_0 id: 1110, status: running, run job (modal)
2026-07-29 08:58:51,966 - pyiron_log - INFO - job: murn_job_1_0 id: 1110, status: running, output: mkfifo: cannot create fifo 'sxctrl': Operation not supported
mkfifo: cannot create fifo 'sxres': Operation not supported

2026-07-29 08:58:51,983 - pyiron_log - INFO - run job: murn_job_1_0 id: 1110, status: collect
2026-07-29 08:58:53,724 - pyiron_log - INFO - collect_errors() is not yet implemented for SPHInX
2026-07-29 08:58:53,725 - pyiron_log - INFO - collect_warnings() is not yet             implemented for SPHInX
2026-07-29 08:58:54,206 - pyiron_log - INFO - update master: 1104 1110 modal
2026-07-29 08:58:54,211 - pyiron_log - INFO - murn_job: finished job murn_job_1_0
2026-07-29 08:58:57,742 - pyiron_log - INFO - murn_job: run job murn_job_1_02
2026-07-29 08:58:57,749 - pyiron_log - INFO - run job: murn_job_1_02 id: None, status: initialized
2026-07-29 08:59:06,119 - pyiron_log - INFO - run job: murn_job_1_02 id: 1111, status: created
2026-07-29 08:59:06,133 - pyiron_log - INFO - job: murn_job_1_02 id: 1111, status: running, run job (modal)
2026-07-29 08:59:12,958 - pyiron_log - INFO - job: murn_job_1_02 id: 1111, status: running, output: mkfifo: cannot create fifo 'sxctrl': Operation not supported
mkfifo: cannot create fifo 'sxres': Operation not supported

2026-07-29 08:59:12,970 - pyiron_log - INFO - run job: murn_job_1_02 id: 1111, status: collect
2026-07-29 08:59:14,753 - pyiron_log - INFO - collect_errors() is not yet implemented for SPHInX
2026-07-29 08:59:14,753 - pyiron_log - INFO - collect_warnings() is not yet             implemented for SPHInX
2026-07-29 08:59:15,237 - pyiron_log - INFO - update master: 1104 1111 modal
2026-07-29 08:59:15,241 - pyiron_log - INFO - murn_job: finished job murn_job_1_02
2026-07-29 08:59:18,698 - pyiron_log - INFO - murn_job: run job murn_job_1_04
2026-07-29 08:59:18,709 - pyiron_log - INFO - run job: murn_job_1_04 id: None, status: initialized
2026-07-29 08:59:28,574 - pyiron_log - INFO - run job: murn_job_1_04 id: 1112, status: created
2026-07-29 08:59:28,586 - pyiron_log - INFO - job: murn_job_1_04 id: 1112, status: running, run job (modal)
2026-07-29 08:59:35,032 - pyiron_log - INFO - job: murn_job_1_04 id: 1112, status: running, output: mkfifo: cannot create fifo 'sxctrl': Operation not supported
mkfifo: cannot create fifo 'sxres': Operation not supported

2026-07-29 08:59:35,042 - pyiron_log - INFO - run job: murn_job_1_04 id: 1112, status: collect
2026-07-29 08:59:36,253 - pyiron_log - INFO - collect_errors() is not yet implemented for SPHInX
2026-07-29 08:59:36,254 - pyiron_log - INFO - collect_warnings() is not yet             implemented for SPHInX
2026-07-29 08:59:36,561 - pyiron_log - INFO - update master: 1104 1112 modal
2026-07-29 08:59:36,565 - pyiron_log - INFO - murn_job: finished job murn_job_1_04
2026-07-29 08:59:39,822 - pyiron_log - INFO - murn_job: run job murn_job_1_06
2026-07-29 08:59:39,829 - pyiron_log - INFO - run job: murn_job_1_06 id: None, status: initialized
2026-07-29 08:59:49,688 - pyiron_log - INFO - run job: murn_job_1_06 id: 1113, status: created
2026-07-29 08:59:49,701 - pyiron_log - INFO - job: murn_job_1_06 id: 1113, status: running, run job (modal)
2026-07-29 08:59:57,361 - pyiron_log - INFO - job: murn_job_1_06 id: 1113, status: running, output: mkfifo: cannot create fifo 'sxctrl': Operation not supported
mkfifo: cannot create fifo 'sxres': Operation not supported

2026-07-29 08:59:57,378 - pyiron_log - INFO - run job: murn_job_1_06 id: 1113, status: collect
2026-07-29 08:59:59,019 - pyiron_log - INFO - collect_errors() is not yet implemented for SPHInX
2026-07-29 08:59:59,019 - pyiron_log - INFO - collect_warnings() is not yet             implemented for SPHInX
2026-07-29 08:59:59,470 - pyiron_log - INFO - update master: 1104 1113 modal
2026-07-29 08:59:59,476 - pyiron_log - INFO - murn_job: finished job murn_job_1_06
2026-07-29 09:00:02,480 - pyiron_log - INFO - murn_job: run job murn_job_1_08
2026-07-29 09:00:02,490 - pyiron_log - INFO - run job: murn_job_1_08 id: None, status: initialized
2026-07-29 09:00:10,658 - pyiron_log - INFO - run job: murn_job_1_08 id: 1114, status: created
2026-07-29 09:00:10,671 - pyiron_log - INFO - job: murn_job_1_08 id: 1114, status: running, run job (modal)
2026-07-29 09:00:17,801 - pyiron_log - INFO - job: murn_job_1_08 id: 1114, status: running, output: mkfifo: cannot create fifo 'sxctrl': Operation not supported
mkfifo: cannot create fifo 'sxres': Operation not supported

2026-07-29 09:00:17,817 - pyiron_log - INFO - run job: murn_job_1_08 id: 1114, status: collect
2026-07-29 09:00:19,558 - pyiron_log - INFO - collect_errors() is not yet implemented for SPHInX
2026-07-29 09:00:19,559 - pyiron_log - INFO - collect_warnings() is not yet             implemented for SPHInX
2026-07-29 09:00:20,042 - pyiron_log - INFO - update master: 1104 1114 modal
2026-07-29 09:00:20,047 - pyiron_log - INFO - murn_job: finished job murn_job_1_08
2026-07-29 09:00:23,569 - pyiron_log - INFO - murn_job: run job murn_job_1_1
2026-07-29 09:00:23,575 - pyiron_log - INFO - run job: murn_job_1_1 id: None, status: initialized
2026-07-29 09:00:32,178 - pyiron_log - INFO - run job: murn_job_1_1 id: 1115, status: created
2026-07-29 09:00:32,192 - pyiron_log - INFO - job: murn_job_1_1 id: 1115, status: running, run job (modal)
2026-07-29 09:00:39,061 - pyiron_log - INFO - job: murn_job_1_1 id: 1115, status: running, output: mkfifo: cannot create fifo 'sxctrl': Operation not supported
mkfifo: cannot create fifo 'sxres': Operation not supported

2026-07-29 09:00:39,073 - pyiron_log - INFO - run job: murn_job_1_1 id: 1115, status: collect
2026-07-29 09:00:40,821 - pyiron_log - INFO - collect_errors() is not yet implemented for SPHInX
2026-07-29 09:00:40,822 - pyiron_log - INFO - collect_warnings() is not yet             implemented for SPHInX
2026-07-29 09:00:41,275 - pyiron_log - INFO - update master: 1104 1115 modal
2026-07-29 09:00:41,279 - pyiron_log - INFO - murn_job: finished job murn_job_1_1
2026-07-29 09:00:41,289 - pyiron_log - INFO - run job: murn_job id: 1104, status: collect
2026-07-29 09:00:41,291 - pyiron_log - INFO - job: murn_job id: 1104, status: collect, finished
2026-07-29 09:00:58,152 - pyiron_log - INFO - job: murn_job id: 1104, status: finished, parallel master
2026-07-29 09:00:58,154 - pyiron_log - INFO - update master: None 1104 modal
2026-07-29 09:00:58,253 - pyiron_log - INFO - run job: relax_defect_2 id: None, status: initialized
2026-07-29 09:00:58,411 - pyiron_log - INFO - run job: relax_defect_2 id: 1116, status: created
2026-07-29 10:10:14,773 - pyiron_log - INFO - run job: calc_energy_defect id: None, status: initialized
2026-07-29 10:10:35,676 - pyiron_log - INFO - run job: calc_energy_defect id: 1117, status: created
2026-07-29 10:10:35,689 - pyiron_log - INFO - job: calc_energy_defect id: 1117, status: running, run job (modal)
2026-07-29 11:29:36,787 - pyiron_log - INFO - job: calc_energy_defect id: 1117, status: running, output: mkfifo: cannot create fifo 'sxctrl': Operation not supported
mkfifo: cannot create fifo 'sxres': Operation not supported

2026-07-29 11:29:36,799 - pyiron_log - INFO - run job: calc_energy_defect id: 1117, status: collect
2026-07-29 11:29:38,361 - pyiron_log - INFO - collect_errors() is not yet implemented for SPHInX
2026-07-29 11:29:38,362 - pyiron_log - INFO - collect_warnings() is not yet             implemented for SPHInX
2026-07-29 11:29:38,733 - pyiron_log - INFO - update master: None 1117 modal
2026-07-29 11:29:43,156 - pyiron_log - INFO - run job: calc_potential id: None, status: initialized
2026-07-29 11:29:43,407 - pyiron_log - INFO - run job: calc_potential id: 1118, status: created
2026-07-29 11:30:00,370 - pyiron_log - INFO - run job: relax_defect_1 id: None, status: initialized
2026-07-29 11:30:00,543 - pyiron_log - INFO - run job: relax_defect_1 id: 1119, status: created
2026-07-29 12:03:09,847 - pyiron_log - INFO - run job: calc_energy_og id: None, status: initialized
2026-07-29 12:03:10,052 - pyiron_log - INFO - run job: calc_energy_og id: 1120, status: created
2026-07-29 12:37:33,906 - pyiron_log - INFO - run job: murn_job id: None, status: initialized
2026-07-29 12:37:34,192 - pyiron_log - INFO - run job: murn_job id: 1121, status: created
2026-07-29 12:37:34,197 - pyiron_log - INFO - job: murn_job id: 1121 run parallel master (modal)
2026-07-29 12:37:34,663 - pyiron_log - INFO - murn_job: run job murn_job_0_9
2026-07-29 12:37:34,674 - pyiron_log - INFO - run job: murn_job_0_9 id: None, status: initialized
2026-07-29 12:37:34,843 - pyiron_log - INFO - run job: murn_job_0_9 id: 1122, status: created
2026-07-29 12:37:46,289 - pyiron_log - INFO - murn_job: finished job murn_job_0_9
2026-07-29 12:37:46,869 - pyiron_log - INFO - murn_job: run job murn_job_0_92
2026-07-29 12:37:46,877 - pyiron_log - INFO - run job: murn_job_0_92 id: None, status: initialized
2026-07-29 12:37:47,075 - pyiron_log - INFO - run job: murn_job_0_92 id: 1123, status: created
2026-07-29 12:38:00,655 - pyiron_log - INFO - murn_job: finished job murn_job_0_92
2026-07-29 12:38:01,269 - pyiron_log - INFO - murn_job: run job murn_job_0_94
2026-07-29 12:38:01,276 - pyiron_log - INFO - run job: murn_job_0_94 id: None, status: initialized
2026-07-29 12:38:01,539 - pyiron_log - INFO - run job: murn_job_0_94 id: 1124, status: created
2026-07-29 12:38:16,314 - pyiron_log - INFO - murn_job: finished job murn_job_0_94
2026-07-29 12:38:17,026 - pyiron_log - INFO - murn_job: run job murn_job_0_96
2026-07-29 12:38:17,035 - pyiron_log - INFO - run job: murn_job_0_96 id: None, status: initialized
2026-07-29 12:38:17,291 - pyiron_log - INFO - run job: murn_job_0_96 id: 1125, status: created
2026-07-29 12:38:29,302 - pyiron_log - INFO - murn_job: finished job murn_job_0_96
2026-07-29 12:38:29,920 - pyiron_log - INFO - murn_job: run job murn_job_0_98
2026-07-29 12:38:29,928 - pyiron_log - INFO - run job: murn_job_0_98 id: None, status: initialized
2026-07-29 12:38:30,160 - pyiron_log - INFO - run job: murn_job_0_98 id: 1126, status: created
2026-07-29 12:38:41,947 - pyiron_log - INFO - murn_job: finished job murn_job_0_98
2026-07-29 12:38:42,414 - pyiron_log - INFO - murn_job: run job murn_job_1_0
2026-07-29 12:38:42,427 - pyiron_log - INFO - run job: murn_job_1_0 id: None, status: initialized
2026-07-29 12:38:42,616 - pyiron_log - INFO - run job: murn_job_1_0 id: 1127, status: created
2026-07-29 12:38:53,746 - pyiron_log - INFO - murn_job: finished job murn_job_1_0
2026-07-29 12:38:54,320 - pyiron_log - INFO - murn_job: run job murn_job_1_02
2026-07-29 12:38:54,328 - pyiron_log - INFO - run job: murn_job_1_02 id: None, status: initialized
2026-07-29 12:38:54,540 - pyiron_log - INFO - run job: murn_job_1_02 id: 1128, status: created
2026-07-29 12:39:05,935 - pyiron_log - INFO - murn_job: finished job murn_job_1_02
2026-07-29 12:39:06,486 - pyiron_log - INFO - murn_job: run job murn_job_1_04
2026-07-29 12:39:06,496 - pyiron_log - INFO - run job: murn_job_1_04 id: None, status: initialized
2026-07-29 12:39:06,734 - pyiron_log - INFO - run job: murn_job_1_04 id: 1129, status: created
2026-07-29 12:39:16,253 - pyiron_log - INFO - murn_job: finished job murn_job_1_04
2026-07-29 12:39:16,817 - pyiron_log - INFO - murn_job: run job murn_job_1_06
2026-07-29 12:39:16,824 - pyiron_log - INFO - run job: murn_job_1_06 id: None, status: initialized
2026-07-29 12:39:17,063 - pyiron_log - INFO - run job: murn_job_1_06 id: 1130, status: created
2026-07-29 12:39:26,792 - pyiron_log - INFO - murn_job: finished job murn_job_1_06
2026-07-29 12:39:27,298 - pyiron_log - INFO - murn_job: run job murn_job_1_08
2026-07-29 12:39:27,309 - pyiron_log - INFO - run job: murn_job_1_08 id: None, status: initialized
2026-07-29 12:39:27,519 - pyiron_log - INFO - run job: murn_job_1_08 id: 1131, status: created
2026-07-29 12:39:36,806 - pyiron_log - INFO - murn_job: finished job murn_job_1_08
2026-07-29 12:39:37,231 - pyiron_log - INFO - murn_job: run job murn_job_1_1
2026-07-29 12:39:37,239 - pyiron_log - INFO - run job: murn_job_1_1 id: None, status: initialized
2026-07-29 12:39:37,417 - pyiron_log - INFO - run job: murn_job_1_1 id: 1132, status: created
2026-07-29 12:39:47,927 - pyiron_log - INFO - murn_job: finished job murn_job_1_1
2026-07-29 12:39:47,940 - pyiron_log - INFO - run job: murn_job id: 1121, status: collect
2026-07-29 12:39:47,942 - pyiron_log - INFO - job: murn_job id: 1121, status: collect, finished
2026-07-29 12:39:49,558 - pyiron_log - INFO - job: murn_job id: 1121, status: finished, parallel master
2026-07-29 12:39:49,561 - pyiron_log - INFO - update master: None 1121 modal
2026-07-29 12:39:49,678 - pyiron_log - INFO - run job: relax_defect_2 id: None, status: initialized
2026-07-29 12:39:49,887 - pyiron_log - INFO - run job: relax_defect_2 id: 1133, status: created
2026-07-29 13:52:46,419 - pyiron_log - INFO - run job: calc_energy_defect id: None, status: initialized
2026-07-29 13:52:46,549 - pyiron_log - INFO - run job: calc_energy_defect id: 1134, status: created
2026-07-29 19:14:04,825 - pyiron_log - INFO - run job: calc_potential id: None, status: initialized
2026-07-29 19:14:07,323 - pyiron_log - INFO - run job: calc_potential id: 1135, status: created
2026-07-29 19:14:07,331 - pyiron_log - INFO - job: calc_potential id: 1135, status: running, run job (modal)
2026-07-29 19:14:12,548 - pyiron_log - INFO - job: calc_potential id: 1135, status: running, output: mkfifo: cannot create fifo 'sxctrl': Operation not supported
mkfifo: cannot create fifo 'sxres': Operation not supported

2026-07-29 19:14:12,557 - pyiron_log - INFO - run job: calc_potential id: 1135, status: collect
2026-07-29 19:14:13,671 - pyiron_log - INFO - collect_errors() is not yet implemented for SPHInX
2026-07-29 19:14:13,671 - pyiron_log - INFO - collect_warnings() is not yet             implemented for SPHInX
2026-07-29 19:14:14,000 - pyiron_log - INFO - update master: None 1135 modal
2026-07-29 19:14:14,303 - pyiron_log - INFO - run job: relax_defect_1 id: None, status: initialized
2026-07-29 19:14:29,652 - pyiron_log - INFO - run job: relax_defect_1 id: 1136, status: created
2026-07-29 19:14:29,661 - pyiron_log - INFO - job: relax_defect_1 id: 1136, status: running, run job (modal)
2026-07-29 20:15:10,295 - pyiron_log - INFO - job: relax_defect_1 id: 1136, status: running, output: mkfifo: cannot create fifo 'sxctrl': Operation not supported
mkfifo: cannot create fifo 'sxres': Operation not supported

2026-07-29 20:15:10,314 - pyiron_log - INFO - run job: relax_defect_1 id: 1136, status: collect
2026-07-29 20:15:12,145 - pyiron_log - INFO - collect_errors() is not yet implemented for SPHInX
2026-07-29 20:15:12,145 - pyiron_log - INFO - collect_warnings() is not yet             implemented for SPHInX
2026-07-29 20:15:12,668 - pyiron_log - INFO - update master: None 1136 modal
2026-07-29 20:15:14,028 - pyiron_log - WARNING - Could not access indices, returning None!
2026-07-29 20:15:14,416 - pyiron_log - WARNING - Could not access indices, returning None!
2026-07-29 20:15:15,214 - pyiron_log - INFO - run job: calc_energy_og id: None, status: initialized
2026-07-29 20:15:38,597 - pyiron_log - INFO - run job: calc_energy_og id: 1137, status: created
2026-07-29 20:15:38,607 - pyiron_log - INFO - job: calc_energy_og id: 1137, status: running, run job (modal)
2026-07-29 20:38:25,836 - pyiron_log - INFO - job: calc_energy_og id: 1137, status: running, output: mkfifo: cannot create fifo 'sxctrl': Operation not supported
mkfifo: cannot create fifo 'sxres': Operation not supported

2026-07-29 20:38:25,850 - pyiron_log - INFO - run job: calc_energy_og id: 1137, status: collect
2026-07-29 20:38:27,357 - pyiron_log - INFO - collect_errors() is not yet implemented for SPHInX
2026-07-29 20:38:27,357 - pyiron_log - INFO - collect_warnings() is not yet             implemented for SPHInX
2026-07-29 20:38:27,783 - pyiron_log - INFO - update master: None 1137 modal
2026-07-29 20:38:28,239 - pyiron_log - INFO - run job: relax_defect_2 id: None, status: initialized
2026-07-29 20:38:50,896 - pyiron_log - INFO - run job: relax_defect_2 id: 1138, status: created
2026-07-29 20:38:50,906 - pyiron_log - INFO - job: relax_defect_2 id: 1138, status: running, run job (modal)
2026-07-30 00:26:04,203 - pyiron_log - INFO - job: relax_defect_2 id: 1138, status: running, output: mkfifo: cannot create fifo 'sxctrl': Operation not supported
mkfifo: cannot create fifo 'sxres': Operation not supported

2026-07-30 00:26:04,216 - pyiron_log - INFO - run job: relax_defect_2 id: 1138, status: collect
2026-07-30 00:26:06,403 - pyiron_log - INFO - collect_errors() is not yet implemented for SPHInX
2026-07-30 00:26:06,403 - pyiron_log - INFO - collect_warnings() is not yet             implemented for SPHInX
2026-07-30 00:26:06,855 - pyiron_log - INFO - update master: None 1138 modal
2026-07-30 00:26:08,183 - pyiron_log - WARNING - Could not access indices, returning None!
2026-07-30 00:26:08,579 - pyiron_log - WARNING - Could not access indices, returning None!
2026-07-30 00:26:09,354 - pyiron_log - INFO - run job: calc_energy_defect id: None, status: initialized
2026-07-30 00:26:32,152 - pyiron_log - INFO - run job: calc_energy_defect id: 1139, status: created
2026-07-30 00:26:32,163 - pyiron_log - INFO - job: calc_energy_defect id: 1139, status: running, run job (modal)
2026-07-30 01:57:41,592 - pyiron_log - INFO - job: calc_energy_defect id: 1139, status: running, output: mkfifo: cannot create fifo 'sxctrl': Operation not supported
mkfifo: cannot create fifo 'sxres': Operation not supported

2026-07-30 01:57:41,603 - pyiron_log - INFO - run job: calc_energy_defect id: 1139, status: collect
2026-07-30 01:57:43,303 - pyiron_log - INFO - collect_errors() is not yet implemented for SPHInX
2026-07-30 01:57:43,304 - pyiron_log - INFO - collect_warnings() is not yet             implemented for SPHInX
2026-07-30 01:57:43,787 - pyiron_log - INFO - update master: None 1139 modal
2026-07-30 01:57:45,526 - pyiron_log - INFO - run job: murn_job id: None, status: initialized
2026-07-30 01:57:47,490 - pyiron_log - INFO - run job: murn_job id: 1140, status: created
2026-07-30 01:57:47,495 - pyiron_log - INFO - job: murn_job id: 1140 run parallel master (modal)
2026-07-30 01:57:52,126 - pyiron_log - INFO - murn_job: run job murn_job_0_9
2026-07-30 01:57:52,133 - pyiron_log - INFO - run job: murn_job_0_9 id: None, status: initialized
2026-07-30 01:58:02,654 - pyiron_log - INFO - run job: murn_job_0_9 id: 1141, status: created
2026-07-30 01:58:02,668 - pyiron_log - INFO - job: murn_job_0_9 id: 1141, status: running, run job (modal)
2026-07-30 01:58:07,319 - pyiron_log - INFO - job: murn_job_0_9 id: 1141, status: running, output: mkfifo: cannot create fifo 'sxctrl': Operation not supported
mkfifo: cannot create fifo 'sxres': Operation not supported

2026-07-30 01:58:07,329 - pyiron_log - INFO - run job: murn_job_0_9 id: 1141, status: collect
2026-07-30 01:58:08,723 - pyiron_log - INFO - collect_errors() is not yet implemented for SPHInX
2026-07-30 01:58:08,723 - pyiron_log - INFO - collect_warnings() is not yet             implemented for SPHInX
2026-07-30 01:58:09,106 - pyiron_log - INFO - update master: 1140 1141 modal
2026-07-30 01:58:09,110 - pyiron_log - INFO - murn_job: finished job murn_job_0_9
2026-07-30 01:58:12,312 - pyiron_log - INFO - murn_job: run job murn_job_0_92
2026-07-30 01:58:12,323 - pyiron_log - INFO - run job: murn_job_0_92 id: None, status: initialized
2026-07-30 01:58:22,875 - pyiron_log - INFO - run job: murn_job_0_92 id: 1142, status: created
2026-07-30 01:58:22,892 - pyiron_log - INFO - job: murn_job_0_92 id: 1142, status: running, run job (modal)
2026-07-30 01:58:30,323 - pyiron_log - INFO - job: murn_job_0_92 id: 1142, status: running, output: mkfifo: cannot create fifo 'sxctrl': Operation not supported
mkfifo: cannot create fifo 'sxres': Operation not supported

2026-07-30 01:58:30,336 - pyiron_log - INFO - run job: murn_job_0_92 id: 1142, status: collect
2026-07-30 01:58:32,099 - pyiron_log - INFO - collect_errors() is not yet implemented for SPHInX
2026-07-30 01:58:32,100 - pyiron_log - INFO - collect_warnings() is not yet             implemented for SPHInX
2026-07-30 01:58:32,577 - pyiron_log - INFO - update master: 1140 1142 modal
2026-07-30 01:58:32,583 - pyiron_log - INFO - murn_job: finished job murn_job_0_92
2026-07-30 01:58:35,702 - pyiron_log - INFO - murn_job: run job murn_job_0_94
2026-07-30 01:58:35,710 - pyiron_log - INFO - run job: murn_job_0_94 id: None, status: initialized
2026-07-30 01:58:45,258 - pyiron_log - INFO - run job: murn_job_0_94 id: 1143, status: created
2026-07-30 01:58:45,272 - pyiron_log - INFO - job: murn_job_0_94 id: 1143, status: running, run job (modal)
2026-07-30 01:58:52,740 - pyiron_log - INFO - job: murn_job_0_94 id: 1143, status: running, output: mkfifo: cannot create fifo 'sxctrl': Operation not supported
mkfifo: cannot create fifo 'sxres': Operation not supported

2026-07-30 01:58:52,754 - pyiron_log - INFO - run job: murn_job_0_94 id: 1143, status: collect
2026-07-30 01:58:54,669 - pyiron_log - INFO - collect_errors() is not yet implemented for SPHInX
2026-07-30 01:58:54,670 - pyiron_log - INFO - collect_warnings() is not yet             implemented for SPHInX
2026-07-30 01:58:55,202 - pyiron_log - INFO - update master: 1140 1143 modal
2026-07-30 01:58:55,207 - pyiron_log - INFO - murn_job: finished job murn_job_0_94
2026-07-30 01:58:59,102 - pyiron_log - INFO - murn_job: run job murn_job_0_96
2026-07-30 01:58:59,109 - pyiron_log - INFO - run job: murn_job_0_96 id: None, status: initialized
2026-07-30 01:59:07,897 - pyiron_log - INFO - run job: murn_job_0_96 id: 1144, status: created
2026-07-30 01:59:07,909 - pyiron_log - INFO - job: murn_job_0_96 id: 1144, status: running, run job (modal)
2026-07-30 01:59:15,148 - pyiron_log - INFO - job: murn_job_0_96 id: 1144, status: running, output: mkfifo: cannot create fifo 'sxctrl': Operation not supported
mkfifo: cannot create fifo 'sxres': Operation not supported

2026-07-30 01:59:15,166 - pyiron_log - INFO - run job: murn_job_0_96 id: 1144, status: collect
2026-07-30 01:59:17,176 - pyiron_log - INFO - collect_errors() is not yet implemented for SPHInX
2026-07-30 01:59:17,177 - pyiron_log - INFO - collect_warnings() is not yet             implemented for SPHInX
2026-07-30 01:59:17,751 - pyiron_log - INFO - update master: 1140 1144 modal
2026-07-30 01:59:17,756 - pyiron_log - INFO - murn_job: finished job murn_job_0_96
2026-07-30 01:59:21,758 - pyiron_log - INFO - murn_job: run job murn_job_0_98
2026-07-30 01:59:21,769 - pyiron_log - INFO - run job: murn_job_0_98 id: None, status: initialized
2026-07-30 01:59:32,559 - pyiron_log - INFO - run job: murn_job_0_98 id: 1145, status: created
2026-07-30 01:59:32,573 - pyiron_log - INFO - job: murn_job_0_98 id: 1145, status: running, run job (modal)
2026-07-30 01:59:38,317 - pyiron_log - INFO - job: murn_job_0_98 id: 1145, status: running, output: mkfifo: cannot create fifo 'sxctrl': Operation not supported
mkfifo: cannot create fifo 'sxres': Operation not supported

2026-07-30 01:59:38,329 - pyiron_log - INFO - run job: murn_job_0_98 id: 1145, status: collect
2026-07-30 01:59:39,904 - pyiron_log - INFO - collect_errors() is not yet implemented for SPHInX
2026-07-30 01:59:39,905 - pyiron_log - INFO - collect_warnings() is not yet             implemented for SPHInX
2026-07-30 01:59:40,470 - pyiron_log - INFO - update master: 1140 1145 modal
2026-07-30 01:59:40,476 - pyiron_log - INFO - murn_job: finished job murn_job_0_98
2026-07-30 01:59:44,356 - pyiron_log - INFO - murn_job: run job murn_job_1_0
2026-07-30 01:59:44,363 - pyiron_log - INFO - run job: murn_job_1_0 id: None, status: initialized
2026-07-30 01:59:55,063 - pyiron_log - INFO - run job: murn_job_1_0 id: 1146, status: created
2026-07-30 01:59:55,083 - pyiron_log - INFO - job: murn_job_1_0 id: 1146, status: running, run job (modal)
2026-07-30 02:00:02,458 - pyiron_log - INFO - job: murn_job_1_0 id: 1146, status: running, output: mkfifo: cannot create fifo 'sxctrl': Operation not supported
mkfifo: cannot create fifo 'sxres': Operation not supported

2026-07-30 02:00:02,475 - pyiron_log - INFO - run job: murn_job_1_0 id: 1146, status: collect
2026-07-30 02:00:04,000 - pyiron_log - INFO - collect_errors() is not yet implemented for SPHInX
2026-07-30 02:00:04,000 - pyiron_log - INFO - collect_warnings() is not yet             implemented for SPHInX
2026-07-30 02:00:04,384 - pyiron_log - INFO - update master: 1140 1146 modal
2026-07-30 02:00:04,389 - pyiron_log - INFO - murn_job: finished job murn_job_1_0
2026-07-30 02:00:07,348 - pyiron_log - INFO - murn_job: run job murn_job_1_02
2026-07-30 02:00:07,356 - pyiron_log - INFO - run job: murn_job_1_02 id: None, status: initialized
2026-07-30 02:00:17,880 - pyiron_log - INFO - run job: murn_job_1_02 id: 1147, status: created
2026-07-30 02:00:17,897 - pyiron_log - INFO - job: murn_job_1_02 id: 1147, status: running, run job (modal)
2026-07-30 02:00:25,744 - pyiron_log - INFO - job: murn_job_1_02 id: 1147, status: running, output: mkfifo: cannot create fifo 'sxctrl': Operation not supported
mkfifo: cannot create fifo 'sxres': Operation not supported

2026-07-30 02:00:25,758 - pyiron_log - INFO - run job: murn_job_1_02 id: 1147, status: collect
2026-07-30 02:00:27,761 - pyiron_log - INFO - collect_errors() is not yet implemented for SPHInX
2026-07-30 02:00:27,762 - pyiron_log - INFO - collect_warnings() is not yet             implemented for SPHInX
2026-07-30 02:00:28,277 - pyiron_log - INFO - update master: 1140 1147 modal
2026-07-30 02:00:28,283 - pyiron_log - INFO - murn_job: finished job murn_job_1_02
2026-07-30 02:00:31,847 - pyiron_log - INFO - murn_job: run job murn_job_1_04
2026-07-30 02:00:31,855 - pyiron_log - INFO - run job: murn_job_1_04 id: None, status: initialized
2026-07-30 02:00:40,753 - pyiron_log - INFO - run job: murn_job_1_04 id: 1148, status: created
2026-07-30 02:00:40,767 - pyiron_log - INFO - job: murn_job_1_04 id: 1148, status: running, run job (modal)
2026-07-30 02:00:48,423 - pyiron_log - INFO - job: murn_job_1_04 id: 1148, status: running, output: mkfifo: cannot create fifo 'sxctrl': Operation not supported
mkfifo: cannot create fifo 'sxres': Operation not supported

2026-07-30 02:00:48,437 - pyiron_log - INFO - run job: murn_job_1_04 id: 1148, status: collect
2026-07-30 02:00:50,444 - pyiron_log - INFO - collect_errors() is not yet implemented for SPHInX
2026-07-30 02:00:50,445 - pyiron_log - INFO - collect_warnings() is not yet             implemented for SPHInX
2026-07-30 02:00:51,007 - pyiron_log - INFO - update master: 1140 1148 modal
2026-07-30 02:00:51,013 - pyiron_log - INFO - murn_job: finished job murn_job_1_04
2026-07-30 02:00:54,793 - pyiron_log - INFO - murn_job: run job murn_job_1_06
2026-07-30 02:00:54,800 - pyiron_log - INFO - run job: murn_job_1_06 id: None, status: initialized
2026-07-30 02:01:03,923 - pyiron_log - INFO - run job: murn_job_1_06 id: 1149, status: created
2026-07-30 02:01:03,935 - pyiron_log - INFO - job: murn_job_1_06 id: 1149, status: running, run job (modal)
2026-07-30 02:01:11,364 - pyiron_log - INFO - job: murn_job_1_06 id: 1149, status: running, output: mkfifo: cannot create fifo 'sxctrl': Operation not supported
mkfifo: cannot create fifo 'sxres': Operation not supported

2026-07-30 02:01:11,377 - pyiron_log - INFO - run job: murn_job_1_06 id: 1149, status: collect
2026-07-30 02:01:13,296 - pyiron_log - INFO - collect_errors() is not yet implemented for SPHInX
2026-07-30 02:01:13,297 - pyiron_log - INFO - collect_warnings() is not yet             implemented for SPHInX
2026-07-30 02:01:13,859 - pyiron_log - INFO - update master: 1140 1149 modal
2026-07-30 02:01:13,864 - pyiron_log - INFO - murn_job: finished job murn_job_1_06
2026-07-30 02:01:17,831 - pyiron_log - INFO - murn_job: run job murn_job_1_08
2026-07-30 02:01:17,843 - pyiron_log - INFO - run job: murn_job_1_08 id: None, status: initialized
2026-07-30 02:01:28,415 - pyiron_log - INFO - run job: murn_job_1_08 id: 1150, status: created
2026-07-30 02:01:28,431 - pyiron_log - INFO - job: murn_job_1_08 id: 1150, status: running, run job (modal)
2026-07-30 02:01:34,913 - pyiron_log - INFO - job: murn_job_1_08 id: 1150, status: running, output: mkfifo: cannot create fifo 'sxctrl': Operation not supported
mkfifo: cannot create fifo 'sxres': Operation not supported

2026-07-30 02:01:34,928 - pyiron_log - INFO - run job: murn_job_1_08 id: 1150, status: collect
2026-07-30 02:01:36,439 - pyiron_log - INFO - collect_errors() is not yet implemented for SPHInX
2026-07-30 02:01:36,440 - pyiron_log - INFO - collect_warnings() is not yet             implemented for SPHInX
2026-07-30 02:01:36,959 - pyiron_log - INFO - update master: 1140 1150 modal
2026-07-30 02:01:36,965 - pyiron_log - INFO - murn_job: finished job murn_job_1_08
2026-07-30 02:01:40,774 - pyiron_log - INFO - murn_job: run job murn_job_1_1
2026-07-30 02:01:40,781 - pyiron_log - INFO - run job: murn_job_1_1 id: None, status: initialized
2026-07-30 02:01:51,534 - pyiron_log - INFO - run job: murn_job_1_1 id: 1151, status: created
2026-07-30 02:01:51,549 - pyiron_log - INFO - job: murn_job_1_1 id: 1151, status: running, run job (modal)
2026-07-30 02:01:59,369 - pyiron_log - INFO - job: murn_job_1_1 id: 1151, status: running, output: mkfifo: cannot create fifo 'sxctrl': Operation not supported
mkfifo: cannot create fifo 'sxres': Operation not supported

2026-07-30 02:01:59,379 - pyiron_log - INFO - run job: murn_job_1_1 id: 1151, status: collect
2026-07-30 02:02:00,872 - pyiron_log - INFO - collect_errors() is not yet implemented for SPHInX
2026-07-30 02:02:00,873 - pyiron_log - INFO - collect_warnings() is not yet             implemented for SPHInX
2026-07-30 02:02:01,266 - pyiron_log - INFO - update master: 1140 1151 modal
2026-07-30 02:02:01,271 - pyiron_log - INFO - murn_job: finished job murn_job_1_1
2026-07-30 02:02:01,280 - pyiron_log - INFO - run job: murn_job id: 1140, status: collect
2026-07-30 02:02:01,281 - pyiron_log - INFO - job: murn_job id: 1140, status: collect, finished
2026-07-30 02:02:19,687 - pyiron_log - INFO - job: murn_job id: 1140, status: finished, parallel master
2026-07-30 02:02:19,689 - pyiron_log - INFO - update master: None 1140 modal
2026-07-30 02:02:23,444 - pyiron_log - INFO - run job: calc_potential id: None, status: initialized
2026-07-30 02:02:23,682 - pyiron_log - INFO - run job: calc_potential id: 1152, status: created
2026-07-30 02:02:40,597 - pyiron_log - INFO - run job: murn_job id: None, status: initialized
2026-07-30 02:02:40,968 - pyiron_log - INFO - run job: murn_job id: 1153, status: created
2026-07-30 02:02:40,973 - pyiron_log - INFO - job: murn_job id: 1153 run parallel master (modal)
2026-07-30 02:02:41,595 - pyiron_log - INFO - murn_job: run job murn_job_0_9
2026-07-30 02:02:41,600 - pyiron_log - INFO - run job: murn_job_0_9 id: None, status: initialized
2026-07-30 02:02:41,745 - pyiron_log - INFO - run job: murn_job_0_9 id: 1154, status: created
2026-07-30 02:02:52,115 - pyiron_log - INFO - murn_job: finished job murn_job_0_9
2026-07-30 02:02:52,599 - pyiron_log - INFO - murn_job: run job murn_job_0_92
2026-07-30 02:02:52,607 - pyiron_log - INFO - run job: murn_job_0_92 id: None, status: initialized
2026-07-30 02:02:52,794 - pyiron_log - INFO - run job: murn_job_0_92 id: 1155, status: created
2026-07-30 02:03:03,541 - pyiron_log - INFO - murn_job: finished job murn_job_0_92
2026-07-30 02:03:04,058 - pyiron_log - INFO - murn_job: run job murn_job_0_94
2026-07-30 02:03:04,070 - pyiron_log - INFO - run job: murn_job_0_94 id: None, status: initialized
2026-07-30 02:03:04,257 - pyiron_log - INFO - run job: murn_job_0_94 id: 1156, status: created
2026-07-30 02:03:14,210 - pyiron_log - INFO - murn_job: finished job murn_job_0_94
2026-07-30 02:03:14,692 - pyiron_log - INFO - murn_job: run job murn_job_0_96
2026-07-30 02:03:14,704 - pyiron_log - INFO - run job: murn_job_0_96 id: None, status: initialized
2026-07-30 02:03:14,869 - pyiron_log - INFO - run job: murn_job_0_96 id: 1157, status: created
2026-07-30 02:03:24,513 - pyiron_log - INFO - murn_job: finished job murn_job_0_96
2026-07-30 02:03:24,909 - pyiron_log - INFO - murn_job: run job murn_job_0_98
2026-07-30 02:03:24,920 - pyiron_log - INFO - run job: murn_job_0_98 id: None, status: initialized
2026-07-30 02:03:25,061 - pyiron_log - INFO - run job: murn_job_0_98 id: 1158, status: created
2026-07-30 02:03:35,855 - pyiron_log - INFO - murn_job: finished job murn_job_0_98
2026-07-30 02:03:36,362 - pyiron_log - INFO - murn_job: run job murn_job_1_0
2026-07-30 02:03:36,370 - pyiron_log - INFO - run job: murn_job_1_0 id: None, status: initialized
2026-07-30 02:03:36,550 - pyiron_log - INFO - run job: murn_job_1_0 id: 1159, status: created
2026-07-30 02:03:46,459 - pyiron_log - INFO - murn_job: finished job murn_job_1_0
2026-07-30 02:03:46,941 - pyiron_log - INFO - murn_job: run job murn_job_1_02
2026-07-30 02:03:46,948 - pyiron_log - INFO - run job: murn_job_1_02 id: None, status: initialized
2026-07-30 02:03:47,149 - pyiron_log - INFO - run job: murn_job_1_02 id: 1160, status: created
2026-07-30 02:03:57,514 - pyiron_log - INFO - murn_job: finished job murn_job_1_02
2026-07-30 02:03:57,971 - pyiron_log - INFO - murn_job: run job murn_job_1_04
2026-07-30 02:03:57,978 - pyiron_log - INFO - run job: murn_job_1_04 id: None, status: initialized
2026-07-30 02:03:58,155 - pyiron_log - INFO - run job: murn_job_1_04 id: 1161, status: created
2026-07-30 02:04:06,243 - pyiron_log - INFO - murn_job: finished job murn_job_1_04
2026-07-30 02:04:06,595 - pyiron_log - INFO - murn_job: run job murn_job_1_06
2026-07-30 02:04:06,601 - pyiron_log - INFO - run job: murn_job_1_06 id: None, status: initialized
2026-07-30 02:04:06,736 - pyiron_log - INFO - run job: murn_job_1_06 id: 1162, status: created
2026-07-30 02:04:16,057 - pyiron_log - INFO - murn_job: finished job murn_job_1_06
2026-07-30 02:04:16,553 - pyiron_log - INFO - murn_job: run job murn_job_1_08
2026-07-30 02:04:16,566 - pyiron_log - INFO - run job: murn_job_1_08 id: None, status: initialized
2026-07-30 02:04:16,756 - pyiron_log - INFO - run job: murn_job_1_08 id: 1163, status: created
2026-07-30 02:04:26,211 - pyiron_log - INFO - murn_job: finished job murn_job_1_08
2026-07-30 02:04:26,713 - pyiron_log - INFO - murn_job: run job murn_job_1_1
2026-07-30 02:04:26,720 - pyiron_log - INFO - run job: murn_job_1_1 id: None, status: initialized
2026-07-30 02:04:26,913 - pyiron_log - INFO - run job: murn_job_1_1 id: 1164, status: created
2026-07-30 02:04:36,593 - pyiron_log - INFO - murn_job: finished job murn_job_1_1
2026-07-30 02:04:36,607 - pyiron_log - INFO - run job: murn_job id: 1153, status: collect
2026-07-30 02:04:36,609 - pyiron_log - INFO - job: murn_job id: 1153, status: collect, finished
2026-07-30 02:04:37,990 - pyiron_log - INFO - job: murn_job id: 1153, status: finished, parallel master
2026-07-30 02:04:37,993 - pyiron_log - INFO - update master: None 1153 modal
2026-07-30 02:04:38,134 - pyiron_log - INFO - run job: relax_defect_1 id: None, status: initialized
2026-07-30 02:04:57,142 - pyiron_log - INFO - run job: relax_defect_1 id: 1165, status: created
2026-07-30 02:04:57,155 - pyiron_log - INFO - job: relax_defect_1 id: 1165, status: running, run job (modal)
2026-07-30 03:08:25,992 - pyiron_log - INFO - job: relax_defect_1 id: 1165, status: running, output: mkfifo: cannot create fifo 'sxctrl': Operation not supported
mkfifo: cannot create fifo 'sxres': Operation not supported

2026-07-30 03:08:26,012 - pyiron_log - INFO - run job: relax_defect_1 id: 1165, status: collect
2026-07-30 03:08:27,715 - pyiron_log - INFO - collect_errors() is not yet implemented for SPHInX
2026-07-30 03:08:27,716 - pyiron_log - INFO - collect_warnings() is not yet             implemented for SPHInX
2026-07-30 03:08:28,104 - pyiron_log - INFO - update master: None 1165 modal
2026-07-30 03:08:29,342 - pyiron_log - WARNING - Could not access indices, returning None!
2026-07-30 03:08:29,692 - pyiron_log - WARNING - Could not access indices, returning None!
2026-07-30 03:08:30,389 - pyiron_log - INFO - run job: calc_energy_og id: None, status: initialized
2026-07-30 03:08:30,580 - pyiron_log - INFO - run job: calc_energy_og id: 1166, status: created
2026-07-30 03:42:38,266 - pyiron_log - INFO - run job: relax_defect_2 id: None, status: initialized
2026-07-30 03:42:59,967 - pyiron_log - INFO - run job: relax_defect_2 id: 1167, status: created
2026-07-30 03:42:59,981 - pyiron_log - INFO - job: relax_defect_2 id: 1167, status: running, run job (modal)
2026-07-30 07:31:42,200 - pyiron_log - INFO - job: relax_defect_2 id: 1167, status: running, output: mkfifo: cannot create fifo 'sxctrl': Operation not supported
mkfifo: cannot create fifo 'sxres': Operation not supported

2026-07-30 07:31:42,213 - pyiron_log - INFO - run job: relax_defect_2 id: 1167, status: collect
2026-07-30 07:31:44,363 - pyiron_log - INFO - collect_errors() is not yet implemented for SPHInX
2026-07-30 07:31:44,364 - pyiron_log - INFO - collect_warnings() is not yet             implemented for SPHInX
2026-07-30 07:31:44,775 - pyiron_log - INFO - update master: None 1167 modal
2026-07-30 07:31:45,976 - pyiron_log - WARNING - Could not access indices, returning None!
2026-07-30 07:31:46,335 - pyiron_log - WARNING - Could not access indices, returning None!
2026-07-30 07:31:47,071 - pyiron_log - INFO - run job: calc_energy_defect id: None, status: initialized
2026-07-30 07:31:47,287 - pyiron_log - INFO - run job: calc_energy_defect id: 1168, status: created
2026-07-30 09:52:53,685 - pyiron_log - INFO - run job: calc_potential id: None, status: initialized
2026-07-30 09:52:56,431 - pyiron_log - INFO - run job: calc_potential id: 1169, status: created
2026-07-30 09:52:56,441 - pyiron_log - INFO - job: calc_potential id: 1169, status: running, run job (modal)
2026-07-30 09:53:01,754 - pyiron_log - INFO - job: calc_potential id: 1169, status: running, output: mkfifo: cannot create fifo 'sxctrl': Operation not supported
mkfifo: cannot create fifo 'sxres': Operation not supported

2026-07-30 09:53:01,764 - pyiron_log - INFO - run job: calc_potential id: 1169, status: collect
2026-07-30 09:53:02,899 - pyiron_log - INFO - collect_errors() is not yet implemented for SPHInX
2026-07-30 09:53:02,900 - pyiron_log - INFO - collect_warnings() is not yet             implemented for SPHInX
2026-07-30 09:53:03,223 - pyiron_log - INFO - update master: None 1169 modal
2026-07-30 09:53:03,781 - pyiron_log - INFO - run job: relax_defect_1 id: None, status: initialized
2026-07-30 09:53:03,914 - pyiron_log - INFO - run job: relax_defect_1 id: 1170, status: created
2026-07-30 10:25:35,369 - pyiron_log - INFO - run job: calc_energy_og id: None, status: initialized
2026-07-30 10:25:57,794 - pyiron_log - INFO - run job: calc_energy_og id: 1171, status: created
2026-07-30 10:25:57,807 - pyiron_log - INFO - job: calc_energy_og id: 1171, status: running, run job (modal)
2026-07-30 10:49:13,651 - pyiron_log - INFO - job: calc_energy_og id: 1171, status: running, output: mkfifo: cannot create fifo 'sxctrl': Operation not supported
mkfifo: cannot create fifo 'sxres': Operation not supported

2026-07-30 10:49:13,666 - pyiron_log - INFO - run job: calc_energy_og id: 1171, status: collect
2026-07-30 10:49:15,049 - pyiron_log - INFO - collect_errors() is not yet implemented for SPHInX
2026-07-30 10:49:15,050 - pyiron_log - INFO - collect_warnings() is not yet             implemented for SPHInX
2026-07-30 10:49:15,431 - pyiron_log - INFO - update master: None 1171 modal
2026-07-30 10:49:16,960 - pyiron_log - INFO - run job: murn_job id: None, status: initialized
2026-07-30 10:49:18,976 - pyiron_log - INFO - run job: murn_job id: 1172, status: created
2026-07-30 10:49:18,981 - pyiron_log - INFO - job: murn_job id: 1172 run parallel master (modal)
2026-07-30 10:49:22,294 - pyiron_log - INFO - murn_job: run job murn_job_0_9
2026-07-30 10:49:22,302 - pyiron_log - INFO - run job: murn_job_0_9 id: None, status: initialized
2026-07-30 10:49:31,713 - pyiron_log - INFO - run job: murn_job_0_9 id: 1173, status: created
2026-07-30 10:49:31,727 - pyiron_log - INFO - job: murn_job_0_9 id: 1173, status: running, run job (modal)
2026-07-30 10:49:36,908 - pyiron_log - INFO - job: murn_job_0_9 id: 1173, status: running, output: mkfifo: cannot create fifo 'sxctrl': Operation not supported
mkfifo: cannot create fifo 'sxres': Operation not supported

2026-07-30 10:49:36,921 - pyiron_log - INFO - run job: murn_job_0_9 id: 1173, status: collect
2026-07-30 10:49:38,408 - pyiron_log - INFO - collect_errors() is not yet implemented for SPHInX
2026-07-30 10:49:38,409 - pyiron_log - INFO - collect_warnings() is not yet             implemented for SPHInX
2026-07-30 10:49:38,754 - pyiron_log - INFO - update master: 1172 1173 modal
2026-07-30 10:49:38,758 - pyiron_log - INFO - murn_job: finished job murn_job_0_9
2026-07-30 10:49:41,374 - pyiron_log - INFO - murn_job: run job murn_job_0_92
2026-07-30 10:49:41,382 - pyiron_log - INFO - run job: murn_job_0_92 id: None, status: initialized
2026-07-30 10:49:50,824 - pyiron_log - INFO - run job: murn_job_0_92 id: 1174, status: created
2026-07-30 10:49:50,838 - pyiron_log - INFO - job: murn_job_0_92 id: 1174, status: running, run job (modal)
2026-07-30 10:49:58,347 - pyiron_log - INFO - job: murn_job_0_92 id: 1174, status: running, output: mkfifo: cannot create fifo 'sxctrl': Operation not supported
mkfifo: cannot create fifo 'sxres': Operation not supported

2026-07-30 10:49:58,360 - pyiron_log - INFO - run job: murn_job_0_92 id: 1174, status: collect
2026-07-30 10:50:00,237 - pyiron_log - INFO - collect_errors() is not yet implemented for SPHInX
2026-07-30 10:50:00,238 - pyiron_log - INFO - collect_warnings() is not yet             implemented for SPHInX
2026-07-30 10:50:00,742 - pyiron_log - INFO - update master: 1172 1174 modal
2026-07-30 10:50:00,747 - pyiron_log - INFO - murn_job: finished job murn_job_0_92
2026-07-30 10:50:04,268 - pyiron_log - INFO - murn_job: run job murn_job_0_94
2026-07-30 10:50:04,274 - pyiron_log - INFO - run job: murn_job_0_94 id: None, status: initialized
2026-07-30 10:50:12,495 - pyiron_log - INFO - run job: murn_job_0_94 id: 1175, status: created
2026-07-30 10:50:12,509 - pyiron_log - INFO - job: murn_job_0_94 id: 1175, status: running, run job (modal)
2026-07-30 10:50:20,012 - pyiron_log - INFO - job: murn_job_0_94 id: 1175, status: running, output: mkfifo: cannot create fifo 'sxctrl': Operation not supported
mkfifo: cannot create fifo 'sxres': Operation not supported

2026-07-30 10:50:20,028 - pyiron_log - INFO - run job: murn_job_0_94 id: 1175, status: collect
2026-07-30 10:50:21,953 - pyiron_log - INFO - collect_errors() is not yet implemented for SPHInX
2026-07-30 10:50:21,954 - pyiron_log - INFO - collect_warnings() is not yet             implemented for SPHInX
2026-07-30 10:50:22,514 - pyiron_log - INFO - update master: 1172 1175 modal
2026-07-30 10:50:22,519 - pyiron_log - INFO - murn_job: finished job murn_job_0_94
2026-07-30 10:50:26,244 - pyiron_log - INFO - murn_job: run job murn_job_0_96
2026-07-30 10:50:26,252 - pyiron_log - INFO - run job: murn_job_0_96 id: None, status: initialized
2026-07-30 10:50:36,061 - pyiron_log - INFO - run job: murn_job_0_96 id: 1176, status: created
2026-07-30 10:50:36,076 - pyiron_log - INFO - job: murn_job_0_96 id: 1176, status: running, run job (modal)
2026-07-30 10:50:41,908 - pyiron_log - INFO - job: murn_job_0_96 id: 1176, status: running, output: mkfifo: cannot create fifo 'sxctrl': Operation not supported
mkfifo: cannot create fifo 'sxres': Operation not supported

2026-07-30 10:50:41,925 - pyiron_log - INFO - run job: murn_job_0_96 id: 1176, status: collect
2026-07-30 10:50:43,801 - pyiron_log - INFO - collect_errors() is not yet implemented for SPHInX
2026-07-30 10:50:43,802 - pyiron_log - INFO - collect_warnings() is not yet             implemented for SPHInX
2026-07-30 10:50:44,408 - pyiron_log - INFO - update master: 1172 1176 modal
2026-07-30 10:50:44,414 - pyiron_log - INFO - murn_job: finished job murn_job_0_96
2026-07-30 10:50:48,072 - pyiron_log - INFO - murn_job: run job murn_job_0_98
2026-07-30 10:50:48,080 - pyiron_log - INFO - run job: murn_job_0_98 id: None, status: initialized
2026-07-30 10:50:58,285 - pyiron_log - INFO - run job: murn_job_0_98 id: 1177, status: created
2026-07-30 10:50:58,298 - pyiron_log - INFO - job: murn_job_0_98 id: 1177, status: running, run job (modal)
2026-07-30 10:51:04,882 - pyiron_log - INFO - job: murn_job_0_98 id: 1177, status: running, output: mkfifo: cannot create fifo 'sxctrl': Operation not supported
mkfifo: cannot create fifo 'sxres': Operation not supported

2026-07-30 10:51:04,898 - pyiron_log - INFO - run job: murn_job_0_98 id: 1177, status: collect
2026-07-30 10:51:06,400 - pyiron_log - INFO - collect_errors() is not yet implemented for SPHInX
2026-07-30 10:51:06,400 - pyiron_log - INFO - collect_warnings() is not yet             implemented for SPHInX
2026-07-30 10:51:06,775 - pyiron_log - INFO - update master: 1172 1177 modal
2026-07-30 10:51:06,779 - pyiron_log - INFO - murn_job: finished job murn_job_0_98
2026-07-30 10:51:09,414 - pyiron_log - INFO - murn_job: run job murn_job_1_0
2026-07-30 10:51:09,419 - pyiron_log - INFO - run job: murn_job_1_0 id: None, status: initialized
2026-07-30 10:51:19,195 - pyiron_log - INFO - run job: murn_job_1_0 id: 1178, status: created
2026-07-30 10:51:19,210 - pyiron_log - INFO - job: murn_job_1_0 id: 1178, status: running, run job (modal)
2026-07-30 10:51:26,794 - pyiron_log - INFO - job: murn_job_1_0 id: 1178, status: running, output: mkfifo: cannot create fifo 'sxctrl': Operation not supported
mkfifo: cannot create fifo 'sxres': Operation not supported

2026-07-30 10:51:26,812 - pyiron_log - INFO - run job: murn_job_1_0 id: 1178, status: collect
2026-07-30 10:51:28,698 - pyiron_log - INFO - collect_errors() is not yet implemented for SPHInX
2026-07-30 10:51:28,698 - pyiron_log - INFO - collect_warnings() is not yet             implemented for SPHInX
2026-07-30 10:51:29,209 - pyiron_log - INFO - update master: 1172 1178 modal
2026-07-30 10:51:29,215 - pyiron_log - INFO - murn_job: finished job murn_job_1_0
2026-07-30 10:51:32,855 - pyiron_log - INFO - murn_job: run job murn_job_1_02
2026-07-30 10:51:32,863 - pyiron_log - INFO - run job: murn_job_1_02 id: None, status: initialized
2026-07-30 10:51:41,111 - pyiron_log - INFO - run job: murn_job_1_02 id: 1179, status: created
2026-07-30 10:51:41,126 - pyiron_log - INFO - job: murn_job_1_02 id: 1179, status: running, run job (modal)
2026-07-30 10:51:49,319 - pyiron_log - INFO - job: murn_job_1_02 id: 1179, status: running, output: mkfifo: cannot create fifo 'sxctrl': Operation not supported
mkfifo: cannot create fifo 'sxres': Operation not supported

2026-07-30 10:51:49,334 - pyiron_log - INFO - run job: murn_job_1_02 id: 1179, status: collect
2026-07-30 10:51:51,307 - pyiron_log - INFO - collect_errors() is not yet implemented for SPHInX
2026-07-30 10:51:51,308 - pyiron_log - INFO - collect_warnings() is not yet             implemented for SPHInX
2026-07-30 10:51:51,830 - pyiron_log - INFO - update master: 1172 1179 modal
2026-07-30 10:51:51,836 - pyiron_log - INFO - murn_job: finished job murn_job_1_02
2026-07-30 10:51:56,100 - pyiron_log - INFO - murn_job: run job murn_job_1_04
2026-07-30 10:51:56,108 - pyiron_log - INFO - run job: murn_job_1_04 id: None, status: initialized
2026-07-30 10:52:06,143 - pyiron_log - INFO - run job: murn_job_1_04 id: 1180, status: created
2026-07-30 10:52:06,156 - pyiron_log - INFO - job: murn_job_1_04 id: 1180, status: running, run job (modal)
2026-07-30 10:52:12,686 - pyiron_log - INFO - job: murn_job_1_04 id: 1180, status: running, output: mkfifo: cannot create fifo 'sxctrl': Operation not supported
mkfifo: cannot create fifo 'sxres': Operation not supported

2026-07-30 10:52:12,700 - pyiron_log - INFO - run job: murn_job_1_04 id: 1180, status: collect
2026-07-30 10:52:14,536 - pyiron_log - INFO - collect_errors() is not yet implemented for SPHInX
2026-07-30 10:52:14,537 - pyiron_log - INFO - collect_warnings() is not yet             implemented for SPHInX
2026-07-30 10:52:15,040 - pyiron_log - INFO - update master: 1172 1180 modal
2026-07-30 10:52:15,046 - pyiron_log - INFO - murn_job: finished job murn_job_1_04
2026-07-30 10:52:18,757 - pyiron_log - INFO - murn_job: run job murn_job_1_06
2026-07-30 10:52:18,769 - pyiron_log - INFO - run job: murn_job_1_06 id: None, status: initialized
2026-07-30 10:52:29,152 - pyiron_log - INFO - run job: murn_job_1_06 id: 1181, status: created
2026-07-30 10:52:29,167 - pyiron_log - INFO - job: murn_job_1_06 id: 1181, status: running, run job (modal)
2026-07-30 10:52:36,752 - pyiron_log - INFO - job: murn_job_1_06 id: 1181, status: running, output: mkfifo: cannot create fifo 'sxctrl': Operation not supported
mkfifo: cannot create fifo 'sxres': Operation not supported

2026-07-30 10:52:36,765 - pyiron_log - INFO - run job: murn_job_1_06 id: 1181, status: collect
2026-07-30 10:52:38,088 - pyiron_log - INFO - collect_errors() is not yet implemented for SPHInX
2026-07-30 10:52:38,089 - pyiron_log - INFO - collect_warnings() is not yet             implemented for SPHInX
2026-07-30 10:52:38,456 - pyiron_log - INFO - update master: 1172 1181 modal
2026-07-30 10:52:38,461 - pyiron_log - INFO - murn_job: finished job murn_job_1_06
2026-07-30 10:52:41,297 - pyiron_log - INFO - murn_job: run job murn_job_1_08
2026-07-30 10:52:41,304 - pyiron_log - INFO - run job: murn_job_1_08 id: None, status: initialized
2026-07-30 10:52:51,476 - pyiron_log - INFO - run job: murn_job_1_08 id: 1182, status: created
2026-07-30 10:52:51,491 - pyiron_log - INFO - job: murn_job_1_08 id: 1182, status: running, run job (modal)
2026-07-30 10:52:59,242 - pyiron_log - INFO - job: murn_job_1_08 id: 1182, status: running, output: mkfifo: cannot create fifo 'sxctrl': Operation not supported
mkfifo: cannot create fifo 'sxres': Operation not supported

2026-07-30 10:52:59,260 - pyiron_log - INFO - run job: murn_job_1_08 id: 1182, status: collect
2026-07-30 10:53:01,186 - pyiron_log - INFO - collect_errors() is not yet implemented for SPHInX
2026-07-30 10:53:01,187 - pyiron_log - INFO - collect_warnings() is not yet             implemented for SPHInX
2026-07-30 10:53:01,679 - pyiron_log - INFO - update master: 1172 1182 modal
2026-07-30 10:53:01,684 - pyiron_log - INFO - murn_job: finished job murn_job_1_08
2026-07-30 10:53:05,088 - pyiron_log - INFO - murn_job: run job murn_job_1_1
2026-07-30 10:53:05,096 - pyiron_log - INFO - run job: murn_job_1_1 id: None, status: initialized
2026-07-30 10:53:12,655 - pyiron_log - INFO - run job: murn_job_1_1 id: 1183, status: created
2026-07-30 10:53:12,667 - pyiron_log - INFO - job: murn_job_1_1 id: 1183, status: running, run job (modal)
2026-07-30 10:53:20,672 - pyiron_log - INFO - job: murn_job_1_1 id: 1183, status: running, output: mkfifo: cannot create fifo 'sxctrl': Operation not supported
mkfifo: cannot create fifo 'sxres': Operation not supported

2026-07-30 10:53:20,684 - pyiron_log - INFO - run job: murn_job_1_1 id: 1183, status: collect
2026-07-30 10:53:22,447 - pyiron_log - INFO - collect_errors() is not yet implemented for SPHInX
2026-07-30 10:53:22,447 - pyiron_log - INFO - collect_warnings() is not yet             implemented for SPHInX
2026-07-30 10:53:22,954 - pyiron_log - INFO - update master: 1172 1183 modal
2026-07-30 10:53:22,960 - pyiron_log - INFO - murn_job: finished job murn_job_1_1
2026-07-30 10:53:22,969 - pyiron_log - INFO - run job: murn_job id: 1172, status: collect
2026-07-30 10:53:22,971 - pyiron_log - INFO - job: murn_job id: 1172, status: collect, finished
2026-07-30 10:53:39,590 - pyiron_log - INFO - job: murn_job id: 1172, status: finished, parallel master
2026-07-30 10:53:39,592 - pyiron_log - INFO - update master: None 1172 modal
2026-07-30 10:53:39,686 - pyiron_log - INFO - run job: relax_defect_2 id: None, status: initialized
2026-07-30 10:53:39,814 - pyiron_log - INFO - run job: relax_defect_2 id: 1184, status: created
2026-07-30 12:07:48,911 - pyiron_log - INFO - run job: calc_energy_defect id: None, status: initialized
2026-07-30 12:08:10,526 - pyiron_log - INFO - run job: calc_energy_defect id: 1185, status: created
2026-07-30 12:08:10,540 - pyiron_log - INFO - job: calc_energy_defect id: 1185, status: running, run job (modal)
2026-07-30 13:29:03,460 - pyiron_log - INFO - job: calc_energy_defect id: 1185, status: running, output: mkfifo: cannot create fifo 'sxctrl': Operation not supported
mkfifo: cannot create fifo 'sxres': Operation not supported

2026-07-30 13:29:03,473 - pyiron_log - INFO - run job: calc_energy_defect id: 1185, status: collect
2026-07-30 13:29:05,258 - pyiron_log - INFO - collect_errors() is not yet implemented for SPHInX
2026-07-30 13:29:05,258 - pyiron_log - INFO - collect_warnings() is not yet             implemented for SPHInX
2026-07-30 13:29:05,684 - pyiron_log - INFO - update master: None 1185 modal
2026-07-30 13:29:10,060 - pyiron_log - INFO - run job: calc_potential id: None, status: initialized
2026-07-30 13:29:15,642 - pyiron_log - INFO - run job: calc_potential id: 1186, status: created
2026-07-30 13:29:15,656 - pyiron_log - INFO - job: calc_potential id: 1186, status: running, run job (modal)
2026-07-30 13:29:25,372 - pyiron_log - INFO - job: calc_potential id: 1186, status: running, output: mkfifo: cannot create fifo 'sxctrl': Operation not supported
mkfifo: cannot create fifo 'sxres': Operation not supported

2026-07-30 13:29:25,393 - pyiron_log - INFO - run job: calc_potential id: 1186, status: collect
2026-07-30 13:29:27,717 - pyiron_log - INFO - collect_errors() is not yet implemented for SPHInX
2026-07-30 13:29:27,718 - pyiron_log - INFO - collect_warnings() is not yet             implemented for SPHInX
2026-07-30 13:29:28,830 - pyiron_log - INFO - update master: None 1186 modal
2026-07-30 13:29:30,193 - pyiron_log - INFO - run job: relax_defect_1 id: None, status: initialized
2026-07-30 13:30:05,970 - pyiron_log - INFO - run job: relax_defect_1 id: 1187, status: created
2026-07-30 13:30:05,989 - pyiron_log - INFO - job: relax_defect_1 id: 1187, status: running, run job (modal)
2026-07-30 14:35:12,523 - pyiron_log - INFO - job: relax_defect_1 id: 1187, status: running, output: mkfifo: cannot create fifo 'sxctrl': Operation not supported
mkfifo: cannot create fifo 'sxres': Operation not supported

2026-07-30 14:35:12,542 - pyiron_log - INFO - run job: relax_defect_1 id: 1187, status: collect
2026-07-30 14:35:14,450 - pyiron_log - INFO - collect_errors() is not yet implemented for SPHInX
2026-07-30 14:35:14,450 - pyiron_log - INFO - collect_warnings() is not yet             implemented for SPHInX
2026-07-30 14:35:14,873 - pyiron_log - INFO - update master: None 1187 modal
2026-07-30 14:35:16,209 - pyiron_log - WARNING - Could not access indices, returning None!
2026-07-30 14:35:16,571 - pyiron_log - WARNING - Could not access indices, returning None!
2026-07-30 14:35:17,370 - pyiron_log - INFO - run job: calc_energy_og id: None, status: initialized
2026-07-30 14:35:41,991 - pyiron_log - INFO - run job: calc_energy_og id: 1188, status: created
2026-07-30 14:35:42,009 - pyiron_log - INFO - job: calc_energy_og id: 1188, status: running, run job (modal)
2026-07-30 14:59:08,836 - pyiron_log - INFO - job: calc_energy_og id: 1188, status: running, output: mkfifo: cannot create fifo 'sxctrl': Operation not supported
mkfifo: cannot create fifo 'sxres': Operation not supported

2026-07-30 14:59:08,849 - pyiron_log - INFO - run job: calc_energy_og id: 1188, status: collect
2026-07-30 14:59:10,330 - pyiron_log - INFO - collect_errors() is not yet implemented for SPHInX
2026-07-30 14:59:10,331 - pyiron_log - INFO - collect_warnings() is not yet             implemented for SPHInX
2026-07-30 14:59:10,786 - pyiron_log - INFO - update master: None 1188 modal
2026-07-30 14:59:11,258 - pyiron_log - INFO - run job: relax_defect_2 id: None, status: initialized
2026-07-30 14:59:35,467 - pyiron_log - INFO - run job: relax_defect_2 id: 1189, status: created
2026-07-30 14:59:35,478 - pyiron_log - INFO - job: relax_defect_2 id: 1189, status: running, run job (modal)
2026-07-30 18:51:37,735 - pyiron_log - INFO - job: relax_defect_2 id: 1189, status: running, output: mkfifo: cannot create fifo 'sxctrl': Operation not supported
mkfifo: cannot create fifo 'sxres': Operation not supported

2026-07-30 18:51:37,753 - pyiron_log - INFO - run job: relax_defect_2 id: 1189, status: collect
2026-07-30 18:51:40,029 - pyiron_log - INFO - collect_errors() is not yet implemented for SPHInX
2026-07-30 18:51:40,030 - pyiron_log - INFO - collect_warnings() is not yet             implemented for SPHInX
2026-07-30 18:51:40,505 - pyiron_log - INFO - update master: None 1189 modal
2026-07-30 18:51:41,989 - pyiron_log - WARNING - Could not access indices, returning None!
2026-07-30 18:51:42,389 - pyiron_log - WARNING - Could not access indices, returning None!
2026-07-30 18:51:43,269 - pyiron_log - INFO - run job: calc_energy_defect id: None, status: initialized
2026-07-30 18:52:06,619 - pyiron_log - INFO - run job: calc_energy_defect id: 1190, status: created
2026-07-30 18:52:06,632 - pyiron_log - INFO - job: calc_energy_defect id: 1190, status: running, run job (modal)
2026-07-30 20:23:44,341 - pyiron_log - INFO - job: calc_energy_defect id: 1190, status: running, output: mkfifo: cannot create fifo 'sxctrl': Operation not supported
mkfifo: cannot create fifo 'sxres': Operation not supported

2026-07-30 20:23:44,353 - pyiron_log - INFO - run job: calc_energy_defect id: 1190, status: collect
2026-07-30 20:23:46,123 - pyiron_log - INFO - collect_errors() is not yet implemented for SPHInX
2026-07-30 20:23:46,123 - pyiron_log - INFO - collect_warnings() is not yet             implemented for SPHInX
2026-07-30 20:23:46,656 - pyiron_log - INFO - update master: None 1190 modal
2026-07-30 20:23:48,342 - pyiron_log - INFO - run job: murn_job id: None, status: initialized
2026-07-30 20:23:50,426 - pyiron_log - INFO - run job: murn_job id: 1191, status: created
2026-07-30 20:23:50,431 - pyiron_log - INFO - job: murn_job id: 1191 run parallel master (modal)
2026-07-30 20:23:54,812 - pyiron_log - INFO - murn_job: run job murn_job_0_9
2026-07-30 20:23:54,819 - pyiron_log - INFO - run job: murn_job_0_9 id: None, status: initialized
2026-07-30 20:24:05,147 - pyiron_log - INFO - run job: murn_job_0_9 id: 1192, status: created
2026-07-30 20:24:05,159 - pyiron_log - INFO - job: murn_job_0_9 id: 1192, status: running, run job (modal)
2026-07-30 20:24:10,011 - pyiron_log - INFO - job: murn_job_0_9 id: 1192, status: running, output: mkfifo: cannot create fifo 'sxctrl': Operation not supported
mkfifo: cannot create fifo 'sxres': Operation not supported

2026-07-30 20:24:10,027 - pyiron_log - INFO - run job: murn_job_0_9 id: 1192, status: collect
2026-07-30 20:24:11,405 - pyiron_log - INFO - collect_errors() is not yet implemented for SPHInX
2026-07-30 20:24:11,405 - pyiron_log - INFO - collect_warnings() is not yet             implemented for SPHInX
2026-07-30 20:24:11,794 - pyiron_log - INFO - update master: 1191 1192 modal
2026-07-30 20:24:11,799 - pyiron_log - INFO - murn_job: finished job murn_job_0_9
2026-07-30 20:24:15,343 - pyiron_log - INFO - murn_job: run job murn_job_0_92
2026-07-30 20:24:15,350 - pyiron_log - INFO - run job: murn_job_0_92 id: None, status: initialized
2026-07-30 20:24:25,916 - pyiron_log - INFO - run job: murn_job_0_92 id: 1193, status: created
2026-07-30 20:24:25,933 - pyiron_log - INFO - job: murn_job_0_92 id: 1193, status: running, run job (modal)
2026-07-30 20:24:33,287 - pyiron_log - INFO - job: murn_job_0_92 id: 1193, status: running, output: mkfifo: cannot create fifo 'sxctrl': Operation not supported
mkfifo: cannot create fifo 'sxres': Operation not supported

2026-07-30 20:24:33,304 - pyiron_log - INFO - run job: murn_job_0_92 id: 1193, status: collect
2026-07-30 20:24:35,114 - pyiron_log - INFO - collect_errors() is not yet implemented for SPHInX
2026-07-30 20:24:35,115 - pyiron_log - INFO - collect_warnings() is not yet             implemented for SPHInX
2026-07-30 20:24:35,587 - pyiron_log - INFO - update master: 1191 1193 modal
2026-07-30 20:24:35,591 - pyiron_log - INFO - murn_job: finished job murn_job_0_92
2026-07-30 20:24:38,513 - pyiron_log - INFO - murn_job: run job murn_job_0_94
2026-07-30 20:24:38,519 - pyiron_log - INFO - run job: murn_job_0_94 id: None, status: initialized
2026-07-30 20:24:48,659 - pyiron_log - INFO - run job: murn_job_0_94 id: 1194, status: created
2026-07-30 20:24:48,673 - pyiron_log - INFO - job: murn_job_0_94 id: 1194, status: running, run job (modal)
2026-07-30 20:24:56,291 - pyiron_log - INFO - job: murn_job_0_94 id: 1194, status: running, output: mkfifo: cannot create fifo 'sxctrl': Operation not supported
mkfifo: cannot create fifo 'sxres': Operation not supported

2026-07-30 20:24:56,306 - pyiron_log - INFO - run job: murn_job_0_94 id: 1194, status: collect
2026-07-30 20:24:58,297 - pyiron_log - INFO - collect_errors() is not yet implemented for SPHInX
2026-07-30 20:24:58,298 - pyiron_log - INFO - collect_warnings() is not yet             implemented for SPHInX
2026-07-30 20:24:58,873 - pyiron_log - INFO - update master: 1191 1194 modal
2026-07-30 20:24:58,879 - pyiron_log - INFO - murn_job: finished job murn_job_0_94
2026-07-30 20:25:02,661 - pyiron_log - INFO - murn_job: run job murn_job_0_96
2026-07-30 20:25:02,667 - pyiron_log - INFO - run job: murn_job_0_96 id: None, status: initialized
2026-07-30 20:25:10,944 - pyiron_log - INFO - run job: murn_job_0_96 id: 1195, status: created
2026-07-30 20:25:10,958 - pyiron_log - INFO - job: murn_job_0_96 id: 1195, status: running, run job (modal)
2026-07-30 20:25:17,357 - pyiron_log - INFO - job: murn_job_0_96 id: 1195, status: running, output: mkfifo: cannot create fifo 'sxctrl': Operation not supported
mkfifo: cannot create fifo 'sxres': Operation not supported

2026-07-30 20:25:17,370 - pyiron_log - INFO - run job: murn_job_0_96 id: 1195, status: collect
2026-07-30 20:25:19,377 - pyiron_log - INFO - collect_errors() is not yet implemented for SPHInX
2026-07-30 20:25:19,378 - pyiron_log - INFO - collect_warnings() is not yet             implemented for SPHInX
2026-07-30 20:25:19,955 - pyiron_log - INFO - update master: 1191 1195 modal
2026-07-30 20:25:19,961 - pyiron_log - INFO - murn_job: finished job murn_job_0_96
2026-07-30 20:25:24,002 - pyiron_log - INFO - murn_job: run job murn_job_0_98
2026-07-30 20:25:24,013 - pyiron_log - INFO - run job: murn_job_0_98 id: None, status: initialized
2026-07-30 20:25:34,722 - pyiron_log - INFO - run job: murn_job_0_98 id: 1196, status: created
2026-07-30 20:25:34,736 - pyiron_log - INFO - job: murn_job_0_98 id: 1196, status: running, run job (modal)
2026-07-30 20:25:40,350 - pyiron_log - INFO - job: murn_job_0_98 id: 1196, status: running, output: mkfifo: cannot create fifo 'sxctrl': Operation not supported
mkfifo: cannot create fifo 'sxres': Operation not supported

2026-07-30 20:25:40,360 - pyiron_log - INFO - run job: murn_job_0_98 id: 1196, status: collect
2026-07-30 20:25:41,915 - pyiron_log - INFO - collect_errors() is not yet implemented for SPHInX
2026-07-30 20:25:41,915 - pyiron_log - INFO - collect_warnings() is not yet             implemented for SPHInX
2026-07-30 20:25:42,450 - pyiron_log - INFO - update master: 1191 1196 modal
2026-07-30 20:25:42,456 - pyiron_log - INFO - murn_job: finished job murn_job_0_98
2026-07-30 20:25:46,397 - pyiron_log - INFO - murn_job: run job murn_job_1_0
2026-07-30 20:25:46,409 - pyiron_log - INFO - run job: murn_job_1_0 id: None, status: initialized
2026-07-30 20:25:57,589 - pyiron_log - INFO - run job: murn_job_1_0 id: 1197, status: created
2026-07-30 20:25:57,603 - pyiron_log - INFO - job: murn_job_1_0 id: 1197, status: running, run job (modal)
2026-07-30 20:26:05,043 - pyiron_log - INFO - job: murn_job_1_0 id: 1197, status: running, output: mkfifo: cannot create fifo 'sxctrl': Operation not supported
mkfifo: cannot create fifo 'sxres': Operation not supported

2026-07-30 20:26:05,059 - pyiron_log - INFO - run job: murn_job_1_0 id: 1197, status: collect
2026-07-30 20:26:06,598 - pyiron_log - INFO - collect_errors() is not yet implemented for SPHInX
2026-07-30 20:26:06,599 - pyiron_log - INFO - collect_warnings() is not yet             implemented for SPHInX
2026-07-30 20:26:07,007 - pyiron_log - INFO - update master: 1191 1197 modal
2026-07-30 20:26:07,012 - pyiron_log - INFO - murn_job: finished job murn_job_1_0
2026-07-30 20:26:09,939 - pyiron_log - INFO - murn_job: run job murn_job_1_02
2026-07-30 20:26:09,950 - pyiron_log - INFO - run job: murn_job_1_02 id: None, status: initialized
2026-07-30 20:26:20,856 - pyiron_log - INFO - run job: murn_job_1_02 id: 1198, status: created
2026-07-30 20:26:20,870 - pyiron_log - INFO - job: murn_job_1_02 id: 1198, status: running, run job (modal)
2026-07-30 20:26:28,931 - pyiron_log - INFO - job: murn_job_1_02 id: 1198, status: running, output: mkfifo: cannot create fifo 'sxctrl': Operation not supported
mkfifo: cannot create fifo 'sxres': Operation not supported

2026-07-30 20:26:28,944 - pyiron_log - INFO - run job: murn_job_1_02 id: 1198, status: collect
2026-07-30 20:26:30,967 - pyiron_log - INFO - collect_errors() is not yet implemented for SPHInX
2026-07-30 20:26:30,968 - pyiron_log - INFO - collect_warnings() is not yet             implemented for SPHInX
2026-07-30 20:26:31,470 - pyiron_log - INFO - update master: 1191 1198 modal
2026-07-30 20:26:31,476 - pyiron_log - INFO - murn_job: finished job murn_job_1_02
2026-07-30 20:26:34,991 - pyiron_log - INFO - murn_job: run job murn_job_1_04
2026-07-30 20:26:34,997 - pyiron_log - INFO - run job: murn_job_1_04 id: None, status: initialized
2026-07-30 20:26:44,390 - pyiron_log - INFO - run job: murn_job_1_04 id: 1199, status: created
2026-07-30 20:26:44,406 - pyiron_log - INFO - job: murn_job_1_04 id: 1199, status: running, run job (modal)
2026-07-30 20:26:51,976 - pyiron_log - INFO - job: murn_job_1_04 id: 1199, status: running, output: mkfifo: cannot create fifo 'sxctrl': Operation not supported
mkfifo: cannot create fifo 'sxres': Operation not supported

2026-07-30 20:26:51,990 - pyiron_log - INFO - run job: murn_job_1_04 id: 1199, status: collect
2026-07-30 20:26:54,029 - pyiron_log - INFO - collect_errors() is not yet implemented for SPHInX
2026-07-30 20:26:54,030 - pyiron_log - INFO - collect_warnings() is not yet             implemented for SPHInX
2026-07-30 20:26:54,603 - pyiron_log - INFO - update master: 1191 1199 modal
2026-07-30 20:26:54,608 - pyiron_log - INFO - murn_job: finished job murn_job_1_04
2026-07-30 20:26:58,946 - pyiron_log - INFO - murn_job: run job murn_job_1_06
2026-07-30 20:26:58,954 - pyiron_log - INFO - run job: murn_job_1_06 id: None, status: initialized
2026-07-30 20:27:10,085 - pyiron_log - INFO - run job: murn_job_1_06 id: 1200, status: created
2026-07-30 20:27:10,098 - pyiron_log - INFO - job: murn_job_1_06 id: 1200, status: running, run job (modal)
2026-07-30 20:27:17,994 - pyiron_log - INFO - job: murn_job_1_06 id: 1200, status: running, output: mkfifo: cannot create fifo 'sxctrl': Operation not supported
mkfifo: cannot create fifo 'sxres': Operation not supported

2026-07-30 20:27:18,006 - pyiron_log - INFO - run job: murn_job_1_06 id: 1200, status: collect
2026-07-30 20:27:19,932 - pyiron_log - INFO - collect_errors() is not yet implemented for SPHInX
2026-07-30 20:27:19,933 - pyiron_log - INFO - collect_warnings() is not yet             implemented for SPHInX
2026-07-30 20:27:20,496 - pyiron_log - INFO - update master: 1191 1200 modal
2026-07-30 20:27:20,503 - pyiron_log - INFO - murn_job: finished job murn_job_1_06
2026-07-30 20:27:24,632 - pyiron_log - INFO - murn_job: run job murn_job_1_08
2026-07-30 20:27:24,640 - pyiron_log - INFO - run job: murn_job_1_08 id: None, status: initialized
2026-07-30 20:27:35,288 - pyiron_log - INFO - run job: murn_job_1_08 id: 1201, status: created
2026-07-30 20:27:35,303 - pyiron_log - INFO - job: murn_job_1_08 id: 1201, status: running, run job (modal)
2026-07-30 20:27:41,466 - pyiron_log - INFO - job: murn_job_1_08 id: 1201, status: running, output: mkfifo: cannot create fifo 'sxctrl': Operation not supported
mkfifo: cannot create fifo 'sxres': Operation not supported

2026-07-30 20:27:41,476 - pyiron_log - INFO - run job: murn_job_1_08 id: 1201, status: collect
2026-07-30 20:27:43,060 - pyiron_log - INFO - collect_errors() is not yet implemented for SPHInX
2026-07-30 20:27:43,060 - pyiron_log - INFO - collect_warnings() is not yet             implemented for SPHInX
2026-07-30 20:27:43,619 - pyiron_log - INFO - update master: 1191 1201 modal
2026-07-30 20:27:43,624 - pyiron_log - INFO - murn_job: finished job murn_job_1_08
2026-07-30 20:27:47,616 - pyiron_log - INFO - murn_job: run job murn_job_1_1
2026-07-30 20:27:47,623 - pyiron_log - INFO - run job: murn_job_1_1 id: None, status: initialized
2026-07-30 20:27:59,145 - pyiron_log - INFO - run job: murn_job_1_1 id: 1202, status: created
2026-07-30 20:27:59,160 - pyiron_log - INFO - job: murn_job_1_1 id: 1202, status: running, run job (modal)
2026-07-30 20:28:07,236 - pyiron_log - INFO - job: murn_job_1_1 id: 1202, status: running, output: mkfifo: cannot create fifo 'sxctrl': Operation not supported
mkfifo: cannot create fifo 'sxres': Operation not supported

2026-07-30 20:28:07,250 - pyiron_log - INFO - run job: murn_job_1_1 id: 1202, status: collect
2026-07-30 20:28:08,725 - pyiron_log - INFO - collect_errors() is not yet implemented for SPHInX
2026-07-30 20:28:08,726 - pyiron_log - INFO - collect_warnings() is not yet             implemented for SPHInX
2026-07-30 20:28:09,173 - pyiron_log - INFO - update master: 1191 1202 modal
2026-07-30 20:28:09,177 - pyiron_log - INFO - murn_job: finished job murn_job_1_1
2026-07-30 20:28:09,186 - pyiron_log - INFO - run job: murn_job id: 1191, status: collect
2026-07-30 20:28:09,187 - pyiron_log - INFO - job: murn_job id: 1191, status: collect, finished
2026-07-30 20:28:28,096 - pyiron_log - INFO - job: murn_job id: 1191, status: finished, parallel master
2026-07-30 20:28:28,098 - pyiron_log - INFO - update master: None 1191 modal
2026-07-30 20:28:31,682 - pyiron_log - INFO - run job: calc_potential id: None, status: initialized
2026-07-30 20:28:31,902 - pyiron_log - INFO - run job: calc_potential id: 1203, status: created
2026-07-30 20:28:48,732 - pyiron_log - INFO - run job: murn_job id: None, status: initialized
2026-07-30 20:28:49,034 - pyiron_log - INFO - run job: murn_job id: 1204, status: created
2026-07-30 20:28:49,040 - pyiron_log - INFO - job: murn_job id: 1204 run parallel master (modal)
2026-07-30 20:28:49,731 - pyiron_log - INFO - murn_job: run job murn_job_0_9
2026-07-30 20:28:49,737 - pyiron_log - INFO - run job: murn_job_0_9 id: None, status: initialized
2026-07-30 20:28:49,876 - pyiron_log - INFO - run job: murn_job_0_9 id: 1205, status: created
2026-07-30 20:29:00,646 - pyiron_log - INFO - murn_job: finished job murn_job_0_9
2026-07-30 20:29:01,136 - pyiron_log - INFO - murn_job: run job murn_job_0_92
2026-07-30 20:29:01,148 - pyiron_log - INFO - run job: murn_job_0_92 id: None, status: initialized
2026-07-30 20:29:01,333 - pyiron_log - INFO - run job: murn_job_0_92 id: 1206, status: created
2026-07-30 20:29:12,786 - pyiron_log - INFO - murn_job: finished job murn_job_0_92
2026-07-30 20:29:13,403 - pyiron_log - INFO - murn_job: run job murn_job_0_94
2026-07-30 20:29:13,412 - pyiron_log - INFO - run job: murn_job_0_94 id: None, status: initialized
2026-07-30 20:29:13,643 - pyiron_log - INFO - run job: murn_job_0_94 id: 1207, status: created
2026-07-30 20:29:24,140 - pyiron_log - INFO - murn_job: finished job murn_job_0_94
2026-07-30 20:29:24,645 - pyiron_log - INFO - murn_job: run job murn_job_0_96
2026-07-30 20:29:24,654 - pyiron_log - INFO - run job: murn_job_0_96 id: None, status: initialized
2026-07-30 20:29:24,863 - pyiron_log - INFO - run job: murn_job_0_96 id: 1208, status: created
2026-07-30 20:29:34,147 - pyiron_log - INFO - murn_job: finished job murn_job_0_96
2026-07-30 20:29:34,517 - pyiron_log - INFO - murn_job: run job murn_job_0_98
2026-07-30 20:29:34,527 - pyiron_log - INFO - run job: murn_job_0_98 id: None, status: initialized
2026-07-30 20:29:34,667 - pyiron_log - INFO - run job: murn_job_0_98 id: 1209, status: created
2026-07-30 20:29:45,115 - pyiron_log - INFO - murn_job: finished job murn_job_0_98
2026-07-30 20:29:45,619 - pyiron_log - INFO - murn_job: run job murn_job_1_0
2026-07-30 20:29:45,631 - pyiron_log - INFO - run job: murn_job_1_0 id: None, status: initialized
2026-07-30 20:29:45,829 - pyiron_log - INFO - run job: murn_job_1_0 id: 1210, status: created
2026-07-30 20:29:56,496 - pyiron_log - INFO - murn_job: finished job murn_job_1_0
2026-07-30 20:29:56,997 - pyiron_log - INFO - murn_job: run job murn_job_1_02
2026-07-30 20:29:57,005 - pyiron_log - INFO - run job: murn_job_1_02 id: None, status: initialized
2026-07-30 20:29:57,199 - pyiron_log - INFO - run job: murn_job_1_02 id: 1211, status: created
2026-07-30 20:30:07,140 - pyiron_log - INFO - murn_job: finished job murn_job_1_02
2026-07-30 20:30:07,615 - pyiron_log - INFO - murn_job: run job murn_job_1_04
2026-07-30 20:30:07,629 - pyiron_log - INFO - run job: murn_job_1_04 id: None, status: initialized
2026-07-30 20:30:07,804 - pyiron_log - INFO - run job: murn_job_1_04 id: 1212, status: created
2026-07-30 20:30:15,855 - pyiron_log - INFO - murn_job: finished job murn_job_1_04
2026-07-30 20:30:16,216 - pyiron_log - INFO - murn_job: run job murn_job_1_06
2026-07-30 20:30:16,221 - pyiron_log - INFO - run job: murn_job_1_06 id: None, status: initialized
2026-07-30 20:30:16,364 - pyiron_log - INFO - run job: murn_job_1_06 id: 1213, status: created
2026-07-30 20:30:25,847 - pyiron_log - INFO - murn_job: finished job murn_job_1_06
2026-07-30 20:30:26,347 - pyiron_log - INFO - murn_job: run job murn_job_1_08
2026-07-30 20:30:26,359 - pyiron_log - INFO - run job: murn_job_1_08 id: None, status: initialized
2026-07-30 20:30:26,550 - pyiron_log - INFO - run job: murn_job_1_08 id: 1214, status: created
2026-07-30 20:30:35,997 - pyiron_log - INFO - murn_job: finished job murn_job_1_08
2026-07-30 20:30:36,514 - pyiron_log - INFO - murn_job: run job murn_job_1_1
2026-07-30 20:30:36,526 - pyiron_log - INFO - run job: murn_job_1_1 id: None, status: initialized
2026-07-30 20:30:36,725 - pyiron_log - INFO - run job: murn_job_1_1 id: 1215, status: created
2026-07-30 20:30:46,575 - pyiron_log - INFO - murn_job: finished job murn_job_1_1
2026-07-30 20:30:46,588 - pyiron_log - INFO - run job: murn_job id: 1204, status: collect
2026-07-30 20:30:46,589 - pyiron_log - INFO - job: murn_job id: 1204, status: collect, finished
2026-07-30 20:30:47,987 - pyiron_log - INFO - job: murn_job id: 1204, status: finished, parallel master
2026-07-30 20:30:47,989 - pyiron_log - INFO - update master: None 1204 modal
2026-07-30 20:30:48,131 - pyiron_log - INFO - run job: relax_defect_1 id: None, status: initialized
2026-07-30 20:31:07,111 - pyiron_log - INFO - run job: relax_defect_1 id: 1216, status: created
2026-07-30 20:31:07,123 - pyiron_log - INFO - job: relax_defect_1 id: 1216, status: running, run job (modal)
2026-07-30 21:36:21,462 - pyiron_log - INFO - job: relax_defect_1 id: 1216, status: running, output: mkfifo: cannot create fifo 'sxctrl': Operation not supported
mkfifo: cannot create fifo 'sxres': Operation not supported

2026-07-30 21:36:21,477 - pyiron_log - INFO - run job: relax_defect_1 id: 1216, status: collect
2026-07-30 21:36:23,246 - pyiron_log - INFO - collect_errors() is not yet implemented for SPHInX
2026-07-30 21:36:23,247 - pyiron_log - INFO - collect_warnings() is not yet             implemented for SPHInX
2026-07-30 21:36:23,650 - pyiron_log - INFO - update master: None 1216 modal
2026-07-30 21:36:24,909 - pyiron_log - WARNING - Could not access indices, returning None!
2026-07-30 21:36:25,268 - pyiron_log - WARNING - Could not access indices, returning None!
2026-07-30 21:36:25,966 - pyiron_log - INFO - run job: calc_energy_og id: None, status: initialized
2026-07-30 21:36:26,144 - pyiron_log - INFO - run job: calc_energy_og id: 1217, status: created
2026-07-30 22:12:19,216 - pyiron_log - INFO - run job: relax_defect_2 id: None, status: initialized
2026-07-30 22:12:41,761 - pyiron_log - INFO - run job: relax_defect_2 id: 1218, status: created
2026-07-30 22:12:41,777 - pyiron_log - INFO - job: relax_defect_2 id: 1218, status: running, run job (modal)
2026-07-31 02:04:09,347 - pyiron_log - INFO - job: relax_defect_2 id: 1218, status: running, output: mkfifo: cannot create fifo 'sxctrl': Operation not supported
mkfifo: cannot create fifo 'sxres': Operation not supported

2026-07-31 02:04:09,360 - pyiron_log - INFO - run job: relax_defect_2 id: 1218, status: collect
2026-07-31 02:04:11,498 - pyiron_log - INFO - collect_errors() is not yet implemented for SPHInX
2026-07-31 02:04:11,499 - pyiron_log - INFO - collect_warnings() is not yet             implemented for SPHInX
2026-07-31 02:04:11,910 - pyiron_log - INFO - update master: None 1218 modal
2026-07-31 02:04:13,152 - pyiron_log - WARNING - Could not access indices, returning None!
2026-07-31 02:04:13,505 - pyiron_log - WARNING - Could not access indices, returning None!
2026-07-31 02:04:14,218 - pyiron_log - INFO - run job: calc_energy_defect id: None, status: initialized
2026-07-31 02:04:14,404 - pyiron_log - INFO - run job: calc_energy_defect id: 1219, status: created
2026-07-31 03:06:04,611 - pyiron_log - INFO - run job: calc_potential id: None, status: initialized
2026-07-31 03:06:04,756 - pyiron_log - INFO - run job: calc_potential id: 1220, status: created
2026-07-31 03:06:21,939 - pyiron_log - INFO - run job: relax_defect_1 id: None, status: initialized
2026-07-31 03:06:22,169 - pyiron_log - INFO - run job: relax_defect_1 id: 1221, status: created
2026-07-31 03:41:11,320 - pyiron_log - INFO - run job: calc_energy_og id: None, status: initialized
2026-07-31 03:41:11,463 - pyiron_log - INFO - run job: calc_energy_og id: 1222, status: created
2026-07-31 04:16:36,583 - pyiron_log - INFO - run job: murn_job id: None, status: initialized
2026-07-31 04:16:36,831 - pyiron_log - INFO - run job: murn_job id: 1223, status: created
2026-07-31 04:16:36,835 - pyiron_log - INFO - job: murn_job id: 1223 run parallel master (modal)
2026-07-31 04:16:37,252 - pyiron_log - INFO - murn_job: run job murn_job_0_9
2026-07-31 04:16:37,260 - pyiron_log - INFO - run job: murn_job_0_9 id: None, status: initialized
2026-07-31 04:16:37,424 - pyiron_log - INFO - run job: murn_job_0_9 id: 1224, status: created
2026-07-31 04:16:46,740 - pyiron_log - INFO - murn_job: finished job murn_job_0_9
2026-07-31 04:16:47,194 - pyiron_log - INFO - murn_job: run job murn_job_0_92
2026-07-31 04:16:47,200 - pyiron_log - INFO - run job: murn_job_0_92 id: None, status: initialized
2026-07-31 04:16:47,382 - pyiron_log - INFO - run job: murn_job_0_92 id: 1225, status: created
2026-07-31 04:16:57,047 - pyiron_log - INFO - murn_job: finished job murn_job_0_92
2026-07-31 04:16:57,526 - pyiron_log - INFO - murn_job: run job murn_job_0_94
2026-07-31 04:16:57,538 - pyiron_log - INFO - run job: murn_job_0_94 id: None, status: initialized
2026-07-31 04:16:57,712 - pyiron_log - INFO - run job: murn_job_0_94 id: 1226, status: created
2026-07-31 04:17:07,088 - pyiron_log - INFO - murn_job: finished job murn_job_0_94
2026-07-31 04:17:07,519 - pyiron_log - INFO - murn_job: run job murn_job_0_96
2026-07-31 04:17:07,529 - pyiron_log - INFO - run job: murn_job_0_96 id: None, status: initialized
2026-07-31 04:17:07,699 - pyiron_log - INFO - run job: murn_job_0_96 id: 1227, status: created
2026-07-31 04:17:16,557 - pyiron_log - INFO - murn_job: finished job murn_job_0_96
2026-07-31 04:17:17,019 - pyiron_log - INFO - murn_job: run job murn_job_0_98
2026-07-31 04:17:17,025 - pyiron_log - INFO - run job: murn_job_0_98 id: None, status: initialized
2026-07-31 04:17:17,154 - pyiron_log - INFO - run job: murn_job_0_98 id: 1228, status: created
2026-07-31 04:17:27,495 - pyiron_log - INFO - murn_job: finished job murn_job_0_98
2026-07-31 04:17:28,003 - pyiron_log - INFO - murn_job: run job murn_job_1_0
2026-07-31 04:17:28,015 - pyiron_log - INFO - run job: murn_job_1_0 id: None, status: initialized
2026-07-31 04:17:28,197 - pyiron_log - INFO - run job: murn_job_1_0 id: 1229, status: created
2026-07-31 04:17:38,166 - pyiron_log - INFO - murn_job: finished job murn_job_1_0
2026-07-31 04:17:38,654 - pyiron_log - INFO - murn_job: run job murn_job_1_02
2026-07-31 04:17:38,667 - pyiron_log - INFO - run job: murn_job_1_02 id: None, status: initialized
2026-07-31 04:17:38,867 - pyiron_log - INFO - run job: murn_job_1_02 id: 1230, status: created
2026-07-31 04:17:49,058 - pyiron_log - INFO - murn_job: finished job murn_job_1_02
2026-07-31 04:17:49,535 - pyiron_log - INFO - murn_job: run job murn_job_1_04
2026-07-31 04:17:49,542 - pyiron_log - INFO - run job: murn_job_1_04 id: None, status: initialized
2026-07-31 04:17:49,713 - pyiron_log - INFO - run job: murn_job_1_04 id: 1231, status: created
2026-07-31 04:17:58,112 - pyiron_log - INFO - murn_job: finished job murn_job_1_04
2026-07-31 04:17:58,479 - pyiron_log - INFO - murn_job: run job murn_job_1_06
2026-07-31 04:17:58,487 - pyiron_log - INFO - run job: murn_job_1_06 id: None, status: initialized
2026-07-31 04:17:58,618 - pyiron_log - INFO - run job: murn_job_1_06 id: 1232, status: created
2026-07-31 04:18:07,868 - pyiron_log - INFO - murn_job: finished job murn_job_1_06
2026-07-31 04:18:08,374 - pyiron_log - INFO - murn_job: run job murn_job_1_08
2026-07-31 04:18:08,384 - pyiron_log - INFO - run job: murn_job_1_08 id: None, status: initialized
2026-07-31 04:18:08,586 - pyiron_log - INFO - run job: murn_job_1_08 id: 1233, status: created
2026-07-31 04:18:18,013 - pyiron_log - INFO - murn_job: finished job murn_job_1_08
2026-07-31 04:18:18,520 - pyiron_log - INFO - murn_job: run job murn_job_1_1
2026-07-31 04:18:18,531 - pyiron_log - INFO - run job: murn_job_1_1 id: None, status: initialized
2026-07-31 04:18:18,722 - pyiron_log - INFO - run job: murn_job_1_1 id: 1234, status: created
2026-07-31 04:18:28,294 - pyiron_log - INFO - murn_job: finished job murn_job_1_1
2026-07-31 04:18:28,307 - pyiron_log - INFO - run job: murn_job id: 1223, status: collect
2026-07-31 04:18:28,308 - pyiron_log - INFO - job: murn_job id: 1223, status: collect, finished
2026-07-31 04:18:29,690 - pyiron_log - INFO - job: murn_job id: 1223, status: finished, parallel master
2026-07-31 04:18:29,693 - pyiron_log - INFO - update master: None 1223 modal
2026-07-31 04:18:29,796 - pyiron_log - INFO - run job: relax_defect_2 id: None, status: initialized
2026-07-31 04:18:29,967 - pyiron_log - INFO - run job: relax_defect_2 id: 1235, status: created
2026-07-31 05:31:56,387 - pyiron_log - INFO - run job: calc_energy_defect id: None, status: initialized
2026-07-31 05:31:56,513 - pyiron_log - INFO - run job: calc_energy_defect id: 1236, status: created
